timestamp,temperature,ph,turbidity,tds
2026-09-04T00:00:09.955Z,-59.56,5.38,1084.8,-247.2
2026-09-04T00:00:25.731Z,-30.31,5.31,1088.8,-5239.1
2026-09-04T00:00:40.227Z,3.12,5.36,1084.6,228.1
2026-09-04T00:00:54.691Z,22.19,5.33,1091.2,144
2026-09-04T00:01:08.419Z,23.75,5.33,1086.4,137.4
2026-09-04T00:01:22.179Z,7.38,5.36,1084.7,202.2
2026-09-04T00:01:36.771Z,-34.06,5.34,1091.8,-1642.6
2026-09-04T00:01:51.363Z,-46.69,5.34,1090,-450.5
2026-09-04T00:02:05.795Z,-55.06,5.38,1086.3,-298.7
2026-09-04T00:02:20.291Z,-54.31,5.33,1090.6,-316.1
2026-09-04T00:02:34.788Z,-61.25,5.32,1091.4,-235
2026-09-04T00:02:49.700Z,-64.44,5.35,1085.8,-227.5
2026-09-04T00:03:04.259Z,-31.88,5.35,1087.8,-2846.8
2026-09-04T00:03:18.788Z,22.38,5.35,1084.3,143.3
2026-09-04T00:03:32.579Z,24.19,5.33,1091.4,133.3
2026-09-04T00:03:47.107Z,-15.06,5.37,1084.8,698.5
2026-09-04T00:04:01.988Z,-54.19,5.35,1088.4,-305.8
2026-09-04T00:04:16.515Z,-61.75,5.39,1084.9,-237.2
2026-09-04T00:04:31.139Z,-58.94,5.35,1086.2,-252.2
2026-09-04T00:04:45.827Z,-63,5.33,1089,-228.1
2026-09-04T00:05:00.323Z,-68.75,5.37,1086.4,-189.9
2026-09-04T00:05:15.171Z,-66.19,5.37,1085.6,-205.1
2026-09-04T00:05:29.699Z,-54.06,5.38,1084.3,-320.4
2026-09-04T00:05:45.763Z,-65.31,5.37,1085.3,-208.5
2026-09-04T00:06:00.291Z,-68.75,5.3,1091.6,-186.4
2026-09-04T00:06:16.068Z,-66.81,5.37,1086.4,-199.1
2026-09-04T00:06:31.683Z,-55.31,5.31,1090.8,-290.8
2026-09-04T00:06:46.179Z,-68.75,5.34,1090.4,-185.7
2026-09-04T00:07:00.707Z,-21.19,5.31,1086,5734.5
2026-09-04T00:07:15.203Z,22.75,5.29,1087.1,141.1
2026-09-04T00:07:29.283Z,21.69,5.33,1085.4,141.5
2026-09-04T00:07:43.427Z,-11.56,5.29,1091.4,471.9
2026-09-04T00:07:57.604Z,-61,5.34,1089.8,-230.1
2026-09-04T00:08:12.100Z,-66.81,5.37,1084.6,-202.4
2026-09-04T00:08:26.723Z,-66.06,5.3,1088.5,-205.3
2026-09-04T00:08:41.604Z,-68.75,5.3,1088.9,-190.1
2026-09-04T00:08:56.100Z,-40.31,5.27,1091,-719.4
2026-09-04T00:09:10.692Z,-59.88,5.32,1088.2,-249.1
2026-09-04T00:09:25.251Z,19.88,5.33,1084.2,149.4
2026-09-04T00:09:40.067Z,22.38,5.28,1085,147.7
2026-09-04T00:09:54.211Z,-66.62,5.34,1087,-198.8
2026-09-04T00:10:08.771Z,-68.75,5.33,1086,-188.9
2026-09-04T00:10:23.267Z,-68.75,5.3,1087.7,-190.3
2026-09-04T00:10:37.667Z,-68.75,5.3,1091.8,-189.6
2026-09-04T00:10:52.867Z,-51.25,5.31,1091.8,-343.7
2026-09-04T00:11:07.811Z,6.56,5.27,1091.4,200.9
2026-09-04T00:11:21.923Z,15,5.31,1091,162.8
2026-09-04T00:11:36.068Z,-43.5,5.29,1091.7,-550.1
2026-09-04T00:11:50.564Z,-55.31,5.34,1086,-301
2026-09-04T00:12:17.059Z,-62.81,5.36,1084.6,-224.8
2026-09-04T00:12:31.971Z,-68.31,5.35,1084.9,-198.7
2026-09-04T00:12:46.371Z,-68.75,5.32,1088.8,-191.7
2026-09-04T00:13:05.891Z,-63.44,5.29,1091.6,-219.4
2026-09-04T00:13:22.532Z,-2.44,5.32,1085.8,284.8
2026-09-04T00:13:37.635Z,22.44,5.28,1091.2,140.6
2026-09-04T00:13:52.195Z,22.06,5.28,1091.2,141.3
2026-09-04T00:14:05.891Z,-49.81,5.36,1086.4,-381.1
2026-09-04T00:14:21.092Z,-64.56,5.36,1085.8,-216
2026-09-04T00:14:35.587Z,-68.56,5.33,1090.6,-192.7
2026-09-04T00:14:51.587Z,-68.75,5.37,1087.6,-188.3
2026-09-04T00:15:06.116Z,-60.5,5.38,1087.4,-249.1
2026-09-04T00:15:21.859Z,-46.69,5.36,1088,-452.1
2026-09-04T00:15:36.355Z,16.81,5.39,1085.2,159.2
2026-09-04T00:15:51.299Z,8.5,5.36,1086,196.2
2026-09-04T00:16:05.795Z,-46.31,5.37,1086.8,-472.4
2026-09-04T00:16:20.291Z,-51.19,5.36,1088.4,-356
2026-09-04T00:16:34.724Z,-56.25,5.4,1085.7,-287.7
2026-09-04T00:16:49.188Z,-59.88,5.33,1091.8,-246.6
2026-09-04T00:17:03.651Z,-58.88,5.4,1087.8,-260.8
2026-09-04T00:17:18.435Z,-64.69,5.39,1086.4,-210.4
2026-09-04T00:17:32.931Z,-68.44,5.32,1091.6,-191.4
2026-09-04T00:17:47.523Z,-68.75,5.31,1091.6,-188.9
2026-09-04T00:18:02.083Z,-15.06,5.36,1085.6,724.1
2026-09-04T00:18:16.611Z,19.06,5.3,1089.6,153.2
2026-09-04T00:18:31.140Z,22,5.29,1089.5,144
2026-09-04T00:18:44.867Z,-12.44,5.33,1085.2,526.3
2026-09-04T00:18:59.331Z,-66.5,5.33,1086.7,-207.4
2026-09-04T00:19:13.764Z,-68.25,5.33,1087,-189.8
2026-09-04T00:19:28.227Z,-68.75,5.36,1086.5,-190.4
2026-09-04T00:19:43.044Z,-68.75,5.36,1084.4,-194.2
2026-09-04T00:19:57.540Z,-68.75,5.35,1086.1,-194
2026-09-04T00:20:12.931Z,-68.75,5.33,1091,-183.5
2026-09-04T00:20:27.428Z,-68.75,5.33,1091.7,-186.6
2026-09-04T00:20:53.380Z,-27.38,5.35,1086.2,-34985.8
2026-09-04T00:21:07.875Z,-68.75,5.37,1088.3,-188.3
2026-09-04T00:21:22.243Z,-68.75,5.33,1090,-189.2
2026-09-04T00:21:37.156Z,-68.75,5.3,1091.6,-185.3
2026-09-04T00:21:52.099Z,-68.75,5.33,1089.1,-188.2
2026-09-04T00:22:06.500Z,-68.75,5.36,1088.4,-190.4
2026-09-04T00:22:20.963Z,-68.75,5.33,1089,-187.3
2026-09-04T00:22:36.452Z,-9,5.29,1091.4,394.1
2026-09-04T00:22:50.564Z,23.19,5.33,1084.3,144.2
2026-09-04T00:23:04.643Z,19.62,5.28,1091.3,147.8
2026-09-04T00:23:18.724Z,-20.75,5.35,1089.2,4027.1
2026-09-04T00:23:34.116Z,-68.75,5.31,1091.8,-188
2026-09-04T00:23:48.580Z,-68.75,5.36,1085.1,-194.7
2026-09-04T00:24:03.044Z,-68.75,5.37,1087.2,-185.9
2026-09-04T00:24:18.435Z,-67.19,5.37,1087.4,-196
2026-09-04T00:24:32.771Z,-65.69,5.31,1091.8,-203.4
2026-09-04T00:24:47.619Z,-68.75,5.35,1085.4,-190.9
2026-09-04T00:25:02.115Z,-56.44,5.31,1091.6,-278
2026-09-04T00:25:16.579Z,11.19,5.31,1091.5,179
2026-09-04T00:25:31.076Z,22.75,5.32,1091.4,139.8
2026-09-04T00:25:44.804Z,22.25,5.35,1085.6,139.8
2026-09-04T00:25:59.172Z,22.06,5.35,1084.7,145.1
2026-09-04T00:26:12.932Z,22.06,5.32,1085.8,144.4
2026-09-04T00:26:27.780Z,21.94,5.25,1090.7,147
2026-09-04T00:26:42.211Z,21.38,5.25,1087.3,153.2
2026-09-04T00:26:57.124Z,21.44,5.24,1090.1,153.5
2026-09-04T00:27:11.267Z,22.56,5.28,1085.6,145.3
2026-09-04T00:27:24.996Z,-56.62,5.33,1084.6,-290.3
2026-09-04T00:27:39.427Z,-68.75,5.36,1086.4,-190.9
2026-09-04T00:27:54.307Z,-68,5.33,1088.6,-196.2
2026-09-04T00:28:08.772Z,-55.62,5.3,1089.8,-288.9
2026-09-04T00:28:33.251Z,-9.5,5.32,1085.6,415.2
2026-09-04T00:28:48.804Z,-68.75,5.35,1085.8,-192.9
2026-09-04T00:29:03.875Z,-68.75,5.32,1091.9,-188.9
2026-09-04T00:29:19.363Z,-68.75,5.32,1086.8,-193.6
2026-09-04T00:29:33.827Z,-68.75,5.33,1090.4,-188.2
2026-09-04T00:29:48.355Z,-68.75,5.37,1085,-190.4
2026-09-04T00:30:02.915Z,-68.75,5.33,1091.2,-190.8
2026-09-04T00:30:17.827Z,-68.75,5.36,1090,-186.3
2026-09-04T00:30:32.291Z,-68.75,5.33,1091.8,-186
2026-09-04T00:30:46.755Z,-68.75,5.37,1089.8,-192.4
2026-09-04T00:31:01.924Z,-68.75,5.36,1086.4,-189.1
2026-09-04T00:31:16.451Z,-60.62,5.33,1090.5,-235.9
2026-09-04T00:31:32.291Z,22.12,5.33,1084,145.5
2026-09-04T00:31:46.019Z,8,5.29,1090,199.4
2026-09-04T00:32:01.220Z,-47.38,5.35,1084.6,-437.6
2026-09-04T00:32:15.748Z,-68.75,5.33,1088.3,-189.1
2026-09-04T00:32:30.307Z,-68.75,5.33,1089.6,-188.2
2026-09-04T00:32:45.156Z,18.94,5.3,1091.4,149.8
2026-09-04T00:32:59.267Z,24,5.34,1084.8,138.5
2026-09-04T00:33:12.964Z,16.25,5.32,1087.3,159.4
2026-09-04T00:33:27.044Z,-36.69,5.29,1091.6,-1110.2
2026-09-04T00:33:41.540Z,-68.75,5.38,1085.2,-195.3
2026-09-04T00:33:56.483Z,-68.75,5.34,1092,-187.8
2026-09-04T00:34:10.884Z,-68.75,5.38,1087.4,-185.7
2026-09-04T00:34:25.380Z,-68.75,5.38,1085.6,-192.6
2026-09-04T00:34:39.876Z,-61.06,5.35,1091.2,-235.4
2026-09-04T00:34:54.403Z,-8.5,5.3,1091.6,383
2026-09-04T00:35:08.867Z,24.56,5.36,1085.8,134.3
2026-09-04T00:35:22.564Z,23.19,5.35,1086.1,142
2026-09-04T00:35:37.124Z,22.12,5.36,1086.8,140.8
2026-09-04T00:35:50.852Z,-5.88,5.31,1091.6,327.3
2026-09-04T00:36:05.987Z,-68.75,5.38,1087,-192
2026-09-04T00:36:20.739Z,-68.75,5.38,1084.9,-191.9
2026-09-04T00:36:35.235Z,-68.75,5.39,1085.3,-189.6
2026-09-04T00:36:49.699Z,-68.75,5.35,1092,-188.5
2026-09-04T00:37:04.195Z,-68.75,5.36,1091,-189.1
2026-09-04T00:37:18.692Z,-68.75,5.38,1085.3,-193.8
2026-09-04T00:37:33.540Z,-67.31,5.32,1091.8,-193
2026-09-04T00:37:48.708Z,-11.19,5.37,1086.6,456.9
2026-09-04T00:38:02.788Z,-6.75,5.3,1091.4,347.2
2026-09-04T00:38:16.931Z,-68.75,5.31,1092,-187.6
2026-09-04T00:38:31.331Z,-68.75,5.37,1084.9,-195
2026-09-04T00:38:46.179Z,-68.75,5.38,1085,-193.3
2026-09-04T00:39:00.644Z,-67.38,5.33,1091.6,-195.6
2026-09-04T00:39:15.139Z,-65.31,5.36,1085.4,-210
2026-09-04T00:39:29.571Z,-62.25,5.33,1090.5,-222.7
2026-09-04T00:39:44.516Z,-61.5,5.35,1084.7,-236.9
2026-09-04T00:40:00.227Z,-58.31,5.3,1091.4,-264.3
2026-09-04T00:40:14.724Z,-54.88,5.31,1090.4,-296.4
2026-09-04T00:40:29.219Z,-53.12,5.33,1085,-327.2
2026-09-04T00:40:43.716Z,-50.38,5.33,1084.4,-373.2
2026-09-04T00:40:58.179Z,-63.38,5.32,1088.6,-218.6
2026-09-04T00:41:13.444Z,-68.75,5.3,1087.3,-192.4
2026-09-04T00:41:27.972Z,-68.75,5.3,1091.6,-189.6
2026-09-04T00:41:42.500Z,-68.75,5.31,1090.4,-192.6
2026-09-04T00:41:56.995Z,-68.75,5.36,1087.8,-190.4
2026-09-04T00:42:11.492Z,-68.75,5.36,1090.7,-189.6
2026-09-04T00:42:37.539Z,-68.75,5.36,1088.1,-187.3
2026-09-04T00:42:52.995Z,-27.12,5.33,1091,-44452
2026-09-04T00:43:08.323Z,-68.75,5.36,1091,-189.6
2026-09-04T00:43:33.675Z,-68.75,5.35,1090.4,-186.6
2026-09-04T00:43:48.548Z,-68.75,5.32,1092.1,-186.4
2026-09-04T00:44:23.908Z,-68.75,5.37,1091,-188
2026-09-04T00:44:39.171Z,-60.56,5.37,1085.8,-241.6
2026-09-04T00:44:53.988Z,6.38,5.34,1089.7,207.9
2026-09-04T00:45:08.067Z,-44.94,5.36,1088.8,-497.8
2026-09-04T00:45:22.531Z,-68.75,5.36,1088.6,-191.7
2026-09-04T00:45:37.091Z,-68.75,5.36,1090.9,-185.7
2026-09-04T00:45:51.620Z,-68.75,5.36,1088.4,-191.7
2026-09-04T00:46:06.468Z,-68.75,5.41,1085.4,-191.1
2026-09-04T00:46:21.891Z,23.81,5.37,1085.4,139
2026-09-04T00:46:35.651Z,7.19,5.33,1088.4,201.3
2026-09-04T00:46:49.764Z,-55.62,5.34,1090.2,-296.6
2026-09-04T00:47:04.163Z,-68.75,5.34,1091.8,-190.9
2026-09-04T00:47:19.140Z,-68.75,5.35,1087.5,-195.6
2026-09-04T00:47:33.732Z,-68.75,5.37,1085.4,-192
2026-09-04T00:47:48.227Z,-40.62,5.37,1085.2,-722.7
2026-09-04T00:48:03.748Z,23.75,5.36,1086.6,138.4
2026-09-04T00:48:17.571Z,-15.94,5.37,1084.9,820.3
2026-09-04T00:48:32.547Z,-68.75,5.4,1085.6,-189.9
2026-09-04T00:48:47.043Z,-68.75,5.39,1087,-186.2
2026-09-04T00:49:01.860Z,-68.75,5.39,1086.3,-190.4
2026-09-04T00:49:17.283Z,22.25,5.32,1090,138.7
2026-09-04T00:49:31.044Z,6.88,5.31,1088.2,208.9
2026-09-04T00:49:45.571Z,24.31,5.35,1084.2,139.7
2026-09-04T00:49:59.299Z,24,5.29,1091.2,135.8
2026-09-04T00:50:13.124Z,-14.31,5.3,1088.8,617.9
2026-09-04T00:50:27.619Z,-54.25,5.35,1086.3,-310
2026-09-04T00:50:42.116Z,-68.75,5.37,1086.8,-188.2
2026-09-04T00:51:08.323Z,-68.75,5.32,1091.8,-184.7
2026-09-04T00:51:22.756Z,-68.75,5.38,1085.2,-195.2
2026-09-04T00:51:37.347Z,-67.69,5.32,1091.6,-197.9
2026-09-04T00:51:51.875Z,-59.31,5.36,1085.2,-258.2
2026-09-04T00:52:06.692Z,-59.38,5.35,1086.2,-256.4
2026-09-04T00:52:21.187Z,-56.62,5.31,1091.4,-281.8
2026-09-04T00:52:35.651Z,-62.19,5.28,1091.6,-230.3
2026-09-04T00:52:50.211Z,-68.06,5.33,1085.7,-201.4
2026-09-04T00:53:05.572Z,-68.75,5.31,1091.9,-189.5
2026-09-04T00:53:20.419Z,-68.75,5.34,1088.8,-188.7
2026-09-04T00:53:35.716Z,-64,5.31,1090.2,-220.7
2026-09-04T00:53:50.243Z,-68.75,5.35,1091.8,-189.5
2026-09-04T00:54:05.667Z,7.44,5.28,1090,207
2026-09-04T00:54:20.163Z,6.69,5.34,1084.9,209
2026-09-04T00:54:35.044Z,-22.88,5.34,1087.6,31784.1
2026-09-04T00:54:49.635Z,-68.75,5.34,1089.5,-194.2
2026-09-04T00:55:04.219Z,-68.75,5.4,1086.2,-191.5
2026-09-04T00:55:40.419Z,-68.75,5.35,1091.3,-187.2
2026-09-04T00:55:56.323Z,-3.69,5.32,1091.5,296.8
2026-09-04T00:56:10.471Z,-50.94,5.32,1091.8,-357.6
2026-09-04T00:56:25.539Z,-68.75,5.36,1091.6,-183.1
2026-09-04T00:56:39.972Z,-68.75,5.4,1085.2,-192.9
2026-09-04T00:56:55.588Z,-68.75,5.4,1085.3,-194
2026-09-04T00:57:10.052Z,-68.75,5.4,1086.4,-192
2026-09-04T00:57:24.964Z,-68.75,5.36,1089.7,-188.2
2026-09-04T00:57:39.460Z,-59.31,5.34,1091.9,-250.3
2026-09-04T00:57:54.980Z,14.88,5.33,1089.4,170.9
2026-09-04T00:58:09.540Z,-42.62,5.34,1089.8,-606.1
2026-09-04T00:58:24.740Z,-68.75,5.4,1088.2,-191.5
2026-09-04T00:58:49.636Z,-68.75,5.37,1090.7,-190.1
2026-09-04T00:59:04.163Z,-50.94,5.38,1084.8,-361.8
2026-09-04T00:59:20.067Z,23.12,5.31,1089.6,140.7
2026-09-04T00:59:33.827Z,-46.81,5.37,1087.2,-440
2026-09-04T00:59:48.323Z,-68.75,5.34,1089.8,-191.7
2026-09-04T01:00:02.787Z,-68.75,5.4,1086.6,-189.4
2026-09-04T01:00:17.315Z,19.69,5.33,1091.6,148.5
2026-09-04T01:00:31.811Z,24.25,5.33,1087.6,136.7
2026-09-04T01:00:45.572Z,-13.88,5.28,1091.4,620.4
2026-09-04T01:01:00.868Z,-58.12,5.35,1087.7,-265
2026-09-04T01:01:15.396Z,-57.75,5.33,1089.2,-272.6
2026-09-04T01:01:29.988Z,-56.62,5.31,1088.6,-283.3
2026-09-04T01:01:45.187Z,-57.62,5.29,1091.6,-266.4
2026-09-04T01:01:59.780Z,-52.94,5.29,1091.5,-328.1
2026-09-04T01:02:14.500Z,-44.12,5.3,1087.8,-555.3
2026-09-04T01:02:28.995Z,-48.5,5.33,1084.6,-428
2026-09-04T01:02:43.651Z,-44.44,5.31,1088.1,-552.9
2026-09-04T01:02:58.627Z,-64.44,5.34,1084.6,-226.3
2026-09-04T01:03:13.540Z,-68.75,5.36,1084.9,-196.9
2026-09-04T01:03:28.036Z,-68.75,5.3,1092,-189
2026-09-04T01:03:42.596Z,-68.75,5.39,1084.8,-197.2
2026-09-04T01:05:58.435Z,-68.75,5.37,1088.5,-191.1
2026-09-04T01:06:14.787Z,-68.75,5.35,1088,-188.5
2026-09-04T01:06:29.187Z,-68.75,5.36,1089.3,-191.1
2026-09-04T01:06:43.683Z,-68.75,5.36,1089.6,-197.8
2026-09-04T01:06:58.307Z,-68.75,5.4,1085.6,-191.4
2026-09-04T01:07:12.804Z,-68.75,5.3,1091.8,-191.7
2026-09-04T01:07:27.619Z,-68.75,5.32,1090.8,-188.2
2026-09-04T01:07:42.179Z,-68.75,5.32,1091.8,-183.8
2026-09-04T01:07:56.707Z,-68.75,5.36,1085.6,-195.4
2026-09-04T01:08:51.395Z,-68.75,5.42,1085.6,-195.2
2026-09-04T01:09:06.756Z,-68.75,5.39,1085.5,-193.3
2026-09-04T01:09:21.219Z,-68.75,5.41,1085.8,-194.9
2026-09-04T01:09:35.779Z,-68.75,5.34,1090.7,-188
2026-09-04T01:09:51.267Z,-68.75,5.37,1086.8,-192.6
2026-09-04T01:11:46.147Z,-68.75,5.41,1090.2,-186.3
2026-09-04T01:12:03.588Z,-68.75,5.42,1085.8,-190.9
2026-09-04T01:12:18.084Z,-29.94,5.37,1087.7,-5977.6
2026-09-04T01:12:33.572Z,-19.44,5.36,1090.7,2031.2
2026-09-04T01:12:59.716Z,-40.31,5.38,1085.8,-761.6
2026-09-04T01:13:14.627Z,-68.75,5.41,1085.3,-192.7
2026-09-04T01:13:29.219Z,-68.75,5.43,1085.6,-188.3
2026-09-04T01:13:43.756Z,-68.75,5.4,1086.6,-192.7
2026-09-04T01:13:58.327Z,-68.75,5.42,1086.7,-189.9
2026-09-04T01:14:12.996Z,-68.75,5.41,1088.1,-187.1
2026-09-04T01:14:27.939Z,-68.75,5.37,1092.2,-182.5
2026-09-04T01:14:43.683Z,-68.75,5.36,1092.2,-187
2026-09-04T01:14:58.211Z,-68.75,5.38,1089.2,-192.4
2026-09-04T01:15:12.739Z,-68.75,5.4,1085,-194.5
2026-09-04T01:15:27.235Z,-68.75,5.39,1086.8,-187.6
2026-09-04T01:15:42.115Z,-66.5,5.33,1090.6,-203.1
2026-09-04T01:15:56.548Z,-64.12,5.38,1084.8,-225.2
2026-09-04T01:16:11.139Z,-66.06,5.34,1091.3,-198.7
2026-09-04T01:16:25.667Z,-65.06,5.38,1084.7,-215.9
2026-09-04T01:16:40.195Z,-68.75,5.34,1091.1,-186.6
2026-09-04T01:16:55.203Z,-68.75,5.38,1086,-192.2
2026-09-04T01:17:09.699Z,-68.75,5.35,1089.3,-193.8
2026-09-04T01:17:24.227Z,-68.75,5.37,1087.2,-198.7
2026-09-04T01:17:38.755Z,-68.75,5.41,1085.9,-189.9
2026-09-04T01:17:53.251Z,-68.75,5.4,1090.7,-186.6
2026-09-04T01:18:08.035Z,-60.81,5.34,1092,-239.8
2026-09-04T01:18:22.499Z,-41.69,5.33,1091.8,-642.3
2026-09-04T01:18:37.060Z,-28.06,5.34,1090,-17992.6
2026-09-04T01:18:51.555Z,-21,5.31,1089.9,5144
2026-09-04T01:19:06.052Z,-15.94,5.34,1085.4,873.4
2026-09-04T01:19:21.124Z,-12.56,5.28,1091.2,528.7
2026-09-04T01:19:35.619Z,-3.88,5.28,1091.2,310.9
2026-09-04T01:19:49.700Z,-2.62,5.28,1091.2,292
2026-09-04T01:20:03.843Z,1.69,5.3,1085.8,259.4
2026-09-04T01:20:17.987Z,5.31,5.28,1087.2,223.1
2026-09-04T01:20:32.451Z,2,5.3,1084.8,254.7
2026-09-04T01:20:47.492Z,-26.69,5.29,1087.4,-99222.7
2026-09-04T01:21:02.147Z,-49.94,5.33,1084.6,-399
2026-09-04T01:21:26.083Z,-68.75,5.37,1085.8,-192.9
2026-09-04T01:21:41.539Z,-68.75,5.31,1092,-186
2026-09-04T01:21:56.036Z,-68.75,5.36,1090.8,-187.8
2026-09-04T01:22:10.499Z,-59.69,5.29,1092,-247.4
2026-09-04T01:22:25.036Z,-59.69,5.35,1089.2,-249.7
2026-09-04T01:24:09.915Z,-59.69,5.4,1087.8,-243.5
2026-09-04T01:24:25.795Z,-68.75,5.39,1086.8,-192.9
2026-09-04T01:24:40.323Z,-68.75,5.41,1086.8,-189.1
2026-09-04T01:24:54.852Z,-68.75,5.35,1092.3,-184.2
2026-09-04T01:25:09.315Z,-64.12,5.35,1091.8,-216.7
2026-09-04T01:25:23.812Z,-55.06,5.39,1085.5,-299.8
2026-09-04T01:25:38.628Z,-45.81,5.37,1084.7,-496.3
2026-09-04T01:25:53.156Z,-43.69,5.32,1090.6,-574.7
2026-09-04T01:26:07.620Z,-50.88,5.36,1086,-367.4
2026-09-04T01:26:22.147Z,-68.75,5.34,1092,-187.6
2026-09-04T01:26:37.667Z,-68.75,5.34,1092,-192.9
2026-09-04T01:26:52.644Z,-68.75,5.34,1090.7,-189.9
2026-09-04T01:27:07.108Z,-68.75,5.39,1086.5,-188.9
2026-09-04T01:27:21.611Z,-68.75,5.4,1085.9,-191.7
2026-09-04T01:27:36.227Z,-68.75,5.36,1089.7,-187.6
2026-09-04T01:27:50.755Z,-68.75,5.36,1087.1,-195.9
2026-09-04T01:28:05.635Z,-68.75,5.4,1085.8,-194
2026-09-04T01:28:20.164Z,-68.75,5.38,1091.7,-185.5
2026-09-04T01:28:34.660Z,-68.75,5.39,1086.4,-186.8
2026-09-04T01:29:00.036Z,-68.75,5.37,1092.4,-185
2026-09-04T01:29:24.676Z,-68.75,5.36,1092.2,-188
2026-09-04T01:29:39.139Z,-54.56,5.37,1087,-308.5
2026-09-04T01:29:53.572Z,-28.5,5.4,1089.6,-12608.1
2026-09-04T01:30:08.163Z,-27.19,5.39,1089,-40964.6
2026-09-04T01:30:23.043Z,-13.12,5.37,1087.2,547.4
2026-09-04T01:30:37.571Z,1.06,5.33,1086.7,254.5
2026-09-04T01:30:51.747Z,-68.75,5.34,1092.2,-192.7
2026-09-04T01:31:06.275Z,-68.75,5.36,1091.2,-192.6
2026-09-04T01:31:20.739Z,-68.75,5.39,1087.6,-193.3
2026-09-04T01:32:18.251Z,-68.75,5.38,1089,-194
2026-09-04T01:32:32.771Z,-68.75,5.35,1092.4,-193.7
2026-09-04T01:32:48.643Z,-68.75,5.4,1091,-191.5
2026-09-04T01:33:03.107Z,-68.75,5.37,1090.4,-187.1
2026-09-04T01:33:18.147Z,-68.75,5.39,1085.2,-196.7
2026-09-04T01:33:32.707Z,-55.94,5.35,1088,-291.2
2026-09-04T01:33:47.267Z,-53.81,5.32,1091.6,-315.3
2026-09-04T01:34:02.116Z,-53.12,5.34,1089.8,-324.9
2026-09-04T01:34:16.643Z,-68.75,5.38,1085.6,-195.2
2026-09-04T01:34:31.140Z,-68.75,5.31,1092,-191.3
2026-09-04T01:34:45.668Z,-68.75,5.36,1086,-196.6
2026-09-04T01:35:00.964Z,-68.75,5.38,1085.2,-195
2026-09-04T01:35:15.844Z,-68.75,5.38,1086.3,-197.2
2026-09-04T01:35:30.404Z,-68.75,5.36,1087.4,-188
2026-09-04T01:35:44.964Z,-68.75,5.35,1089.9,-195.4
2026-09-04T01:35:59.460Z,-65.12,5.36,1090.6,-210.5
2026-09-04T01:36:14.915Z,-68.75,5.39,1088,-192.2
2026-09-04T01:36:29.827Z,-68.75,5.41,1086.3,-190.2
2026-09-04T01:36:44.355Z,-68.75,5.41,1085.2,-194.2
2026-09-04T01:36:58.916Z,-60.81,5.4,1085.2,-245.2
2026-09-04T01:37:13.412Z,-44.88,5.38,1084.8,-530.8
2026-09-04T01:37:27.876Z,-48.31,5.37,1087,-414.2
2026-09-04T01:37:43.715Z,-48,5.37,1085.7,-421.5
2026-09-04T01:37:59.299Z,-68.75,5.39,1085.8,-196.7
2026-09-04T01:38:13.892Z,-68.75,5.38,1086,-193
2026-09-04T01:38:28.259Z,-68.75,5.37,1089.3,-190.5
2026-09-04T01:38:42.756Z,-68.75,5.36,1091.7,-191.9
2026-09-04T01:38:57.636Z,-68.75,5.41,1087.6,-190.9
2026-09-04T01:39:12.163Z,-68.75,5.36,1092.3,-185.9
2026-09-04T01:39:26.660Z,-68.75,5.41,1088.8,-190.8
2026-09-04T01:39:42.052Z,-68.75,5.42,1085.4,-199.8
2026-09-04T01:39:56.547Z,-65.69,5.4,1086.2,-216
2026-09-04T01:40:11.459Z,-50.94,5.37,1090.8,-363.9
2026-09-04T01:40:26.467Z,-46.5,5.31,1091.8,-455.3
2026-09-04T01:40:41.092Z,-23.81,5.3,1090.2,194684.9
2026-09-04T01:40:55.588Z,-18,5.36,1086,1280
2026-09-04T01:41:10.052Z,-30.75,5.32,1091.6,-4225.6
2026-09-04T01:41:24.964Z,-52.75,5.33,1088.4,-341.9
2026-09-04T01:41:39.395Z,-53.44,5.35,1085.4,-338.2
2026-09-04T01:41:53.860Z,-62.12,5.38,1085.2,-237
2026-09-04T01:42:08.419Z,-68.75,5.32,1091.9,-190.8
2026-09-04T01:42:22.915Z,-68.75,5.35,1091.8,-189.5
2026-09-04T01:42:37.827Z,-68.75,5.35,1087,-195.5
2026-09-04T01:42:52.964Z,-50.19,5.36,1084.7,-389.6
2026-09-04T01:43:19.203Z,-68.75,5.37,1092.1,-188.3
2026-09-04T01:43:33.795Z,-68.75,5.39,1090.9,-188.9
2026-09-04T01:43:48.579Z,-65.19,5.41,1086.9,-216.1
2026-09-04T01:44:03.075Z,-35.75,5.37,1092,-1192.2
2026-09-04T01:44:17.603Z,-41.62,5.36,1091.8,-639.4
2026-09-04T01:44:32.996Z,-30.31,5.37,1086.7,-4947.7
2026-09-04T01:44:47.492Z,-20.06,5.37,1089.8,2688.6
2026-09-04T01:45:02.371Z,-16.38,5.31,1088.2,922.8
2026-09-04T01:45:17.923Z,-8.25,5.32,1090.8,377.9
2026-09-04T01:45:32.099Z,-7.69,5.33,1085.2,387.4
2026-09-04T01:45:46.211Z,-9,5.32,1088.9,410.4
2026-09-04T01:46:00.291Z,-8.94,5.35,1084.4,413.5
2026-09-04T01:46:14.819Z,-12.75,5.34,1084.8,569.5
2026-09-04T01:46:29.283Z,-61.94,5.35,1086.6,-236.7
2026-09-04T01:46:43.875Z,-68.75,5.3,1091.9,-193.1
2026-09-04T01:46:58.371Z,-68.75,5.36,1091.2,-189
2026-09-04T01:47:12.995Z,-68.75,5.37,1085.2,-195.4
2026-09-04T01:47:27.940Z,-68.75,5.32,1092.1,-192.1
2026-09-04T01:47:42.403Z,-68.75,5.39,1086.5,-190.3
2026-09-04T01:47:57.667Z,-68.75,5.38,1086.4,-195.3
2026-09-04T01:48:22.235Z,-68.75,5.41,1086.8,-195.8
2026-09-04T01:50:19.019Z,-68.75,5.41,1086.2,-190.9
2026-09-04T01:50:34.852Z,-68.75,5.37,1092.4,-186.6
2026-09-04T01:50:49.347Z,-61.31,5.35,1089.1,-238.5
2026-09-04T01:51:03.876Z,-42.06,5.36,1088.6,-645.3
2026-09-04T01:51:19.203Z,-27.69,5.34,1087.8,-27084.5
2026-09-04T01:51:45.827Z,-31.75,5.36,1084.6,-3232.3
2026-09-04T01:52:00.739Z,-25.56,5.34,1086.6,-2245920.9
2026-09-04T01:52:15.235Z,-26.38,5.36,1084.9,-160495.4
2026-09-04T01:52:29.827Z,-19.75,5.36,1085.9,2407.2
2026-09-04T01:52:44.291Z,-23.44,5.29,1091.6,83615.3
2026-09-04T01:52:59.459Z,-20.38,5.36,1085.3,3451.9
2026-09-04T01:53:14.307Z,-6.69,5.35,1084.6,356.4
2026-09-04T01:53:28.355Z,10.75,5.35,1087.4,184.3
2026-09-04T01:53:42.500Z,-5.12,5.33,1089.9,315.7
2026-09-04T01:53:56.611Z,-52.81,5.39,1086,-332.4
2026-09-04T01:54:11.844Z,-28.88,5.37,1087,-10722.5
2026-09-04T01:54:26.692Z,-29.31,5.39,1087.6,-7596.7
2026-09-04T01:54:42.180Z,-9.5,5.36,1088.1,420.6
2026-09-04T01:54:56.291Z,-5,5.35,1091.9,314.8
2026-09-04T01:55:10.403Z,2.94,5.37,1085.2,234.6
2026-09-04T01:55:24.516Z,10.5,5.35,1091,184.7
2026-09-04T01:55:38.915Z,-24.25,5.33,1092,700917.2
2026-09-04T01:55:53.411Z,-21.94,5.37,1085.8,10772.5
2026-09-04T01:56:07.971Z,-40.19,5.32,1090.6,-739.6
2026-09-04T01:56:22.468Z,-68.75,5.4,1087.8,-190.6
2026-09-04T01:56:36.964Z,-68.75,5.4,1087,-189.5
2026-09-04T01:56:51.939Z,-58.56,5.35,1091.2,-260.2
2026-09-04T01:57:07.428Z,-68.31,5.41,1085.5,-194.9
2026-09-04T01:57:22.468Z,-68.75,5.4,1090.4,-188.5
2026-09-04T01:57:36.932Z,-68.75,5.41,1086.4,-194.9
2026-09-04T01:57:52.291Z,-68.75,5.4,1087.2,-189.6
2026-09-04T01:58:06.724Z,-68.75,5.35,1092.2,-188.8
2026-09-04T01:58:21.251Z,-62.94,5.34,1092,-224.3
2026-09-04T01:58:35.748Z,-55.62,5.35,1089.6,-286.3
2026-09-04T01:58:50.180Z,-54.62,5.39,1085.1,-302.6
2026-09-04T01:59:16.867Z,-37.81,5.37,1085.1,-1004
2026-09-04T01:59:40.932Z,-31.75,5.34,1089.8,-3141
2026-09-04T01:59:55.683Z,-49.88,5.38,1086.4,-382.2
2026-09-04T02:00:11.523Z,-59.38,5.36,1091.5,-256.9
2026-09-04T02:00:26.083Z,-68.75,5.33,1092.2,-184.4
2026-09-04T02:00:40.612Z,-68.75,5.34,1092.2,-187.9
2026-09-04T02:00:55.939Z,-68.75,5.37,1090,-185.8
2026-09-04T02:01:10.403Z,-68.75,5.38,1092.4,-185.4
2026-09-04T02:01:25.347Z,-68.75,5.38,1090.2,-194.8
2026-09-04T02:01:39.875Z,-68.75,5.35,1091.4,-191.7
2026-09-04T02:02:15.363Z,-68.75,5.43,1085.9,-189.7
2026-09-04T02:06:12.612Z,-68.75,5.4,1092.3,-186.1
2026-09-04T02:06:28.323Z,-68.75,5.43,1088.4,-185.5
2026-09-04T02:06:42.820Z,-68.75,5.38,1092.2,-187
2026-09-04T02:06:57.315Z,-68.75,5.38,1091.4,-187
2026-09-04T02:07:12.868Z,-64.62,5.43,1087.4,-209.2
2026-09-04T02:07:27.331Z,-54.62,5.42,1085.2,-311.7
2026-09-04T02:07:42.243Z,-51,5.37,1091,-354.4
2026-09-04T02:07:57.859Z,-67.56,5.39,1092,-193.5
2026-09-04T02:08:12.387Z,-68.75,5.4,1087,-192.7
2026-09-04T02:08:26.819Z,-68.75,5.42,1090.9,-185
2026-09-04T02:08:41.283Z,-68.75,5.38,1091.2,-192.3
2026-09-04T02:08:56.164Z,-68.75,5.37,1092.6,-186.9
2026-09-04T02:09:11.267Z,-68.75,5.45,1088,-188
2026-09-04T02:09:25.763Z,-68.75,5.45,1087.2,-190.8
2026-09-04T02:09:40.259Z,-68.75,5.4,1092.6,-186.6
2026-09-04T02:09:54.755Z,-68.75,5.46,1086.8,-189.2
2026-09-04T02:10:09.540Z,-68.75,5.4,1092.5,-190.2
2026-09-04T02:10:24.003Z,-68.75,5.43,1086.7,-190.5
2026-09-04T02:10:58.467Z,-68.75,5.4,1092.6,-187.3
2026-09-04T02:11:13.379Z,-68.75,5.42,1092.6,-188.2
2026-09-04T02:11:27.907Z,-68.75,5.43,1086.6,-189.2
2026-09-04T02:11:42.395Z,-68.75,5.42,1088.5,-187.5
2026-09-04T02:11:56.868Z,-68.75,5.46,1088.4,-186.9
2026-09-04T02:12:11.716Z,-68.75,5.48,1085.9,-188.8
2026-09-04T02:12:27.355Z,-68.75,5.46,1086.4,-191.4
2026-09-04T02:15:05.667Z,-68.75,5.41,1092.4,-189.2
2026-09-04T02:15:29.924Z,-68.75,5.44,1087.2,-188.3
2026-09-04T02:15:44.388Z,-68.75,5.41,1087.8,-194.3
2026-09-04T02:15:58.852Z,-68.75,5.42,1085.2,-189.7
2026-09-04T02:16:13.380Z,-68.75,5.38,1088.1,-193.9
2026-09-04T02:16:28.227Z,-68.75,5.39,1088.4,-191.9
2026-09-04T02:16:42.692Z,-68.75,5.39,1087.7,-188.5
2026-09-04T02:16:57.315Z,-68.75,5.36,1092,-192.2
2026-09-04T02:17:13.092Z,-68.75,5.42,1088.8,-186.7
2026-09-04T02:17:28.259Z,-68.75,5.42,1089.5,-188.3
2026-09-04T02:17:43.140Z,-68.75,5.43,1085.3,-191.2
2026-09-04T02:17:57.636Z,-68.75,5.38,1092.2,-190.3
2026-09-04T02:18:12.108Z,-68.75,5.41,1086.6,-190.8
2026-09-04T02:18:27.299Z,-68.75,5.43,1087.8,-188
2026-09-04T02:18:41.915Z,-68.75,5.43,1086.6,-189.5
2026-09-04T02:20:48.004Z,-68.75,5.39,1090.8,-184.1
2026-09-04T02:21:03.748Z,-68.75,5.39,1092.4,-188.3
2026-09-04T02:21:18.211Z,-68.75,5.43,1088.4,-186.1
2026-09-04T02:21:33.508Z,-68.75,5.43,1087.4,-188
2026-09-04T02:21:59.620Z,-68.75,5.42,1088.2,-181.9
2026-09-04T02:22:14.628Z,-68.75,5.41,1091.2,-180.9
2026-09-04T02:22:29.092Z,-68.75,5.42,1085.4,-188.8
2026-09-04T02:22:44.227Z,-68.75,5.39,1092.2,-187.1
2026-09-04T02:22:59.396Z,-68.75,5.41,1092.5,-189.1
2026-09-04T02:23:14.011Z,-68.75,5.4,1089.3,-191.5
2026-09-04T02:26:39.171Z,-68.75,5.47,1086.8,-186.6
2026-09-04T02:26:54.979Z,-68.75,5.4,1092.4,-191.4
2026-09-04T02:27:09.507Z,-68.75,5.41,1088.8,-195.2
2026-09-04T02:27:23.971Z,-68.75,5.44,1087.2,-186.6
2026-09-04T02:27:38.507Z,-68.75,5.45,1085.5,-187.9
2026-09-04T02:28:03.907Z,-68.75,5.43,1090,-189.1
2026-09-04T02:28:18.819Z,-68.75,5.45,1090.6,-184.2
2026-09-04T02:28:33.347Z,-68.75,5.4,1092.7,-183.5
2026-09-04T02:28:57.859Z,-68.75,5.44,1087.5,-195.4
2026-09-04T02:29:13.251Z,-68.75,5.43,1089.8,-187.4
2026-09-04T02:29:39.251Z,-68.75,5.43,1090.5,-189.2
2026-09-04T02:31:33.924Z,-68.75,5.43,1092.9,-184
2026-09-04T02:31:49.315Z,-68.75,5.42,1089.6,-189.6
2026-09-04T02:32:03.715Z,-66.94,5.49,1086.2,-194.8
2026-09-04T02:32:18.211Z,-51.81,5.41,1092.4,-341.4
2026-09-04T02:32:32.675Z,-45.5,5.41,1089,-474.3
2026-09-04T02:32:47.267Z,-51.56,5.37,1091.8,-354
2026-09-04T02:33:02.116Z,-57.38,5.45,1085.2,-269.9
2026-09-04T02:33:16.707Z,-68.75,5.42,1092,-183.2
2026-09-04T02:33:31.683Z,-68.75,5.42,1088.8,-189.5
2026-09-04T02:33:46.179Z,-68.75,5.45,1085.6,-187
2026-09-04T02:34:00.675Z,-68.75,5.44,1087.5,-187.3
2026-09-04T02:34:15.555Z,-68.75,5.45,1087,-186.1
2026-09-04T02:34:29.956Z,-68.75,5.37,1092.4,-186.3
2026-09-04T02:34:44.420Z,-68.75,5.4,1091.2,-189
2026-09-04T02:34:58.948Z,-68.75,5.41,1091.4,-183.4
2026-09-04T02:35:13.315Z,-68.75,5.44,1088,-189.9
2026-09-04T02:36:50.924Z,-68.75,5.39,1088.8,-191.7
2026-09-04T02:37:16.772Z,-68.75,5.44,1085.5,-187.3
2026-09-04T02:37:31.588Z,-68.75,5.36,1092.1,-188.5
2026-09-04T02:37:46.179Z,-68.75,5.34,1091.9,-187.8
2026-09-04T02:38:01.412Z,-60.31,5.41,1087.1,-242.6
2026-09-04T02:38:16.452Z,-61.25,5.39,1087.2,-236.2
2026-09-04T02:38:30.852Z,-68.75,5.41,1085.6,-190.4
2026-09-04T02:38:45.347Z,-68.75,5.38,1087.6,-188.5
2026-09-04T02:39:00.484Z,-68.75,5.43,1085.4,-188.9
2026-09-04T02:39:25.987Z,-68.75,5.4,1088.8,-190.7
2026-09-04T02:40:13.508Z,-68.75,5.43,1087.7,-187.3
2026-09-04T02:40:49.699Z,-68.75,5.43,1090.5,-185.4
2026-09-04T02:44:44.996Z,-68.75,5.46,1085.6,-186
2026-09-04T02:45:01.476Z,-68.75,5.41,1092.2,-185.5
2026-09-04T02:45:16.100Z,-68.75,5.45,1085.3,-187.6
2026-09-04T02:45:30.628Z,-68.75,5.44,1085.6,-187.3
2026-09-04T02:45:55.940Z,-68.75,5.41,1090.3,-186.4
2026-09-04T02:46:10.852Z,-68.75,5.39,1092,-184.8
2026-09-04T02:46:25.412Z,-68.75,5.42,1088,-188
2026-09-04T02:46:39.940Z,-68.75,5.39,1089.6,-190.4
2026-09-04T02:46:54.532Z,-68.75,5.39,1091.8,-184.3
2026-09-04T02:49:11.620Z,-68.75,5.47,1086.4,-187.2
2026-09-04T02:49:27.139Z,-68.75,5.43,1089.2,-191.1
2026-09-04T02:50:22.660Z,-68.75,5.43,1088.2,-187.8
2026-09-04T02:50:37.572Z,-68.75,5.46,1088,-187.8
2026-09-04T02:50:52.195Z,-68.75,5.4,1092.4,-185.4
2026-09-04T02:51:07.876Z,-68.75,5.47,1086.6,-185
2026-09-04T02:51:22.307Z,-68.75,5.43,1086.3,-190.8
2026-09-04T02:51:38.051Z,-68.75,5.48,1086.2,-186.9
2026-09-04T02:51:52.515Z,-68.75,5.42,1091.5,-187.9
2026-09-04T02:52:17.475Z,-68.75,5.4,1092.7,-185.5
2026-09-04T02:52:32.900Z,-68.75,5.46,1087,-186.4
2026-09-04T02:52:47.779Z,-55.5,5.44,1091.1,-285
2026-09-04T02:53:02.499Z,-34.88,5.42,1090.8,-1413.7
2026-09-04T02:53:16.996Z,-28.38,5.46,1085.2,-14992.2
2026-09-04T02:53:31.460Z,-43.56,5.39,1092.2,-537.2
2026-09-04T02:53:46.052Z,-42.44,5.43,1088.4,-583.7
2026-09-04T02:54:00.995Z,-68.75,5.44,1086.6,-188.5
2026-09-04T02:54:15.491Z,-68.75,5.39,1092.4,-188.2
2026-09-04T02:54:30.019Z,-68.75,5.38,1092.4,-187.7
2026-09-04T02:54:44.484Z,-68.75,5.42,1088.8,-186
2026-09-04T02:54:59.035Z,-68.75,5.4,1088.8,-186.6
2026-09-04T02:55:34.755Z,-68.75,5.41,1090.4,-192
2026-09-04T02:55:50.084Z,-68.75,5.4,1092.4,-184.5
2026-09-04T02:58:58.371Z,-68.75,5.44,1085.1,-191.4
2026-09-04T02:59:14.884Z,-68.75,5.44,1085.4,-195.6
2026-09-04T02:59:29.380Z,-68.75,5.39,1088.6,-189
2026-09-04T02:59:55.076Z,-68.75,5.37,1091.7,-186.2
2026-09-04T03:00:17.987Z,-61.12,5.39,1087.2,-242.3
2026-09-04T03:00:33.667Z,-58.94,5.41,1085.5,-254.4
2026-09-04T03:00:48.195Z,-48.75,5.36,1091.3,-405.9
2026-09-04T03:01:02.723Z,-51.38,5.37,1085,-356.1
2026-09-04T03:01:17.219Z,-34.5,5.37,1090.2,-1560.7
2026-09-04T03:01:31.812Z,-50.62,5.37,1085.9,-366.1
2026-09-04T03:01:46.692Z,-61,5.4,1088.3,-232.8
2026-09-04T03:02:01.220Z,-68.75,5.42,1086.6,-189.4
2026-09-04T03:02:16.747Z,-68.75,5.41,1087.9,-184.8
2026-09-04T03:06:51.716Z,-68.75,5.45,1086.9,-186.9
2026-09-04T03:07:08.452Z,-68.75,5.45,1085.5,-185.7
2026-09-04T03:07:22.884Z,-68.75,5.4,1087.2,-190.8
2026-09-04T03:07:37.380Z,-68.75,5.39,1091.4,-183.2
2026-09-04T03:07:52.643Z,-68.75,5.39,1091,-185.5
2026-09-04T03:08:07.140Z,-68.75,5.35,1091.9,-186.7
2026-09-04T03:08:22.083Z,-68.75,5.39,1085.9,-195.1
2026-09-04T03:08:36.644Z,-68.75,5.39,1090.2,-184.4
2026-09-04T03:08:51.171Z,-68.75,5.41,1087,-187.8
2026-09-04T03:09:05.635Z,-57.69,5.4,1085.2,-262.1
2026-09-04T03:09:20.644Z,-8.69,5.38,1086.9,378.9
2026-09-04T03:09:35.108Z,1.44,5.33,1091,247.8
2026-09-04T03:09:49.251Z,-1.25,5.33,1091.1,261.4
2026-09-04T03:10:03.363Z,-4.25,5.35,1085.5,310.9
2026-09-04T03:10:17.476Z,21.12,5.32,1090.6,142.2
2026-09-04T03:10:31.587Z,-23.31,5.31,1091.6,56891.5
2026-09-04T03:10:46.756Z,-50.5,5.39,1089.2,-355.8
2026-09-04T03:11:02.243Z,-67.19,5.41,1085.4,-200.2
2026-09-04T03:11:16.740Z,-68.75,5.35,1091.9,-184.1
2026-09-04T03:11:32.036Z,-68.75,5.37,1087.8,-188.2
2026-09-04T03:11:46.947Z,-68.75,5.39,1091,-187.5
2026-09-04T03:12:01.443Z,-68.75,5.38,1090.8,-194.4
2026-09-04T03:12:16.035Z,-68.75,5.38,1088.8,-187.5
2026-09-04T03:12:30.628Z,-68.75,5.38,1091.3,-187.9
2026-09-04T03:12:45.060Z,-68.75,5.43,1086.8,-188.8
2026-09-04T03:12:59.940Z,-68.75,5.44,1085.7,-185.7
2026-09-04T03:13:56.691Z,-68.75,5.4,1089.9,-189.6
2026-09-04T03:14:12.452Z,-68.75,5.44,1087.2,-186.7
2026-09-04T03:14:26.915Z,-68.75,5.43,1087.4,-183.7
2026-09-04T03:14:41.412Z,-68.75,5.43,1087.3,-184.8
2026-09-04T03:14:56.676Z,-68.75,5.43,1085.8,-184.7
2026-09-04T03:15:11.108Z,-41,5.37,1092,-663.2
2026-09-04T03:15:25.988Z,-23.88,5.37,1091.4,214920
2026-09-04T03:15:40.516Z,-17.88,5.35,1091.5,1222.6
2026-09-04T03:15:54.980Z,-10.94,5.35,1091.2,452.9
2026-09-04T03:16:20.164Z,-9.38,5.38,1088.2,402.5
2026-09-04T03:16:34.691Z,-17.62,5.38,1086.2,1151.9
2026-09-04T03:16:49.156Z,-13.88,5.36,1088.7,605
2026-09-04T03:17:03.651Z,-40.75,5.4,1085.5,-714.5
2026-09-04T03:17:18.147Z,-68.75,5.42,1085,-193.2
2026-09-04T03:17:32.675Z,-68.75,5.37,1091.8,-190.1
2026-09-04T03:17:47.555Z,-68.75,5.36,1091.9,-185.1
2026-09-04T03:18:02.627Z,-68.75,5.39,1090,-184.1
2026-09-04T03:18:18.019Z,-68.75,5.41,1085.4,-186.9
2026-09-04T03:18:32.547Z,-68.75,5.37,1091.2,-184.8
2026-09-04T03:18:48.323Z,-62.75,5.38,1091,-216.2
2026-09-04T03:19:02.788Z,-68.75,5.36,1092.1,-185.8
2026-09-04T03:19:17.380Z,-68.75,5.38,1092.1,-187.3
2026-09-04T03:19:31.940Z,-68.75,5.42,1087.4,-186
2026-09-04T03:19:46.916Z,-68.75,5.42,1087.4,-184.4
2026-09-04T03:20:22.731Z,-68.75,5.41,1085.8,-187.6
2026-09-04T03:20:37.251Z,-68.75,5.38,1091.8,-180.2
2026-09-04T03:20:52.227Z,-68.75,5.41,1085,-188.8
2026-09-04T03:21:07.203Z,-68.75,5.41,1085,-191.7
2026-09-04T03:21:21.635Z,-68.75,5.34,1091.8,-187.1
2026-09-04T03:21:36.163Z,-68.75,5.42,1085.1,-191.1
2026-09-04T03:21:50.691Z,-68.75,5.38,1086,-191
2026-09-04T03:22:05.156Z,-68.75,5.4,1085.4,-188.5
2026-09-04T03:22:32.419Z,-68.75,5.37,1087,-186.6
2026-09-04T03:22:46.916Z,-21.69,5.35,1089.3,7531.7
2026-09-04T03:23:01.508Z,-68.75,5.38,1084.6,-190.8
2026-09-04T03:23:16.643Z,-68.75,5.34,1091.7,-187.2
2026-09-04T03:23:31.524Z,-68.75,5.4,1085.4,-190.2
2026-09-04T03:23:45.987Z,-68.75,5.37,1091.8,-188
2026-09-04T03:24:00.995Z,-68.75,5.39,1091.4,-184.5
2026-09-04T03:24:15.492Z,-68.75,5.4,1086.6,-187.4
2026-09-04T03:24:30.019Z,-68.75,5.41,1087.2,-189.1
2026-09-04T03:24:44.867Z,-68.75,5.37,1088.1,-190.5
2026-09-04T03:24:59.395Z,-68.75,5.39,1092,-187.7
2026-09-04T03:25:14.004Z,-68.75,5.35,1091,-188.7
2026-09-04T03:31:09.700Z,-68.75,5.43,1086.4,-188.2
2026-09-04T03:31:35.555Z,-68.75,5.36,1092,-182.3
2026-09-04T03:31:50.819Z,-68.75,5.35,1091.9,-183.8
2026-09-04T03:32:05.251Z,-64.31,5.42,1087,-215.1
2026-09-04T03:32:19.779Z,-68.75,5.42,1084.8,-191.5
2026-09-04T03:32:35.331Z,-68.75,5.43,1085.8,-186.4
2026-09-04T03:32:49.795Z,-68.75,5.42,1085,-187.5
2026-09-04T03:33:04.523Z,-68.75,5.45,1085.4,-190.1
2026-09-04T03:33:19.075Z,-68.75,5.39,1090.2,-188.9
2026-09-04T03:33:33.539Z,-68.75,5.38,1092,-182.8
2026-09-04T03:33:48.435Z,-68.75,5.4,1090,-184.2
2026-09-04T03:40:23.267Z,-68.75,5.41,1091,-188.6
2026-09-04T03:40:38.947Z,-68.75,5.41,1092.4,-183.3
2026-09-04T03:40:54.083Z,-68.75,5.43,1088,-182
2026-09-04T03:41:08.931Z,-68.75,5.45,1085.7,-185.4
2026-09-04T03:41:23.491Z,-68.75,5.43,1090.3,-185.2
2026-09-04T03:41:38.052Z,-68.75,5.4,1088.3,-183.7
2026-09-04T03:41:52.963Z,-68.75,5.39,1092.2,-180.2
2026-09-04T03:42:07.555Z,-50,5.39,1091.8,-365.4
2026-09-04T03:42:22.660Z,-35.5,5.41,1089.7,-1251.6
2026-09-04T03:42:37.219Z,-29.38,5.36,1091.5,-7466.2
2026-09-04T03:42:51.780Z,-27.62,5.43,1086.7,-26031.7
2026-09-04T03:43:07.524Z,-68.75,5.44,1089.8,-184.8
2026-09-04T03:43:22.020Z,-68.75,5.41,1092.4,-184
2026-09-04T03:43:36.643Z,-68.75,5.41,1088.8,-186.4
2026-09-04T03:43:51.811Z,-68.75,5.45,1087.8,-186.2
2026-09-04T03:44:06.691Z,-68.75,5.44,1086.3,-186.1
2026-09-04T03:44:21.315Z,-68.75,5.42,1091.9,-181.4
2026-09-04T03:44:36.771Z,-68.75,5.45,1091.4,-185
2026-09-04T03:44:51.307Z,-68.75,5.47,1085.7,-185
2026-09-04T03:45:05.835Z,-68.75,5.43,1092.4,-183.5
2026-09-04T03:49:01.956Z,-68.75,5.45,1085,-184.8
2026-09-04T03:49:27.652Z,-68.75,5.43,1086.1,-184.5
2026-09-04T03:49:42.148Z,-68.75,5.44,1084.9,-186.3
2026-09-04T03:49:56.676Z,-57.56,5.39,1087.8,-260.3
2026-09-04T03:50:11.235Z,-54,5.38,1085.6,-314.1
2026-09-04T03:50:26.083Z,-50.62,5.35,1091.3,-355.7
2026-09-04T03:50:40.611Z,-68.75,5.36,1091.6,-180.6
2026-09-04T03:50:55.203Z,-68.75,5.34,1091.6,-183.5
2026-09-04T03:51:09.667Z,-68.75,5.36,1090.2,-186.2
2026-09-04T03:51:24.259Z,-68.75,5.35,1091.8,-184.4
2026-09-04T03:51:39.139Z,-68.75,5.41,1087.2,-184.3
2026-09-04T03:51:53.635Z,-68.75,5.4,1088.2,-185.2
2026-09-04T03:52:08.099Z,-68.75,5.41,1085.4,-187.2
2026-09-04T03:52:22.531Z,-68.75,5.42,1085,-189.3
2026-09-04T03:53:39.747Z,-68.75,5.4,1091.2,-178.8
2026-09-04T03:57:05.764Z,-68.75,5.4,1091.2,-190.3
2026-09-04T03:57:23.076Z,-68.75,5.43,1088.4,-183.8
2026-09-04T03:57:37.475Z,-68.75,5.39,1092.2,-183.2
2026-09-04T03:57:51.971Z,-68.75,5.44,1089,-179.5
2026-09-04T03:58:06.403Z,-68.75,5.39,1091.2,-186.4
2026-09-04T03:58:20.899Z,-68.75,5.46,1085.4,-185.3
2026-09-04T03:58:35.715Z,-43.25,5.39,1089,-559.4
2026-09-04T03:58:50.819Z,-30.94,5.42,1089.1,-3673.7
2026-09-04T03:59:05.283Z,-31.25,5.38,1090.4,-3534.8
2026-09-04T03:59:19.843Z,-30.44,5.39,1088.3,-4330.2
2026-09-04T03:59:35.747Z,-39,5.39,1091.4,-786.8
2026-09-04T03:59:50.596Z,-68.75,5.4,1088.4,-187.3
2026-09-04T04:00:05.796Z,-68.75,5.44,1086.7,-192.9
2026-09-04T04:00:20.291Z,-68.75,5.39,1091.9,-183.3
2026-09-04T04:00:34.756Z,-68.75,5.39,1092,-182.8
2026-09-04T04:00:49.219Z,-68.75,5.43,1088.6,-182.8
2026-09-04T04:01:04.068Z,-68.75,5.41,1086.4,-185.7
2026-09-04T04:01:18.660Z,-68.75,5.44,1088.2,-184.2
2026-09-04T04:01:33.187Z,-68.75,5.42,1087.1,-185.6
2026-09-04T04:01:58.211Z,-68.75,5.46,1086.7,-186.6
2026-09-04T04:02:13.155Z,-68.75,5.47,1085.4,-189.6
2026-09-04T04:07:09.987Z,-68.75,5.41,1089.4,-183.2
2026-09-04T04:07:25.828Z,-68.75,5.41,1091,-180.5
2026-09-04T04:07:40.355Z,-68.75,5.44,1085.2,-184.7
2026-09-04T04:07:54.916Z,-68.75,5.35,1091.4,-185.1
2026-09-04T04:08:09.380Z,-68.75,5.37,1089.4,-187.2
2026-09-04T04:08:23.875Z,-68.12,5.36,1091.2,-182.8
2026-09-04T04:08:38.691Z,-50.31,5.4,1084.6,-356.6
2026-09-04T04:08:53.988Z,-68.75,5.38,1090.6,-180.6
2026-09-04T04:09:08.483Z,-68.75,5.38,1088.1,-184.4
2026-09-04T04:09:22.979Z,-68.75,5.36,1091.4,-178.8
2026-09-04T04:09:37.508Z,-68.75,5.33,1091.5,-184.4
2026-09-04T04:09:53.156Z,-68.75,5.42,1086.2,-183.1
2026-09-04T04:10:07.684Z,-68.75,5.35,1091.6,-181.6
2026-09-04T04:11:05.587Z,-68.75,5.42,1085.8,-184.5
2026-09-04T04:12:53.988Z,-68.75,5.46,1085,-182.8
2026-09-04T04:14:49.884Z,-35.25,5.37,1086.4,-1394.1
2026-09-04T04:15:27.139Z,-11.06,5.38,1089.8,456.5
2026-09-04T04:15:41.380Z,13.44,5.42,1083.7,176.8
2026-09-04T04:15:55.523Z,21.88,5.31,1090.4,144.3
2026-09-04T04:16:10.019Z,23,5.33,1090.5,139.8
2026-09-04T04:16:24.515Z,24.38,5.32,1089.9,137.4
2026-09-04T04:16:38.212Z,24.06,5.38,1083.6,139.3
2026-09-04T04:16:52.772Z,23.69,5.36,1082.9,140.3
2026-09-04T04:17:06.500Z,21.88,5.29,1090,146.2
2026-09-04T04:17:20.996Z,20.94,5.36,1083,151.9
2026-09-04T04:17:35.108Z,21.19,5.34,1087.6,146.3
2026-09-04T04:17:49.283Z,21.19,5.34,1085.3,146.4
2026-09-04T04:18:04.452Z,22.06,5.31,1088.2,142.3
2026-09-04T04:18:18.211Z,21.69,5.29,1086.5,147.4
2026-09-04T04:18:32.707Z,23.56,5.33,1087.9,138
2026-09-04T04:18:46.468Z,23.12,5.28,1089.4,143.3
2026-09-04T04:19:00.195Z,23.75,5.3,1084.6,142.8
2026-09-04T04:19:13.892Z,23.81,5.34,1085,139
2026-09-04T04:19:27.684Z,24.12,5.3,1089.5,140.2
2026-09-04T04:19:41.795Z,24.25,5.38,1085.2,137
2026-09-04T04:19:56.452Z,21.69,5.38,1087.2,140.6
2026-09-04T04:20:21.283Z,22.12,5.34,1089.6,141.1
2026-09-04T04:20:35.012Z,24.38,5.34,1089.8,135.2
2026-09-04T04:20:49.092Z,24.38,5.35,1089.8,134
2026-09-04T04:21:02.948Z,24.25,5.31,1090.2,138
2026-09-04T04:21:16.644Z,23.75,5.36,1084,140.3
2026-09-04T04:21:30.371Z,23.81,5.38,1085,138.6
2026-09-04T04:21:44.131Z,23.25,5.31,1086.1,143.5
2026-09-04T04:21:58.275Z,23.38,5.36,1085.5,139.8
2026-09-04T04:22:12.035Z,23.25,5.36,1083.2,146.6
2026-09-04T04:22:25.859Z,23.56,5.33,1089.1,138.6
2026-09-04T04:22:39.619Z,22.06,5.39,1084.8,142.6
2026-09-04T04:22:53.347Z,21.62,5.39,1086.2,141.6
2026-09-04T04:23:07.907Z,21.62,5.37,1087.4,142.9
2026-09-04T04:23:22.115Z,23.75,5.34,1090.5,136.8
2026-09-04T04:23:35.875Z,23.75,5.34,1084.6,139.7
2026-09-04T04:23:49.603Z,24.69,5.36,1087.6,134.4
2026-09-04T04:24:03.299Z,23.5,5.31,1089.8,138.5
2026-09-04T04:24:17.955Z,23.44,5.34,1083.6,143.5
2026-09-04T04:24:31.619Z,24.12,5.34,1084.8,139.1
2026-09-04T04:24:45.923Z,23.88,5.29,1089.6,140.1
2026-09-04T04:24:59.619Z,23.5,5.34,1086.2,139.2
2026-09-04T04:25:13.380Z,24.31,5.28,1087.8,140.6
2026-09-04T04:25:27.524Z,23.75,5.33,1088.3,138.3
2026-09-04T04:25:41.380Z,22.81,5.29,1089.7,141.3
2026-09-04T04:25:55.780Z,23.75,5.35,1082.6,142.6
2026-09-04T04:26:09.475Z,23.75,5.34,1082.6,141.9
2026-09-04T04:26:23.203Z,23.19,5.3,1088.8,143.1
2026-09-04T04:26:38.179Z,23.81,5.35,1083.4,142.3
2026-09-04T04:26:51.939Z,23.25,5.29,1088.4,143.2
2026-09-04T04:27:06.211Z,23.44,5.28,1088.8,143.5
2026-09-04T04:27:19.971Z,22.88,5.28,1087,145.3
2026-09-04T04:27:33.763Z,22.94,5.33,1083.3,145.2
2026-09-04T04:27:47.779Z,23.56,5.31,1088,140.4
2026-09-04T04:28:01.508Z,23.19,5.31,1082.8,144.2
2026-09-04T04:28:15.267Z,23.94,5.32,1082.5,146.3
2026-09-04T04:28:29.092Z,23.69,5.33,1083,145
2026-09-04T04:28:42.820Z,23.25,5.27,1087.8,145.6
2026-09-04T04:28:56.963Z,23,5.26,1089.3,142.7
2026-09-04T04:29:10.723Z,22.75,5.32,1082,147.6
2026-09-04T04:29:24.451Z,23.81,5.27,1086.2,142.6
2026-09-04T04:29:38.180Z,23.25,5.27,1089.2,142
2026-09-04T04:29:51.876Z,23.38,5.28,1089.5,139.8
2026-09-04T04:30:05.988Z,22.25,5.35,1082.6,145.6
2026-09-04T04:30:19.716Z,21.69,5.3,1082.2,148.2
2026-09-04T04:30:33.828Z,21.44,5.28,1089.4,142.7
2026-09-04T04:30:48.068Z,22.44,5.3,1089.5,141.1
2026-09-04T04:31:01.732Z,23.5,5.32,1084,143.3
2026-09-04T04:31:15.907Z,22.75,5.28,1089.4,141.9
2026-09-04T04:31:29.668Z,21.56,5.36,1083,145.6
2026-09-04T04:31:44.291Z,24,5.3,1085.7,145.4
2026-09-04T04:32:08.227Z,21.5,5.3,1086.8,147.6
2026-09-04T04:32:22.724Z,23.88,5.3,1088.8,145.8
2026-09-04T04:32:36.452Z,23.25,5.27,1089.2,143.2
2026-09-04T04:32:50.147Z,23.38,5.24,1089,140.2
2026-09-04T04:33:04.580Z,23.12,5.25,1088.8,144.9
2026-09-04T04:33:18.339Z,22.88,5.26,1088.8,143.8
2026-09-04T04:33:33.539Z,22.19,5.3,1088.8,145.2
2026-09-04T04:33:47.267Z,22.12,5.25,1088.7,145.3
2026-09-04T04:34:00.996Z,22.5,5.28,1086,150.6
2026-09-04T04:34:14.787Z,21.94,5.29,1082.2,153.1
2026-09-04T04:34:28.932Z,22.25,5.25,1084.3,151.3
2026-09-04T04:34:43.044Z,22.19,5.3,1081.2,152.3
2026-09-04T04:34:56.836Z,22.5,5.24,1088.4,145.5
2026-09-04T04:35:10.596Z,20.25,5.31,1082.1,153.9
2026-09-04T04:35:24.740Z,23,5.26,1088.6,144.9
2026-09-04T04:35:38.468Z,22.75,5.25,1088.3,147.8
2026-09-04T04:35:52.580Z,22.81,5.25,1088.6,143.7
2026-09-04T04:36:06.307Z,22.75,5.28,1085,144
2026-09-04T04:36:20.868Z,23.12,5.23,1087.4,147
2026-09-04T04:36:34.595Z,23.19,5.24,1088.4,144.6
2026-09-04T04:36:49.092Z,23.25,5.29,1081.6,147.4
2026-09-04T04:37:03.235Z,23.19,5.26,1086.6,145.9
2026-09-04T04:37:17.636Z,22.69,5.29,1081.6,147.9
2026-09-04T04:37:31.363Z,23.19,5.25,1088.8,145.2
2026-09-04T04:37:45.347Z,24.19,5.25,1088.6,140.7
2026-09-04T04:37:59.107Z,24.19,5.24,1088.6,141.6
2026-09-04T04:38:14.020Z,23.56,5.27,1088.8,142
2026-09-04T04:38:27.684Z,24.06,5.27,1084,146.6
2026-09-04T04:38:41.412Z,24.31,5.3,1081.4,144.2
2026-09-04T04:38:55.140Z,23.81,5.32,1081.2,146.6
2026-09-04T04:39:08.964Z,24.06,5.25,1088.6,139
2026-09-04T04:39:24.355Z,14.94,5.27,1089,167.9
2026-09-04T04:39:38.499Z,16.19,5.29,1088.8,165.2
2026-09-04T04:39:52.707Z,18.19,5.31,1084.6,159.4
2026-09-04T04:40:07.267Z,17.88,5.3,1088.5,161.5
2026-09-04T04:40:21.379Z,18.81,5.33,1082.6,160.2
2026-09-04T04:40:35.811Z,19.38,5.29,1088.8,156.5
2026-09-04T04:40:49.923Z,23.31,5.33,1081.6,145.8
2026-09-04T04:41:04.227Z,22.5,5.34,1082.7,144.3
2026-09-04T04:41:18.019Z,23.19,5.3,1085.4,145.2
2026-09-04T04:41:31.812Z,22.12,5.34,1082.6,146.2
2026-09-04T04:41:46.595Z,23.19,5.31,1088.8,144.1
2026-09-04T04:42:00.355Z,24.62,5.29,1087.8,140.4
2026-09-04T04:42:14.115Z,18.44,5.29,1089,156.5
2026-09-04T04:42:28.323Z,-22,5.38,1082.8,11048.1
2026-09-04T04:42:53.092Z,-61.88,5.41,1086,-232.7
2026-09-04T04:43:08.035Z,-63.75,5.39,1086,-222.9
2026-09-04T04:43:22.691Z,-68.56,5.4,1088.4,-193.1
2026-09-04T04:43:37.283Z,-56.5,5.41,1082.7,-288
2026-09-04T04:43:51.715Z,-36.69,5.35,1089.7,-1073.7
2026-09-04T04:44:06.211Z,-51.12,5.4,1084,-364.8
2026-09-04T04:44:21.123Z,-63.75,5.42,1083.9,-224.3
2026-09-04T04:44:35.811Z,-20.06,5.42,1086.8,2587
2026-09-04T04:44:51.332Z,-17.56,5.4,1082.6,1186.4
2026-09-04T04:45:05.859Z,5.25,5.39,1081.8,219.8
2026-09-04T04:45:20.003Z,-46.88,5.37,1090,-441.6
2026-09-04T04:45:34.947Z,-58.75,5.45,1082.9,-252.4
2026-09-04T04:45:49.443Z,-52.5,5.37,1090.1,-324.5
2026-09-04T04:46:26.403Z,-24.75,5.43,1082.4,20963288
2026-09-04T04:46:42.180Z,-31.75,5.42,1085,-2991.6
2026-09-04T04:46:56.867Z,-23.5,5.42,1082.4,91156.2
2026-09-04T04:47:11.363Z,-1.31,5.38,1089,271.6
2026-09-04T04:47:25.443Z,21.81,5.34,1086.4,146
2026-09-04T04:47:39.620Z,21.62,5.37,1089.4,142.1
2026-09-04T04:47:54.115Z,21.44,5.39,1083.4,143.2
2026-09-04T04:48:08.131Z,24.19,5.35,1082.7,137.7
2026-09-04T04:48:22.596Z,19.88,5.33,1086.7,150.3
2026-09-04T04:48:36.740Z,15.44,5.28,1087.8,164.9
2026-09-04T04:48:50.884Z,9.5,5.35,1082.4,189.8
2026-09-04T04:49:05.379Z,2.5,5.29,1085.8,242
2026-09-04T04:49:19.523Z,-13.25,5.35,1082.4,576.1
2026-09-04T04:49:34.083Z,7.44,5.3,1085.4,209
2026-09-04T04:49:48.195Z,-23.75,5.33,1084.2,153534.9
2026-09-04T04:50:03.555Z,19.44,5.3,1087.4,149.2
2026-09-04T04:50:17.987Z,-36.06,5.38,1082.6,-1205.8
2026-09-04T04:50:44.003Z,-34.38,5.39,1081.5,-1641
2026-09-04T04:50:59.267Z,-36.56,5.37,1081.5,-1172.5
2026-09-04T04:51:13.795Z,-52.88,5.4,1082.8,-324.2
2026-09-04T04:51:28.675Z,-44.38,5.34,1088.5,-544.6
2026-09-04T04:51:43.907Z,-48.44,5.34,1086,-403.8
2026-09-04T04:51:58.852Z,-58.62,5.36,1086,-264
2026-09-04T04:52:13.347Z,-61.5,5.38,1085.2,-234.1
2026-09-04T04:52:29.251Z,-68.38,5.33,1089.2,-190.1
2026-09-04T04:52:43.747Z,-55.06,5.37,1088.7,-292.2
2026-09-04T04:52:59.139Z,-56.56,5.39,1083,-279.2
2026-09-04T04:53:13.667Z,-46.06,5.39,1082.6,-472
2026-09-04T04:53:28.164Z,-30.88,5.35,1088.3,-3801.4
2026-09-04T04:53:43.876Z,-26.69,5.34,1083.6,-90495.9
2026-09-04T04:53:58.403Z,-17.62,5.35,1084.9,1131.4
2026-09-04T04:54:13.955Z,-15.69,5.31,1087.6,769.9
2026-09-04T04:54:28.547Z,11.69,5.33,1079.8,188.1
2026-09-04T04:54:42.852Z,16,5.28,1087.3,163.3
2026-09-04T04:54:57.476Z,18.88,5.27,1085.4,152.2
2026-09-04T04:55:11.587Z,18.5,5.28,1080.9,161.6
2026-09-04T04:55:25.731Z,22.44,5.25,1087.1,146.1
2026-09-04T04:55:39.875Z,20.44,5.26,1085.9,153.4
2026-09-04T04:55:54.020Z,17,5.26,1087,162.9
2026-09-04T04:56:09.283Z,17.38,5.31,1080.4,165.8
2026-09-04T04:56:23.428Z,8.31,5.27,1084.6,204.9
2026-09-04T04:56:37.636Z,7.19,5.27,1082.3,214
2026-09-04T04:56:51.780Z,4.19,5.25,1087.2,223.5
2026-09-04T04:57:05.956Z,6.69,5.32,1080.8,209
2026-09-04T04:57:20.515Z,10.31,5.24,1087.2,191.2
2026-09-04T04:57:34.691Z,12.62,5.31,1080.4,182
2026-09-04T04:57:48.772Z,7.88,5.31,1080.8,206
2026-09-04T04:58:02.884Z,9,5.33,1079.8,197.6
2026-09-04T04:58:17.028Z,9.5,5.32,1082.4,190.1
2026-09-04T04:58:31.555Z,9.31,5.32,1080.9,199.1
2026-09-04T04:58:45.667Z,7.19,5.33,1080,211.4
2026-09-04T04:58:59.843Z,6.62,5.26,1087.3,210.2
2026-09-04T04:59:13.987Z,7.69,5.31,1082,201.8
2026-09-04T04:59:28.163Z,5.88,5.27,1087,211.4
2026-09-04T04:59:43.331Z,-33.75,5.28,1086.8,-1954
2026-09-04T04:59:58.243Z,4.31,5.26,1087.3,223
2026-09-04T05:00:12.548Z,7.88,5.34,1080.9,202.5
2026-09-04T05:00:26.692Z,5.62,5.34,1081.6,213.5
2026-09-04T05:00:40.836Z,5.81,5.29,1087.3,212.9
2026-09-04T05:00:56.163Z,6.19,5.29,1084.2,213.2
2026-09-04T05:01:10.339Z,9.44,5.28,1087.4,191.4
2026-09-04T05:01:24.452Z,7.69,5.34,1081.8,203.4
2026-09-04T05:01:38.596Z,7.5,5.34,1080.1,206.4
2026-09-04T05:01:52.740Z,2.56,5.31,1087.6,235.4
2026-09-04T05:02:07.396Z,1.62,5.35,1083,238.8
2026-09-04T05:02:31.939Z,6.25,5.32,1084.6,210.5
2026-09-04T05:02:46.051Z,8.5,5.3,1087.5,193.6
2026-09-04T05:03:00.835Z,12.69,5.29,1087.1,177.8
2026-09-04T05:03:15.363Z,11.75,5.34,1084.6,180.2
2026-09-04T05:03:29.571Z,15.81,5.33,1084.3,161.2
2026-09-04T05:03:43.747Z,16,5.33,1084.7,160.9
2026-09-04T05:03:57.892Z,19.69,5.36,1081.1,150.1
2026-09-04T05:04:12.003Z,22.06,5.38,1080.4,146.1
2026-09-04T05:04:26.115Z,23.44,5.36,1080.5,140.7
2026-09-04T05:04:39.843Z,22.12,5.35,1081,144.5
2026-09-04T05:04:53.635Z,18.38,5.35,1080,157.4
2026-09-04T05:05:07.779Z,15.81,5.32,1082.8,165.7
2026-09-04T05:05:22.627Z,16.12,5.35,1079.4,164.6
2026-09-04T05:05:37.156Z,12.12,5.31,1087.2,176.9
2026-09-04T05:05:51.267Z,-26.38,5.36,1081.2,-152750.8
2026-09-04T05:06:06.499Z,-44.25,5.36,1082.4,-535.1
2026-09-04T05:06:20.963Z,-17.25,5.4,1081.8,1028.4
2026-09-04T05:06:35.619Z,-13.69,5.33,1088.2,579
2026-09-04T05:06:50.500Z,-5.25,5.37,1083.2,318.8
2026-09-04T05:07:04.740Z,-1.19,5.4,1080.3,267.8
2026-09-04T05:07:18.916Z,-1.69,5.33,1087.6,271.3
2026-09-04T05:07:33.092Z,-3.06,5.34,1082.6,289.5
2026-09-04T05:07:51.748Z,-1.19,5.33,1086.9,260.9
2026-09-04T05:08:06.243Z,1.12,5.37,1081.2,247.5
2026-09-04T05:08:20.387Z,1.06,5.32,1087.4,246.8
2026-09-04T05:08:34.531Z,3.56,5.33,1086.2,222.1
2026-09-04T05:08:52.611Z,-3.81,5.36,1086.7,296.1
2026-09-04T05:09:07.076Z,-6.38,5.42,1080.4,338.4
2026-09-04T05:09:21.187Z,-2.12,5.35,1087.6,268.5
2026-09-04T05:09:35.460Z,3.38,5.33,1086.5,225.8
2026-09-04T05:09:50.404Z,7.81,5.37,1079.6,200.7
2026-09-04T05:10:04.548Z,12.06,5.33,1087.1,174.3
2026-09-04T05:10:19.108Z,13.38,5.36,1084.6,170.6
2026-09-04T05:10:33.187Z,11.31,5.29,1087,183.1
2026-09-04T05:10:48.131Z,8.69,5.36,1080.8,197.5
2026-09-04T05:11:02.243Z,10,5.31,1087,184.2
2026-09-04T05:11:17.347Z,-3.19,5.35,1080,290.8
2026-09-04T05:11:31.875Z,-4.38,5.31,1084.8,319.4
2026-09-04T05:11:46.852Z,-10.56,5.31,1086.7,430
2026-09-04T05:12:00.963Z,-20.81,5.34,1083.6,4105
2026-09-04T05:12:16.387Z,-9.5,5.32,1086.6,401.9
2026-09-04T05:12:30.531Z,-13.56,5.34,1086.6,581.2
2026-09-04T05:12:46.115Z,-10.75,5.35,1080.3,456.5
2026-09-04T05:13:00.291Z,-8.5,5.36,1082,381.1
2026-09-04T05:13:14.403Z,-4.56,5.31,1084,313.2
2026-09-04T05:13:28.519Z,-6.12,5.31,1086,326.6
2026-09-04T05:13:42.659Z,-9.19,5.29,1086.8,399.5
2026-09-04T05:13:57.987Z,-7.69,5.3,1086.8,359.6
2026-09-04T05:14:12.131Z,-7,5.3,1085.8,350
2026-09-04T05:14:26.275Z,3.19,5.32,1083.8,225.7
2026-09-04T05:14:41.219Z,6.44,5.31,1080.9,211.6
2026-09-04T05:14:55.267Z,7.94,5.34,1080.2,197.9
2026-09-04T05:15:09.763Z,10.25,5.35,1079.2,190.7
2026-09-04T05:15:24.708Z,11.88,5.33,1080.2,178.2
2026-09-04T05:15:38.788Z,12.25,5.3,1081.2,180.2
2026-09-04T05:15:54.243Z,13.56,5.33,1081,171
2026-09-04T05:16:08.323Z,22.25,5.31,1082.9,146.3
2026-09-04T05:16:22.531Z,9.31,5.34,1079.4,194
2026-09-04T05:16:36.708Z,4.94,5.31,1085,212.2
2026-09-04T05:16:50.819Z,-6.06,5.33,1079.4,344.6
2026-09-04T05:17:04.867Z,-11.56,5.31,1084.6,480.7
2026-09-04T05:17:19.012Z,14.38,5.33,1080.6,171.1
2026-09-04T05:17:34.243Z,12.75,5.33,1080.6,180.5
2026-09-04T05:17:48.323Z,-9.75,5.34,1083,421.4
2026-09-04T05:18:02.436Z,6.88,5.28,1085.4,209.8
2026-09-04T05:18:17.412Z,11.38,5.33,1082.2,183.5
2026-09-04T05:18:31.523Z,10.75,5.29,1084.6,187.2
2026-09-04T05:18:46.052Z,11.31,5.34,1079.4,189
2026-09-04T05:19:00.803Z,10.12,5.28,1086.7,191
2026-09-04T05:19:14.916Z,7.88,5.29,1087,197.3
2026-09-04T05:19:28.963Z,2.75,5.27,1085,239.4
2026-09-04T05:19:43.076Z,4.88,5.34,1082.2,215.2
2026-09-04T05:19:57.635Z,2.31,5.28,1087,237.1
2026-09-04T05:20:12.676Z,-2.5,5.33,1084.6,282.1
2026-09-04T05:20:26.755Z,-4.5,5.36,1079.9,307.6
2026-09-04T05:20:40.899Z,4.12,5.28,1086.9,220.9
2026-09-04T05:21:07.043Z,3.06,5.32,1084.4,236.8
2026-09-04T05:21:22.179Z,0.38,5.37,1079.9,259.4
2026-09-04T05:21:36.291Z,3.06,5.35,1083.1,222.6
2026-09-04T05:21:50.404Z,1.19,5.37,1082.2,238.9
2026-09-04T05:22:04.548Z,-1.75,5.34,1082.8,274.6
2026-09-04T05:22:19.267Z,-3.94,5.39,1083,296.4
2026-09-04T05:22:34.307Z,-6.81,5.39,1081,339.8
2026-09-04T05:22:48.419Z,-3.12,5.38,1083.9,284.3
2026-09-04T05:23:02.531Z,8.25,5.35,1086.4,192.4
2026-09-04T05:23:17.091Z,10.56,5.38,1079.6,184.4
2026-09-04T05:23:31.172Z,13.94,5.31,1087,165.2
2026-09-04T05:23:45.667Z,14.12,5.3,1086.8,169.9
2026-09-04T05:23:59.780Z,14.94,5.31,1086.6,169.3
2026-09-04T05:24:13.956Z,22.25,5.37,1080.8,144.6
2026-09-04T05:24:27.684Z,23.44,5.33,1087.5,135.8
2026-09-04T05:24:41.412Z,23.88,5.38,1087.4,135.2
2026-09-04T05:24:55.556Z,24.31,5.4,1080.1,137.6
2026-09-04T05:25:09.219Z,23.88,5.32,1087.4,136.2
2026-09-04T05:25:22.915Z,23.56,5.33,1086.8,138
2026-09-04T05:25:37.476Z,21.56,5.31,1086.8,143
2026-09-04T05:25:51.587Z,23,5.34,1079.2,142.3
2026-09-04T05:26:05.763Z,19.38,5.3,1086.6,147.5
2026-09-04T05:26:19.907Z,20.12,5.29,1086.5,147.3
2026-09-04T05:26:34.083Z,9.19,5.37,1081.8,187.3
2026-09-04T05:26:48.195Z,2.56,5.4,1081.2,234.5
2026-09-04T05:27:02.339Z,-2.5,5.39,1083.1,278.8
2026-09-04T05:27:16.835Z,5.38,5.31,1087.2,210.4
2026-09-04T05:27:30.980Z,3.62,5.36,1079.8,222.2
2026-09-04T05:27:45.028Z,9.19,5.36,1079.2,194.5
2026-09-04T05:27:59.108Z,9.69,5.31,1086,183.5
2026-09-04T05:28:13.251Z,9.31,5.36,1079.6,191.1
2026-09-04T05:28:28.772Z,6.88,5.35,1079,209.9
2026-09-04T05:28:42.852Z,7.38,5.32,1083.5,200.4
2026-09-04T05:28:56.964Z,1.88,5.37,1083,231.2
2026-09-04T05:29:11.748Z,-40,5.35,1088.2,-713.6
2026-09-04T05:29:33.412Z,-63.75,5.34,1087.4,-214.2
2026-09-04T05:29:55.428Z,-63.56,5.39,1079.5,-220.1
2026-09-04T05:30:09.892Z,-61.88,5.37,1082.8,-228.5
2026-09-04T05:30:24.259Z,-64.88,5.39,1080.5,-208.4
2026-09-04T05:30:38.627Z,-68.75,5.41,1080.6,-185
2026-09-04T05:30:53.763Z,-29.62,5.31,1082.1,-6260.9
2026-09-04T05:31:08.547Z,-47.5,5.39,1075.9,-402.6
2026-09-04T05:31:43.204Z,-68.75,5.37,1085.6,-170.5
2026-09-04T05:31:57.603Z,-68.75,5.42,1077.7,-183.3
2026-09-04T05:32:13.123Z,-68.75,5.43,1077.2,-187
2026-09-04T05:32:28.068Z,-68.75,5.35,1084.6,-177.2
2026-09-04T05:32:52.355Z,-68.75,5.37,1084.4,-185.8
2026-09-04T05:33:06.756Z,-68.75,5.43,1077.1,-183.4
2026-09-04T05:33:21.603Z,-68.75,5.39,1082.5,-182.6
2026-09-04T05:33:36.036Z,-68.75,5.38,1083.2,-184.8
2026-09-04T05:33:50.499Z,-68.75,5.37,1084.2,-179.2
2026-09-04T05:34:05.764Z,-68.75,5.4,1084.2,-185.7
2026-09-04T05:34:20.259Z,-68.75,5.35,1084.3,-187.4
2026-09-04T05:34:35.908Z,-67.69,5.36,1083.7,-188.1
2026-09-04T05:34:50.307Z,-62.56,5.37,1082.2,-220.2
2026-09-04T05:35:04.772Z,-63.75,5.39,1079.1,-214.2
2026-09-04T05:35:19.267Z,-55.56,5.36,1083.6,-276.4
2026-09-04T05:35:33.732Z,-59.12,5.34,1084.2,-251.5
2026-09-04T05:35:48.516Z,-30.38,5.4,1077.8,-4482.9
2026-09-04T05:36:03.331Z,-3.94,5.39,1077.6,292.1
2026-09-04T05:36:17.443Z,-27.19,5.31,1082.7,-39525.6
2026-09-04T05:36:32.612Z,-38.81,5.37,1076.4,-860.9
2026-09-04T05:36:47.044Z,-51.62,5.39,1077.2,-344
2026-09-04T05:37:02.084Z,-59,5.35,1083.4,-244.6
2026-09-04T05:37:16.580Z,-63.88,5.35,1079,-216.7
2026-09-04T05:37:31.620Z,-60.62,5.33,1083,-231.4
2026-09-04T05:37:46.084Z,-60.75,5.31,1083.4,-235.8
2026-09-04T05:38:00.516Z,-66.69,5.4,1077.1,-195.5
2026-09-04T05:38:16.099Z,-68.75,5.41,1081.1,-182.6
2026-09-04T05:38:30.531Z,-68.75,5.38,1084,-185.1
2026-09-04T05:38:45.092Z,-58.25,5.42,1080.4,-261.9
2026-09-04T05:38:59.556Z,-68.75,5.44,1078.5,-182.9
2026-09-04T05:39:13.988Z,-68.75,5.41,1077.5,-183.6
2026-09-04T05:39:29.507Z,-68.31,5.42,1077.4,-188.1
2026-09-04T05:39:43.971Z,-64,5.4,1076.8,-213
2026-09-04T05:39:58.404Z,-68.75,5.4,1081.9,-181.6
2026-09-04T05:40:22.916Z,-68.75,5.41,1079.8,-181.3
2026-09-04T05:40:37.700Z,-68.75,5.44,1077.8,-185.4
2026-09-04T05:40:52.164Z,-68.75,5.37,1085.8,-182.9
2026-09-04T05:41:07.395Z,-9.94,5.34,1081.6,411.1
2026-09-04T05:41:21.443Z,-9.69,5.33,1082.8,409.6
2026-09-04T05:41:35.587Z,-3.88,5.3,1081.5,298.6
2026-09-04T05:41:50.020Z,1.31,5.34,1075.2,250.2
2026-09-04T05:42:04.099Z,5.44,5.28,1082.2,216
2026-09-04T05:42:18.179Z,12.44,5.3,1080.2,177
2026-09-04T05:42:32.644Z,23.88,5.26,1081.5,137.6
2026-09-04T05:42:46.275Z,23.88,5.27,1081.2,139
2026-09-04T05:43:00.419Z,23.75,5.3,1076.2,140
2026-09-04T05:43:14.179Z,24.38,5.26,1078.5,142.5
2026-09-04T05:43:27.971Z,23.94,5.23,1081.7,138.8
2026-09-04T05:43:41.700Z,22.44,5.29,1077.1,145.8
2026-09-04T05:43:55.427Z,23.75,5.3,1076.4,140.9
2026-09-04T05:44:09.444Z,23.56,5.28,1077,142.2
2026-09-04T05:44:23.172Z,21.81,5.21,1081.2,154.1
2026-09-04T05:44:38.115Z,22,5.24,1078.9,151
2026-09-04T05:44:52.771Z,21.94,5.25,1074.8,156.1
2026-09-04T05:45:06.884Z,22,5.26,1075.4,152
2026-09-04T05:45:20.995Z,21.38,5.27,1074.8,151.7
2026-09-04T05:45:35.075Z,22,5.22,1078.9,151.9
2026-09-04T05:45:48.804Z,22.06,5.21,1080.9,146.1
2026-09-04T05:46:02.471Z,21.56,5.22,1081.2,149.9
2026-09-04T05:46:16.643Z,21.44,5.22,1081.2,152.2
2026-09-04T05:46:31.715Z,22,5.34,1077.4,145.5
2026-09-04T05:46:45.443Z,22,5.29,1074.2,152.1
2026-09-04T05:46:59.108Z,21.94,5.21,1081.3,152.4
2026-09-04T05:47:13.283Z,21.94,5.25,1074.7,153.7
2026-09-04T05:47:27.364Z,21.94,5.27,1076.4,149.8
2026-09-04T05:47:42.468Z,21.44,5.25,1080.2,147.6
2026-09-04T05:47:56.579Z,22.12,5.3,1075.4,146.7
2026-09-04T05:48:10.179Z,22.06,5.27,1078.3,147.4
2026-09-04T05:48:23.907Z,21.44,5.32,1076.2,148.2
2026-09-04T05:48:38.019Z,22.06,5.27,1082,145.8
2026-09-04T05:48:52.099Z,21.88,5.3,1076.2,146.8
2026-09-04T05:49:06.211Z,21.88,5.29,1075.2,148.6
2026-09-04T05:49:20.227Z,21.94,5.25,1076.8,151.8
2026-09-04T05:49:34.404Z,22,5.25,1082,148.9
2026-09-04T05:49:48.164Z,21.88,5.31,1077.2,147
2026-09-04T05:50:03.428Z,22,5.27,1084.6,146.2
2026-09-04T05:50:17.091Z,22,5.27,1083,147
2026-09-04T05:50:30.788Z,22.06,5.27,1083.2,145.7
2026-09-04T05:50:45.444Z,22,5.28,1082.4,144.2
2026-09-04T05:50:59.139Z,22,5.31,1077.8,147.8
2026-09-04T05:51:13.380Z,22,5.24,1082.8,147.4
2026-09-04T05:51:27.044Z,21.94,5.33,1082.3,141.9
2026-09-04T05:51:52.291Z,22.06,5.29,1081.2,146
2026-09-04T05:52:05.891Z,22,5.33,1076.4,141.7
2026-09-04T05:52:19.907Z,21.94,5.24,1082,143.3
2026-09-04T05:52:33.955Z,21.88,5.28,1074,148.9
2026-09-04T05:52:47.875Z,21.44,5.23,1078.8,149.8
2026-09-04T05:53:01.891Z,21.44,5.27,1074.1,150.2
2026-09-04T05:53:15.876Z,21.94,5.25,1076.6,149
2026-09-04T05:53:30.243Z,21.31,5.29,1075.6,148.6
2026-09-04T05:53:45.603Z,22.06,5.25,1079.5,149.9
2026-09-04T05:53:59.556Z,21.56,5.21,1079,151.4
2026-09-04T05:54:13.636Z,21.94,5.28,1074.2,149.6
2026-09-04T05:54:27.875Z,21.5,5.28,1078,144.9
2026-09-04T05:54:42.628Z,22.5,5.25,1081.4,144.2
2026-09-04T05:54:56.484Z,22.06,5.22,1081.6,144.4
2026-09-04T05:55:10.115Z,21.44,5.22,1081.8,146.3
2026-09-04T05:55:24.355Z,22.06,5.28,1076.2,145.2
2026-09-04T05:55:37.955Z,21.94,5.25,1081.4,142.8
2026-09-04T05:55:52.323Z,21.94,5.22,1081.8,144.3
2026-09-04T05:56:06.979Z,22,5.23,1079.8,147.1
2026-09-04T05:56:20.611Z,21.38,5.23,1082.4,145.1
2026-09-04T05:56:34.595Z,22.06,5.23,1082.2,146.5
2026-09-04T05:56:48.195Z,21.94,5.29,1077,146.1
2026-09-04T05:57:02.564Z,21.31,5.23,1081.7,150.2
2026-09-04T05:57:17.188Z,21.31,5.27,1077.2,149.2
2026-09-04T05:57:31.203Z,22,5.32,1078,143.6
2026-09-04T05:57:45.347Z,21.94,5.31,1079.8,142.8
2026-09-04T05:57:59.427Z,21.38,5.31,1076,148.3
2026-09-04T05:58:13.859Z,22.06,5.28,1077.8,149.1
2026-09-04T05:58:28.132Z,22.25,5.27,1083.2,141.2
2026-09-04T05:58:41.763Z,21.94,5.29,1083,140.7
2026-09-04T05:58:55.779Z,21.81,5.29,1080.2,146.3
2026-09-04T05:59:09.763Z,21.81,5.33,1076.2,150.4
2026-09-04T05:59:24.899Z,22.06,5.31,1081.4,141.9
2026-09-04T05:59:38.531Z,21.5,5.3,1084.6,144.1
2026-09-04T05:59:52.611Z,21.81,5.34,1083.8,141.9
2026-09-04T06:00:07.683Z,21.94,5.32,1083.7,141.3
2026-09-04T06:00:21.732Z,21.44,5.31,1083.9,142.4
2026-09-04T06:00:36.227Z,22.06,5.3,1083.5,141.3
2026-09-04T06:00:49.987Z,21.38,5.29,1083.4,141
2026-09-04T06:01:04.035Z,22,5.36,1076.2,145.6
2026-09-04T06:01:18.628Z,22,5.35,1079.2,142.2
2026-09-04T06:01:32.323Z,21.94,5.37,1082.2,140.4
2026-09-04T06:01:46.723Z,21.94,5.39,1079.4,142.2
2026-09-04T06:02:00.740Z,22.06,5.37,1078.8,142.8
2026-09-04T06:02:14.403Z,21.88,5.32,1084.6,140.8
2026-09-04T06:02:28.483Z,21.94,5.35,1077.4,146.2
2026-09-04T06:02:42.563Z,22.06,5.29,1083.8,142.4
2026-09-04T06:03:09.347Z,21.38,5.29,1084,144.5
2026-09-04T06:03:23.363Z,21.44,5.3,1084.3,146
2026-09-04T06:03:37.668Z,21.38,5.31,1084.4,144.8
2026-09-04T06:03:51.684Z,21.94,5.35,1078.2,145.5
2026-09-04T06:04:06.472Z,22,5.28,1084.3,142.4
2026-09-04T06:04:20.100Z,21.94,5.31,1084.6,142.3
2026-09-04T06:04:34.148Z,22.06,5.31,1084.6,141.3
2026-09-04T06:04:47.843Z,22,5.31,1083.7,144.2
2026-09-04T06:05:01.507Z,21.44,5.31,1084.8,142.9
2026-09-04T06:05:15.908Z,21.88,5.29,1084.6,142.2
2026-09-04T06:05:29.923Z,21.94,5.35,1077.1,144.9
2026-09-04T06:05:43.971Z,22,5.35,1080.8,143.2
2026-09-04T06:05:57.572Z,22.12,5.32,1079.5,143
2026-09-04T06:06:11.331Z,22.12,5.39,1079.2,139
2026-09-04T06:06:37.187Z,22,5.27,1083,141.2
2026-09-04T06:06:51.779Z,22,5.3,1075.5,147.8
2026-09-04T06:07:05.476Z,22,5.29,1080.4,144.3
2026-09-04T06:07:19.267Z,21.88,5.23,1080.2,148.1
2026-09-04T06:07:34.436Z,21.5,5.29,1075.8,147.8
2026-09-04T06:07:48.484Z,21.94,5.27,1076.2,148.8
2026-09-04T06:08:02.499Z,22,5.22,1082.2,146.7
2026-09-04T06:08:16.132Z,22,5.3,1077.4,143.3
2026-09-04T06:08:29.732Z,22.5,5.3,1082.2,139.8
2026-09-04T06:08:43.780Z,17.88,5.3,1077.2,158.8
2026-09-04T06:08:57.859Z,23.06,5.3,1079.6,140.3
2026-09-04T06:09:11.492Z,22.69,5.3,1075.2,145.2
2026-09-04T06:09:25.572Z,22.38,5.28,1077.8,143.1
2026-09-04T06:09:39.779Z,22,5.28,1080.1,143.3
2026-09-04T06:09:53.891Z,22.06,5.24,1078.8,148.2
2026-09-04T06:10:07.524Z,21.56,5.29,1076.6,146.8
2026-09-04T06:10:21.540Z,21.94,5.3,1078.4,143.7
2026-09-04T06:10:36.803Z,-21.44,5.34,1081.6,6087.3
2026-09-04T06:11:02.115Z,15.81,5.35,1079.2,158.8
2026-09-04T06:11:17.091Z,23.12,5.33,1077.4,139.6
2026-09-04T06:11:30.756Z,23.81,5.3,1079,140.7
2026-09-04T06:11:45.156Z,24.44,5.31,1081,134.6
2026-09-04T06:11:58.819Z,23.25,5.31,1077.5,141.2
2026-09-04T06:12:12.484Z,21.88,5.31,1076,145.1
2026-09-04T06:12:26.883Z,22.12,5.28,1078.6,144.8
2026-09-04T06:12:40.547Z,-3.56,5.31,1083.2,287.6
2026-09-04T06:12:55.140Z,-8.06,5.3,1084.6,364.5
2026-09-04T06:13:09.251Z,-6.75,5.32,1080.2,347.5
2026-09-04T06:13:23.235Z,-29.62,5.32,1085.3,-6466.9
2026-09-04T06:13:38.084Z,-15,5.37,1078.2,699.2
2026-09-04T06:13:52.516Z,-3.25,5.3,1085.1,282.7
2026-09-04T06:14:06.692Z,12.62,5.3,1081.7,173.2
2026-09-04T06:14:20.739Z,22,5.26,1082.7,143.6
2026-09-04T06:14:34.371Z,23.94,5.25,1083.2,137.2
2026-09-04T06:14:48.419Z,22.19,5.29,1078,141.9
2026-09-04T06:15:03.011Z,23.31,5.31,1084.4,136.8
2026-09-04T06:15:16.675Z,22.19,5.31,1084.3,140.3
2026-09-04T06:15:31.235Z,21.94,5.36,1079.4,140.3
2026-09-04T06:15:45.251Z,22.12,5.36,1085.6,139.9
2026-09-04T06:15:59.267Z,21.88,5.32,1081.4,143.1
2026-09-04T06:16:13.380Z,21.94,5.36,1076.8,145
2026-09-04T06:16:27.492Z,21.94,5.33,1076.8,146.1
2026-09-04T06:16:41.859Z,21.94,5.26,1078.2,147
2026-09-04T06:16:56.259Z,21.31,5.24,1082.5,146.5
2026-09-04T06:17:10.691Z,21.88,5.26,1081.8,143.8
2026-09-04T06:17:24.867Z,-16.44,5.31,1079,885.2
2026-09-04T06:17:39.395Z,-37.88,5.3,1085.2,-908.2
2026-09-04T06:17:53.859Z,-47.38,5.31,1083.4,-435.2
2026-09-04T06:18:08.387Z,-45.44,5.32,1081.4,-475.8
2026-09-04T06:18:23.267Z,-51.12,5.29,1083,-350.9
2026-09-04T06:18:37.699Z,-56.25,5.29,1085.1,-281.8
2026-09-04T06:18:52.195Z,-63.5,5.32,1085.2,-219
2026-09-04T06:19:06.595Z,-62.88,5.36,1080.4,-222.4
2026-09-04T06:19:21.667Z,-67.94,5.37,1078.6,-193.4
2026-09-04T06:19:36.547Z,-67.62,5.39,1078,-192.4
2026-09-04T06:19:50.947Z,-66.56,5.32,1084.6,-199.4
2026-09-04T06:20:05.379Z,-68.75,5.31,1085.2,-186.6
2026-09-04T06:20:20.676Z,-60.12,5.32,1085.2,-239.1
2026-09-04T06:20:35.075Z,-68.75,5.32,1086,-183.8
2026-09-04T06:20:50.020Z,-68.75,5.36,1086,-182.8
2026-09-04T06:21:04.452Z,-68.75,5.37,1083.1,-183.1
2026-09-04T06:21:19.844Z,-67.38,5.4,1079,-190.6
2026-09-04T06:21:34.339Z,-38.31,5.34,1085.8,-867.8
2026-09-04T06:21:48.836Z,-15.44,5.32,1085.4,712.9
2026-09-04T06:22:12.836Z,1.75,5.38,1077.6,244.3
2026-09-04T06:22:26.916Z,4.19,5.37,1077.4,218.9
2026-09-04T06:22:42.148Z,8.62,5.36,1077.7,196.9
2026-09-04T06:22:56.227Z,6.69,5.35,1080.8,199.8
2026-09-04T06:23:10.724Z,8.88,5.32,1084.8,187
2026-09-04T06:23:24.772Z,6.69,5.35,1077.4,205.8
2026-09-04T06:23:39.460Z,0.38,5.28,1085,244.8
2026-09-04T06:23:53.508Z,-8.94,5.35,1077.9,389.7
2026-09-04T06:24:18.564Z,-31.69,5.34,1079,-3072.5
2026-09-04T06:24:33.476Z,-39.81,5.33,1084.2,-766.9
2026-09-04T06:24:48.676Z,-42.56,5.36,1079.1,-582
2026-09-04T06:25:03.108Z,-44.25,5.38,1077.8,-522.2
2026-09-04T06:25:17.636Z,-46.12,5.3,1085.3,-444.8
2026-09-04T06:25:32.771Z,-42.12,5.3,1084,-604.4
2026-09-04T06:25:47.587Z,-37.19,5.3,1085.2,-988.1
2026-09-04T06:26:01.988Z,-51.88,5.36,1084.4,-322.4
2026-09-04T06:26:16.484Z,-57.88,5.33,1086.9,-248.8
2026-09-04T06:26:30.980Z,-62.06,5.36,1085.2,-217.6
2026-09-04T06:26:45.380Z,-56.5,5.37,1087,-267.4
2026-09-04T06:27:00.163Z,-25.62,5.38,1078.5,-1361802.5
2026-09-04T06:27:14.627Z,-1.81,5.34,1079.7,265.5
2026-09-04T06:27:28.739Z,21.25,5.35,1078.6,142.1
2026-09-04T06:27:42.756Z,23.25,5.33,1083.8,134.5
2026-09-04T06:27:56.484Z,24.06,5.33,1077,137
2026-09-04T06:28:11.235Z,-3.75,5.32,1083.4,281.3
2026-09-04T06:28:26.339Z,-39.94,5.34,1079,-729
2026-09-04T06:28:40.900Z,-57.31,5.29,1083.9,-259.5
2026-09-04T06:28:55.363Z,-60.56,5.29,1086,-228.7
2026-09-04T06:29:09.827Z,-56.06,5.32,1082,-280.3
2026-09-04T06:29:24.643Z,-68.31,5.34,1080.4,-191.3
2026-09-04T06:29:39.140Z,-60.69,5.35,1079.8,-239.3
2026-09-04T06:29:53.507Z,-54.44,5.32,1083,-300.2
2026-09-04T06:30:08.323Z,-67.25,5.36,1084.4,-190
2026-09-04T06:30:22.755Z,-68.75,5.39,1079.8,-183.5
2026-09-04T06:30:38.471Z,-56.44,5.37,1084.8,-272
2026-09-04T06:30:52.868Z,-17.38,5.34,1082.7,1017
2026-09-04T06:31:08.291Z,-18.38,5.36,1080.5,1396.9
2026-09-04T06:31:22.724Z,-40.81,5.39,1080.2,-668.1
2026-09-04T06:31:38.403Z,-66.69,5.38,1087.1,-195.5
2026-09-04T06:31:52.867Z,-68.75,5.42,1082.3,-186.4
2026-09-04T06:32:07.267Z,-67.19,5.43,1080.4,-195
2026-09-04T06:32:21.763Z,-68.75,5.42,1079.8,-185.1
2026-09-04T06:32:36.291Z,-68.75,5.37,1087.1,-187.3
2026-09-04T06:32:51.075Z,-68.75,5.41,1081,-182.6
2026-09-04T06:33:05.507Z,-68.75,5.43,1081.4,-180.7
2026-09-04T06:33:30.084Z,-68.75,5.35,1087.6,-182.8
2026-09-04T06:33:44.516Z,-68.75,5.38,1087.1,-186.6
2026-09-04T06:33:59.267Z,-68.75,5.39,1086.7,-187.6
2026-09-04T06:34:14.403Z,-68.75,5.39,1085.6,-188.9
2026-09-04T06:34:28.931Z,-56.69,5.38,1086.2,-275.3
2026-09-04T06:34:44.099Z,-14,5.42,1079.2,597.7
2026-09-04T06:34:58.500Z,-63.25,5.36,1087,-212.2
2026-09-04T06:35:13.316Z,-9.88,5.33,1086.4,407.8
2026-09-04T06:35:27.460Z,20.19,5.38,1080.4,145.9
2026-09-04T06:35:42.052Z,18.69,5.33,1081.5,151.3
2026-09-04T06:35:57.124Z,23,5.38,1079.6,140.8
2026-09-04T06:36:11.300Z,23.75,5.38,1080.6,135.7
2026-09-04T06:36:25.860Z,22,5.35,1085.3,143.4
2026-09-04T06:36:39.524Z,21.5,5.35,1086.6,142.2
2026-09-04T06:36:53.635Z,21.81,5.37,1079.6,145.5
2026-09-04T06:37:07.715Z,21.12,5.37,1079.3,147.7
2026-09-04T06:37:21.731Z,21.62,5.36,1077.8,146.3
2026-09-04T06:37:36.835Z,21.75,5.36,1077.4,146.6
2026-09-04T06:37:50.916Z,21.81,5.3,1081.5,145.9
2026-09-04T06:38:05.347Z,21.81,5.3,1076.6,151.9
2026-09-04T06:38:19.588Z,21.69,5.28,1080.4,145.2
2026-09-04T06:38:33.636Z,21.75,5.23,1083.3,145.4
2026-09-04T06:38:48.836Z,21.69,5.28,1075.8,153.2
2026-09-04T06:39:02.884Z,21.69,5.21,1082.9,149.8
2026-09-04T06:39:16.963Z,21.75,5.25,1077.2,151.4
2026-09-04T06:39:31.044Z,21.94,5.25,1074.9,152.6
2026-09-04T06:39:45.700Z,21.75,5.21,1077.6,157.5
2026-09-04T06:40:00.195Z,21.75,5.18,1078.2,156
2026-09-04T06:40:14.339Z,21.69,5.18,1082,149.7
2026-09-04T06:40:28.388Z,21.19,5.17,1082,155.7
2026-09-04T06:40:42.595Z,21.81,5.17,1081.4,155.8
2026-09-04T06:40:56.707Z,21.75,5.15,1078.6,158
2026-09-04T06:41:11.171Z,21.19,5.2,1075.8,161.8
2026-09-04T06:41:25.987Z,21.94,5.19,1078.7,150.5
2026-09-04T06:41:40.099Z,22.5,5.22,1074.8,154
2026-09-04T06:41:53.764Z,23.75,5.19,1082.3,142.8
2026-09-04T06:42:08.259Z,22.75,5.19,1078.6,147.1
2026-09-04T06:42:22.403Z,22.75,5.18,1082.5,149
2026-09-04T06:42:36.291Z,23.12,5.23,1075.8,148.8
2026-09-04T06:42:51.139Z,23.19,5.22,1079.7,143.7
2026-09-04T06:43:06.147Z,22.69,5.21,1075.8,152.7
2026-09-04T06:43:20.131Z,24,5.22,1075.6,150.7
2026-09-04T06:43:35.011Z,23.56,5.23,1075,147.6
2026-09-04T06:43:48.867Z,22.88,5.23,1075.1,153.7
2026-09-04T06:44:03.651Z,22.56,5.17,1082.2,150.5
2026-09-04T06:44:17.411Z,22.38,5.19,1081.8,152
2026-09-04T06:44:31.076Z,22.44,5.17,1082.4,147.9
2026-09-04T06:44:45.124Z,22.38,5.21,1077.4,150.9
2026-09-04T06:44:58.787Z,22.75,5.19,1082.8,145.4
2026-09-04T06:45:12.451Z,22.62,5.22,1077.6,148.5
2026-09-04T06:45:26.403Z,22.62,5.23,1081.2,143
2026-09-04T06:45:40.163Z,22.81,5.21,1082.8,146.9
2026-09-04T06:45:54.819Z,22.25,5.26,1076.8,148.7
2026-09-04T06:46:08.484Z,22.31,5.23,1082,145.6
2026-09-04T06:46:22.820Z,21.81,5.29,1078.6,146.8
2026-09-04T06:46:37.571Z,22.06,5.27,1079.8,144.7
2026-09-04T06:46:51.235Z,21.75,5.23,1082.3,147.8
2026-09-04T06:47:06.083Z,21.69,5.24,1077.9,153
2026-09-04T06:47:20.164Z,21.81,5.26,1075.4,153.3
2026-09-04T06:47:35.075Z,21.81,5.18,1081.4,151.2
2026-09-04T06:47:49.124Z,21.69,5.2,1082,149.3
2026-09-04T06:48:03.203Z,21.69,5.22,1079,150.3
2026-09-04T06:48:17.636Z,21.75,5.23,1077.2,150.4
2026-09-04T06:48:31.684Z,21.25,5.18,1080,155.5
2026-09-04T06:48:45.731Z,21.75,5.2,1082.1,149.1
2026-09-04T06:48:59.747Z,21.44,5.2,1077.8,154.3
2026-09-04T06:49:14.500Z,22.12,5.21,1082.6,146.7
2026-09-04T06:49:28.515Z,22.19,5.24,1076.2,150.6
2026-09-04T06:49:42.243Z,22.12,5.23,1080.2,146.1
2026-09-04T06:49:56.004Z,21.62,5.2,1083.2,151.8
2026-09-04T06:50:10.051Z,22.25,5.2,1083.4,145.1
2026-09-04T06:50:23.715Z,21.62,5.24,1075.9,152.8
2026-09-04T06:50:38.403Z,22.12,5.22,1080.6,147
2026-09-04T06:50:52.100Z,21.94,5.2,1083.4,145.9
2026-09-04T06:51:06.148Z,22,5.24,1080,145.6
2026-09-04T06:51:19.844Z,22.38,5.25,1077.1,149.9
2026-09-04T06:51:33.668Z,22.12,5.23,1081.3,144.8
2026-09-04T06:51:48.163Z,22,5.2,1083.7,147.3
2026-09-04T06:52:01.827Z,21.94,5.26,1076.6,151.6
2026-09-04T06:52:23.748Z,22.25,5.22,1083.6,145.6
2026-09-04T06:52:37.380Z,22.25,5.19,1083.4,147
2026-09-04T06:52:51.428Z,22.5,5.22,1082.5,146.2
2026-09-04T06:53:05.123Z,22.12,5.22,1084,144.9
2026-09-04T06:53:18.756Z,21.88,5.22,1084.4,145.8
2026-09-04T06:53:32.836Z,21.38,5.2,1084.4,147
2026-09-04T06:53:46.948Z,21.69,5.23,1085,145.3
2026-09-04T06:54:01.379Z,21.19,5.3,1077.6,149
2026-09-04T06:54:15.427Z,21.62,5.3,1077.6,147.7
2026-09-04T06:54:29.507Z,21.19,5.3,1078.4,146.2
2026-09-04T06:54:43.555Z,21.75,5.29,1077,147.8
2026-09-04T06:54:57.635Z,21.69,5.29,1077.8,148
2026-09-04T06:55:12.131Z,21.81,5.21,1084,145.5
2026-09-04T06:55:26.147Z,21.75,5.27,1077.4,148.3
2026-09-04T06:55:40.227Z,21.69,5.27,1076.8,152.2
2026-09-04T06:55:54.275Z,21.81,5.26,1076.2,153.2
2026-09-04T06:56:08.387Z,21.25,5.25,1076.3,154.3
2026-09-04T06:56:23.396Z,21.81,5.24,1079.4,149.7
2026-09-04T06:56:37.380Z,21.75,5.22,1083.2,145.7
2026-09-04T06:56:51.427Z,21.69,5.21,1083.4,148.1
2026-09-04T06:57:05.668Z,21.19,5.2,1082.6,151.4
2026-09-04T06:57:19.715Z,21.56,5.25,1077.6,149.5
2026-09-04T06:57:34.147Z,21.75,5.27,1076.2,152.7
2026-09-04T06:57:48.195Z,21.75,5.27,1077,151.2
2026-09-04T06:58:02.243Z,21.62,5.24,1084.2,144.6
2026-09-04T06:58:16.291Z,21.75,5.25,1077.6,150.4
2026-09-04T06:58:31.331Z,21.19,5.27,1077.2,153.9
2026-09-04T06:58:46.019Z,21.19,5.27,1079,149.1
2026-09-04T06:59:00.067Z,21.62,5.28,1078.4,148.7
2026-09-04T06:59:14.275Z,21.12,5.27,1078.6,146.4
2026-09-04T06:59:28.355Z,21.69,5.29,1077.4,147
2026-09-04T06:59:42.403Z,21.75,5.23,1084.6,144.3
2026-09-04T06:59:57.028Z,21.75,5.32,1079,147
2026-09-04T07:00:11.171Z,21.75,5.32,1084.2,141.1
2026-09-04T07:00:25.859Z,21.62,5.34,1080.6,143.5
2026-09-04T07:00:39.940Z,21.25,5.34,1080.3,145
2026-09-04T07:00:54.083Z,21.88,5.34,1079.6,144.7
2026-09-04T07:01:08.579Z,21.31,5.34,1078.8,144.6
2026-09-04T07:01:22.755Z,21.19,5.32,1080,146.2
2026-09-04T07:01:36.867Z,21.88,5.31,1078.4,145.4
2026-09-04T07:04:01.924Z,21.62,5.26,1078.9,151.4
2026-09-04T07:04:16.099Z,21.69,5.24,1079.4,149.6
2026-09-04T07:04:30.436Z,21.88,5.24,1077,154.6
2026-09-04T07:04:44.644Z,21.81,5.17,1082.2,152.6
2026-09-04T07:04:59.363Z,22,5.18,1082.8,152
2026-09-04T07:05:13.924Z,21.62,5.23,1077.6,153.4
2026-09-04T07:05:28.036Z,21.88,5.22,1075.4,158.5
2026-09-04T07:05:42.179Z,22,5.18,1083.1,152
2026-09-04T07:05:55.907Z,21.75,5.21,1080.1,153.5
2026-09-04T07:06:10.371Z,21.31,5.21,1083.8,151.2
2026-09-04T07:06:24.548Z,21.25,5.26,1076.1,157
2026-09-04T07:06:39.363Z,21.75,5.19,1082.4,153.5
2026-09-04T07:06:53.508Z,21.94,5.17,1081.4,155.2
2026-09-04T07:07:08.548Z,21.38,5.18,1078.6,158.7
2026-09-04T07:07:23.940Z,21.75,5.22,1076.3,156.4
2026-09-04T07:07:37.988Z,21.25,5.2,1078.8,153.6
2026-09-04T07:07:52.068Z,21.88,5.22,1076.1,156.6
2026-09-04T07:08:06.532Z,21.31,5.19,1081.1,154.7
2026-09-04T07:08:20.580Z,21.25,5.2,1076,158.6
2026-09-04T07:08:35.844Z,21.75,5.18,1077,161.6
2026-09-04T07:08:49.988Z,21.81,5.16,1081.8,156.3
2026-09-04T07:09:04.132Z,21.31,5.19,1082.1,152.6
2026-09-04T07:09:18.948Z,21.75,5.19,1078.9,155.5
2026-09-04T07:09:33.380Z,21.31,5.22,1079,150.8
2026-09-04T07:09:53.476Z,21.88,5.25,1077.4,153.5
2026-09-04T07:10:07.748Z,21.75,5.28,1078.5,152.6
2026-09-04T07:10:21.892Z,21.94,5.21,1084.7,151.3
2026-09-04T07:10:35.972Z,21.88,5.23,1085.2,147.9
2026-09-04T07:10:50.500Z,21.88,5.23,1085.1,150.1
2026-09-04T07:11:05.092Z,22.06,5.22,1081.1,150.7
2026-09-04T07:11:19.012Z,21.94,5.28,1077,150.3
2026-09-04T07:11:33.828Z,21.75,5.25,1077.2,151.7
2026-09-04T07:11:48.036Z,21.75,5.2,1084.2,147.7
2026-09-04T07:12:02.340Z,21.81,5.25,1077.1,153.2
2026-09-04T07:12:16.868Z,21.38,5.23,1080.6,150
2026-09-04T07:12:31.812Z,21.81,5.23,1078.2,151.2
2026-09-04T07:12:46.020Z,21.75,5.17,1083.1,152
2026-09-04T07:13:00.227Z,21.94,5.19,1078,155.8
2026-09-04T07:13:15.363Z,21.25,5.22,1076.2,157.6
2026-09-04T07:13:29.924Z,21.88,5.23,1077.9,150.8
2026-09-04T07:13:45.155Z,21.88,5.17,1083.8,151.1
2026-09-04T07:13:59.235Z,21.94,5.18,1083.6,147.5
2026-09-04T07:14:13.315Z,21.81,5.27,1076.9,153.7
2026-09-04T07:14:27.459Z,21.88,5.27,1079,147.4
2026-09-04T07:14:41.923Z,21.38,5.25,1085.4,145.8
2026-09-04T07:14:56.996Z,21.88,5.26,1085.4,146.2
2026-09-04T07:15:11.075Z,22,5.29,1077.9,145.9
2026-09-04T07:15:24.900Z,21.44,5.22,1083.8,150.6
2026-09-04T07:15:39.075Z,21.94,5.26,1077,151.4
2026-09-04T07:15:53.572Z,21.81,5.25,1077.5,153.9
2026-09-04T07:16:07.684Z,21.88,5.17,1084.2,149
2026-09-04T07:16:22.595Z,21.75,5.21,1078.9,157.9
2026-09-04T07:16:36.708Z,21.75,5.19,1078,156.9
2026-09-04T07:16:50.884Z,21.88,5.23,1075.9,154.1
2026-09-04T07:17:05.732Z,21.88,5.19,1081.2,155
2026-09-04T07:17:19.940Z,21.88,5.2,1081,150.3
2026-09-04T07:17:34.052Z,21.25,5.21,1075.9,157.4
2026-09-04T07:17:48.323Z,21.81,5.19,1081.3,151.5
2026-09-04T07:18:03.363Z,21.88,5.21,1080.4,151.5
2026-09-04T07:18:17.988Z,21.75,5.23,1075.7,158
2026-09-04T07:18:32.195Z,21.88,5.18,1083.2,151.3
2026-09-04T07:18:46.756Z,21.88,5.19,1080.4,156
2026-09-04T07:19:01.956Z,21.25,5.22,1079.2,151.2
2026-09-04T07:19:16.164Z,21.69,5.22,1078.4,153.5
2026-09-04T07:19:30.787Z,22,5.23,1078.7,152.1
2026-09-04T07:19:44.612Z,21.38,5.17,1083.4,152.9
2026-09-04T07:19:58.787Z,21.75,5.22,1076.3,156.4
2026-09-04T07:20:13.060Z,21.75,5.19,1080.2,155
2026-09-04T07:20:27.428Z,21.88,5.24,1079.5,146.6
2026-09-04T07:20:41.891Z,21.75,5.23,1084.1,144.9
2026-09-04T07:20:56.772Z,21.88,5.24,1085.5,145.8
2026-09-04T07:21:10.915Z,21.81,5.27,1085.2,145.5
2026-09-04T07:21:25.060Z,21.81,5.24,1079.9,153
2026-09-04T07:21:39.140Z,21.88,5.25,1079.2,151.4
2026-09-04T07:21:53.700Z,21.88,5.2,1083.7,147.1
2026-09-04T07:22:08.484Z,21.81,5.16,1083.9,150.4
2026-09-04T07:22:22.948Z,21.88,5.24,1075.5,153.7
2026-09-04T07:22:46.659Z,21.75,5.23,1076.1,157.9
2026-09-04T07:23:01.283Z,21.88,5.21,1082.2,149
2026-09-04T07:23:16.259Z,21.94,5.19,1084.2,153.6
2026-09-04T07:23:30.435Z,21.81,5.17,1083.6,167.2
2026-09-04T07:23:44.516Z,21.38,5.19,1083.6,168.4
2026-09-04T07:23:58.692Z,21.75,5.24,1076.2,169.6
2026-09-04T07:24:13.315Z,21.69,5.18,1084.3,192.1
2026-09-04T07:24:28.195Z,21.75,5.23,1085.5,194.4
2026-09-04T07:24:42.275Z,21.69,5.27,1086.6,199.7
2026-09-04T07:24:56.419Z,21.81,5.33,1079.2,171.9
2026-09-04T07:25:11.267Z,21.31,5.33,1079.9,176.9
2026-09-04T07:25:26.211Z,21.69,5.3,1087,172.1
2026-09-04T07:25:40.388Z,21.38,5.29,1076.1,160.2
2026-09-04T07:25:54.532Z,21.94,5.26,1080,162.4
2026-09-04T07:26:08.964Z,21.94,5.26,1077.4,157.1
2026-09-04T07:26:23.171Z,21.81,5.27,1076.8,154.8
2026-09-04T07:26:37.923Z,21.81,5.22,1084,150.3
2026-09-04T07:26:52.068Z,21.25,5.21,1077.8,158
2026-09-04T07:27:06.532Z,21.81,5.24,1077.7,153
2026-09-04T07:27:20.644Z,21.25,5.21,1083.3,150.2
2026-09-04T07:27:34.884Z,21.88,5.22,1077.4,157.5
2026-09-04T07:27:49.508Z,21.88,5.23,1076.2,156.5
2026-09-04T07:28:03.715Z,21.94,5.21,1077,156
2026-09-04T07:28:17.827Z,21.25,5.23,1081,149.4
2026-09-04T07:28:31.940Z,21.88,5.25,1077.4,154
2026-09-04T07:28:46.084Z,21.88,5.25,1079,151
2026-09-04T07:29:00.740Z,21.31,5.24,1075.9,156.8
2026-09-04T07:29:14.723Z,21.94,5.24,1076.6,154.7
2026-09-04T07:29:28.900Z,21.81,5.25,1076.6,153.3
2026-09-04T07:29:42.916Z,21.88,5.23,1081.5,146.6
2026-09-04T07:29:57.123Z,21.81,5.24,1079.4,150.5
2026-09-04T07:30:12.452Z,21.19,5.26,1076.3,155.2
2026-09-04T07:30:26.724Z,21.88,5.24,1080.4,147.6
2026-09-04T07:30:41.796Z,21.75,5.21,1080.2,155.7
2026-09-04T07:30:55.939Z,22.06,5.2,1084.2,148.2
2026-09-04T07:31:10.563Z,21.25,5.18,1083.7,152.1
2026-09-04T07:31:25.251Z,21.88,5.27,1078,150.1
2026-09-04T07:31:39.363Z,21.88,5.23,1083.6,150.8
2026-09-04T07:31:53.699Z,21.25,5.25,1084.2,151.5
2026-09-04T07:32:08.707Z,21.94,5.23,1084.6,149.4
2026-09-04T07:32:22.916Z,22,5.29,1077.4,149.8
2026-09-04T07:32:37.764Z,21.81,5.27,1077.8,151.5
2026-09-04T07:32:53.028Z,21.88,5.27,1078.2,150.9
2026-09-04T07:33:07.459Z,21.88,5.19,1084.5,147.3
2026-09-04T07:33:22.659Z,21.88,5.27,1078,149.3
2026-09-04T07:33:36.740Z,21.88,5.22,1080.8,150.2
2026-09-04T07:33:51.331Z,21.75,5.27,1077.8,149.5
2026-09-04T07:34:14.948Z,21.38,5.21,1082.6,151.9
2026-09-04T07:34:30.019Z,21.88,5.27,1077.4,153.3
2026-09-04T07:34:44.132Z,21.31,5.24,1082,152.7
2026-09-04T07:34:58.564Z,21.81,5.23,1085.3,144.9
2026-09-04T07:35:12.740Z,21.88,5.26,1082.3,147.8
2026-09-04T07:35:26.852Z,21.81,5.29,1077.9,150.6
2026-09-04T07:35:41.059Z,21.75,5.31,1078.5,148
2026-09-04T07:35:55.172Z,21.81,5.31,1079,146.3
2026-09-04T07:36:10.339Z,21.88,5.35,1080.8,144.2
2026-09-04T07:36:24.676Z,21.88,5.3,1087.1,146
2026-09-04T07:36:38.723Z,21.81,5.34,1087.4,143.3
2026-09-04T07:36:52.963Z,21.38,5.31,1087.2,146.5
2026-09-04T07:37:07.139Z,21.81,5.29,1084.7,145.3
2026-09-04T07:37:21.731Z,21.81,5.31,1077.4,149.1
2026-09-04T07:37:36.291Z,21.88,5.26,1085.2,151
2026-09-04T07:37:50.404Z,21.88,5.3,1079.7,146.5
2026-09-04T07:38:04.644Z,21.88,5.25,1085.2,148.5
2026-09-04T07:38:19.620Z,21.81,5.3,1077.6,152.9
2026-09-04T07:38:34.820Z,21.81,5.3,1078.8,149.1
2026-09-04T07:38:48.900Z,21.81,5.25,1077.3,153.7
2026-09-04T07:39:03.235Z,21.75,5.21,1084.2,147
2026-09-04T07:39:17.476Z,21.31,5.27,1078.4,154.5
2026-09-04T07:39:31.620Z,21.75,5.22,1084.9,147.2
2026-09-04T07:39:46.179Z,21.75,5.24,1084.5,149.3
2026-09-04T07:40:00.355Z,21.81,5.21,1084.2,152.3
2026-09-04T07:40:14.499Z,21.75,5.28,1079,148.5
2026-09-04T07:40:28.708Z,21.38,5.27,1085.6,146.3
2026-09-04T07:40:42.884Z,21.88,5.29,1078.2,153.1
2026-09-04T07:40:57.412Z,21.75,5.28,1079.8,150.8
2026-09-04T07:41:12.131Z,21.31,5.26,1081.8,148.2
2026-09-04T07:41:26.436Z,21.88,5.21,1083.4,150.8
2026-09-04T07:41:40.867Z,21.75,5.17,1083,155.2
2026-09-04T07:41:55.843Z,21.81,5.2,1078,158.9
2026-09-04T07:42:10.275Z,21.81,5.21,1077.3,160.7
2026-09-04T07:42:24.516Z,21.81,5.17,1084.3,153.1
2026-09-04T07:42:40.163Z,21.38,5.19,1078.2,159.2
2026-09-04T07:42:54.468Z,21.62,5.16,1083.5,157.8
2026-09-04T07:43:08.579Z,21.31,5.23,1077.5,158.4
2026-09-04T07:43:23.044Z,21.88,5.18,1084.2,152.8
2026-09-04T07:43:37.124Z,21.81,5.21,1085.2,151.6
2026-09-04T07:43:51.876Z,21.81,5.29,1078,152.4
2026-09-04T07:44:05.924Z,21.31,5.22,1083,156.8
2026-09-04T07:44:20.036Z,21.38,5.26,1078.8,155
2026-09-04T07:44:34.472Z,21.88,5.24,1081.9,153.2
2026-09-04T07:44:48.644Z,21.31,5.2,1082.6,159.2
2026-09-04T07:45:03.588Z,21.19,5.19,1082.2,156.7
2026-09-04T07:45:17.699Z,21.19,5.24,1080.1,152
2026-09-04T07:45:31.844Z,21.12,5.18,1083.6,157.6
2026-09-04T07:45:46.468Z,21.81,5.22,1083,150.3
2026-09-04T07:46:00.547Z,21.25,5.19,1084,154.4
2026-09-04T07:46:14.659Z,21.75,5.18,1084.3,153.5
2026-09-04T07:46:28.804Z,21.81,5.18,1084.2,154.2
2026-09-04T07:46:43.011Z,21.81,5.22,1080.9,150.6
2026-09-04T07:46:57.988Z,21.81,5.2,1079.8,156.8
2026-09-04T07:47:12.068Z,21.88,5.25,1079.2,152
2026-09-04T07:47:26.179Z,21.88,5.32,1078.8,150.1
2026-09-04T07:47:40.547Z,21.94,5.32,1080.6,147.8
2026-09-04T07:47:55.619Z,21.38,5.3,1087.4,143.5
2026-09-04T07:48:10.115Z,21.94,5.36,1081.8,145.5
2026-09-04T07:48:24.291Z,21.81,5.35,1079.6,146.2
2026-09-04T07:48:38.339Z,21.25,5.28,1079.8,151
2026-09-04T07:48:52.419Z,21.81,5.21,1083.4,152
2026-09-04T07:49:06.468Z,21.31,5.24,1078.3,156.4
2026-09-04T07:49:21.059Z,21.19,5.22,1084.6,153
2026-09-04T07:49:35.203Z,21.12,5.21,1084.8,148.2
2026-09-04T07:49:49.667Z,21.75,5.27,1077.4,153.2
2026-09-04T07:50:03.747Z,21.69,5.27,1078.3,153.4
2026-09-04T07:50:17.827Z,21.81,5.23,1083.8,147.1
2026-09-04T07:50:32.323Z,21.81,5.2,1083.8,153.9
2026-09-04T07:50:46.563Z,21.81,5.18,1084.2,153.3
2026-09-04T07:51:00.740Z,21.88,5.22,1076.4,158.7
2026-09-04T07:51:14.819Z,21.88,5.23,1076.8,157.5
2026-09-04T07:51:28.931Z,21.88,5.24,1077,157.3
2026-09-04T07:51:43.459Z,21.31,5.22,1084.7,151.6
2026-09-04T07:51:57.668Z,21.25,5.28,1077.7,154.5
2026-09-04T07:52:11.716Z,21.19,5.25,1082.1,151.9
2026-09-04T07:52:25.988Z,21.94,5.28,1078.8,149.3
2026-09-04T07:52:41.508Z,21.94,5.22,1085.2,151.2
2026-09-04T07:53:06.275Z,21.81,5.27,1077.6,154.1
2026-09-04T07:53:20.323Z,21.88,5.21,1084.9,148.4
2026-09-04T07:53:35.459Z,21.88,5.25,1077.6,154.9
2026-09-04T07:53:49.571Z,21.88,5.19,1084.2,153.1
2026-09-04T07:54:04.099Z,21.81,5.24,1076.8,155.1
2026-09-04T07:54:18.243Z,21.31,5.18,1082.4,157.3
2026-09-04T07:54:32.323Z,21.81,5.15,1083.8,152.3
2026-09-04T07:54:46.403Z,21.69,5.2,1077.2,156.6
2026-09-04T07:55:00.548Z,21.25,5.15,1083.9,150
2026-09-04T07:55:15.075Z,21.69,5.21,1080.6,153.6
2026-09-04T07:55:29.155Z,21.81,5.19,1084.4,152.8
2026-09-04T07:55:43.363Z,21.81,5.23,1081.6,151.6
2026-09-04T07:55:58.467Z,21.81,5.18,1084.5,152.8
2026-09-04T07:56:12.580Z,21.88,5.22,1077,155.5
2026-09-04T07:56:26.979Z,21.75,5.17,1084.2,152.6
2026-09-04T07:56:41.123Z,21.69,5.24,1076.8,158.9
2026-09-04T07:56:55.267Z,21.06,5.23,1079.6,152.3
2026-09-04T07:57:09.315Z,21.75,5.25,1077.8,156.3
2026-09-04T07:57:23.491Z,21.88,5.19,1083.7,151.9
2026-09-04T07:57:38.755Z,21.31,5.19,1084.8,146.9
2026-09-04T07:57:52.868Z,21.31,5.22,1077.9,156.7
2026-09-04T07:58:07.428Z,21.25,5.21,1079.6,160.7
2026-09-04T07:58:21.508Z,21.94,5.2,1084.3,150.8
2026-09-04T07:58:35.780Z,21.75,5.26,1079.2,151.6
2026-09-04T07:58:50.275Z,21.88,5.27,1078.8,149.7
2026-09-04T07:59:04.323Z,21.25,5.23,1081.5,156.2
2026-09-04T07:59:18.436Z,21.88,5.26,1081.6,151.2
2026-09-04T07:59:32.516Z,21.75,5.19,1085.2,149.3
2026-09-04T07:59:46.628Z,21.62,5.28,1077.9,156
2026-09-04T08:00:01.732Z,21.88,5.22,1084.3,154.7
2026-09-04T08:00:15.971Z,21.81,5.26,1078.2,154.4
2026-09-04T08:00:30.116Z,21.81,5.24,1084,145.8
2026-09-04T08:00:44.355Z,21.81,5.25,1078.8,152.3
2026-09-04T08:00:59.140Z,21.25,5.23,1080.6,153.7
2026-09-04T08:01:13.668Z,21.31,5.26,1078.8,155.3
2026-09-04T08:01:27.748Z,21.31,5.31,1078.6,154.9
2026-09-04T08:01:41.923Z,21.81,5.32,1079.3,152.6
2026-09-04T08:01:56.259Z,22,5.29,1083.6,149.7
2026-09-04T08:02:10.020Z,21.88,5.32,1080.2,148.9
2026-09-04T08:02:25.412Z,21.88,5.29,1078.6,152
2026-09-04T08:02:40.355Z,21.81,5.22,1085.3,149.1
2026-09-04T08:02:54.851Z,21.81,5.23,1083.1,150.3
2026-09-04T08:03:08.963Z,22,5.21,1085.4,148.8
2026-09-04T08:03:22.660Z,21.94,5.23,1084.6,146.6
2026-09-04T08:03:37.188Z,21.94,5.28,1079.6,149.9
2026-09-04T08:03:52.035Z,21.88,5.25,1086.5,147.2
2026-09-04T08:04:06.115Z,21.94,5.29,1087,144.7
2026-09-04T08:04:29.251Z,21.25,5.3,1079.2,152.5
2026-09-04T08:04:44.036Z,21.81,5.25,1084.4,148.9
2026-09-04T08:04:58.243Z,21.75,5.27,1078.9,152.2
2026-09-04T08:05:12.355Z,22,5.24,1078.3,156.3
2026-09-04T08:05:26.147Z,21.75,5.22,1084,152.5
2026-09-04T08:05:41.540Z,21.88,5.25,1080.2,150.8
2026-09-04T08:05:56.132Z,21.69,5.2,1081.4,154.1
2026-09-04T08:06:10.243Z,22.38,5.25,1077.9,157.1
2026-09-04T08:06:24.163Z,21.62,5.25,1077.4,152.6
2026-09-04T08:06:38.307Z,21.81,5.25,1077.6,152.8
2026-09-04T08:06:52.867Z,21.75,5.22,1080.4,155.1
2026-09-04T08:07:07.331Z,21.75,5.19,1084.9,148
2026-09-04T08:07:21.379Z,21.25,5.24,1078.6,154.1
2026-09-04T08:07:35.492Z,21.75,5.18,1084.6,154.1
2026-09-04T08:07:50.500Z,21.19,5.18,1084.8,155.3
2026-09-04T08:08:04.739Z,21.69,5.22,1078.5,154.7
2026-09-04T08:08:19.299Z,21.69,5.23,1078.6,156.4
2026-09-04T08:08:33.508Z,21.88,5.2,1084.2,146.2
2026-09-04T08:08:47.619Z,21.19,5.23,1082.4,152.6
2026-09-04T08:09:02.500Z,21.81,5.23,1081.5,152.1
2026-09-04T08:09:16.643Z,21.19,5.21,1082.7,155
2026-09-04T08:09:31.172Z,21.75,5.27,1078.2,153.1
2026-09-04T08:09:45.251Z,21.19,5.24,1077.1,158
2026-09-04T08:09:59.395Z,21.75,5.21,1080,156
2026-09-04T08:10:13.603Z,21.75,5.17,1084.6,152.9
2026-09-04T08:10:27.811Z,21.69,5.17,1084.6,155.7
2026-09-04T08:10:42.307Z,21.06,5.19,1082.6,157.5
2026-09-04T08:10:56.515Z,21.81,5.18,1084.6,153.8
2026-09-04T08:11:10.595Z,21.69,5.21,1077.6,156.7
2026-09-04T08:11:25.443Z,21.81,5.22,1078.6,158.3
2026-09-04T08:11:39.587Z,21.88,5.21,1085.5,148.5
2026-09-04T08:11:54.052Z,22.19,5.24,1085.4,148.6
2026-09-04T08:12:08.004Z,23.69,5.27,1086.4,140.1
2026-09-04T08:12:21.700Z,21.5,5.27,1085.6,147.3
2026-09-04T08:12:35.908Z,-2.56,5.25,1086.4,294.1
2026-09-04T08:12:50.083Z,24.19,5.28,1085.4,142
2026-09-04T08:13:04.355Z,23.62,5.29,1078.6,145.7
2026-09-04T08:13:18.051Z,23.44,5.28,1079.4,143
2026-09-04T08:13:31.875Z,23.69,5.29,1078,144.3
2026-09-04T08:13:45.604Z,23.81,5.28,1082.6,140.4
2026-09-04T08:13:59.299Z,22.88,5.29,1078.1,147.5
2026-09-04T08:14:13.412Z,22.69,5.29,1078.4,150.4
2026-09-04T08:14:27.395Z,22.81,5.26,1084.1,148.3
2026-09-04T08:14:41.092Z,22.62,5.31,1081.6,142.9
2026-09-04T08:14:54.851Z,23.94,5.33,1083,140.9
2026-09-04T08:15:08.580Z,23.5,5.32,1086.4,138
2026-09-04T08:15:22.852Z,22,5.29,1086.8,142.3
2026-09-04T08:15:36.611Z,21.69,5.3,1081.8,149.7
2026-09-04T08:15:50.724Z,22.88,5.29,1086.2,145.7
2026-09-04T08:16:05.187Z,22.06,5.33,1080,145.2
2026-09-04T08:16:18.980Z,21.56,5.28,1086.3,144.9
2026-09-04T08:16:33.507Z,21.62,5.3,1081,150.2
2026-09-04T08:16:47.556Z,21.69,5.28,1083.8,150.9
2026-09-04T08:17:01.668Z,21.75,5.24,1085.9,149.1
2026-09-04T08:17:15.715Z,21.69,5.3,1078.3,150.5
2026-09-04T08:17:29.891Z,21.75,5.28,1079,154.6
2026-09-04T08:17:45.027Z,21.56,5.24,1082.2,155.2
2026-09-04T08:18:00.995Z,21.62,5.21,1083.4,152.7
2026-09-04T08:18:15.107Z,21.75,5.25,1077.4,155.3
2026-09-04T08:18:29.443Z,21.19,5.18,1084.5,150.5
2026-09-04T08:18:44.356Z,21.69,5.24,1079.5,150.6
2026-09-04T08:18:58.851Z,21.75,5.22,1077.6,157.8
2026-09-04T08:19:12.963Z,21.69,5.15,1080.2,161.9
2026-09-04T08:19:27.843Z,21.94,5.17,1082.8,153.3
2026-09-04T08:19:41.988Z,21.25,5.18,1080.8,157.4
2026-09-04T08:19:56.067Z,21.94,5.15,1083.4,157.1
2026-09-04T08:20:11.459Z,21.69,5.2,1076.8,159.9
2026-09-04T08:20:25.539Z,21.81,5.17,1083.8,152.6
2026-09-04T08:20:39.747Z,21.81,5.2,1076.6,155.6
2026-09-04T08:20:54.564Z,21.69,5.22,1077.6,158.1
2026-09-04T08:21:08.644Z,21.62,5.18,1079.2,158.4
2026-09-04T08:21:23.620Z,17.81,5.19,1085.6,163.4
2026-09-04T08:21:37.732Z,21.5,5.18,1084.2,148.5
2026-09-04T08:21:51.780Z,21.69,5.18,1084.2,153.9
2026-09-04T08:22:06.147Z,21.81,5.21,1080.2,153.2
2026-09-04T08:22:20.291Z,21.81,5.2,1076.6,156.2
2026-09-04T08:22:34.820Z,21.12,5.2,1076.7,162.5
2026-09-04T08:22:49.412Z,21.31,5.21,1076.6,157
2026-09-04T08:23:04.964Z,21.62,5.21,1079.8,153.5
2026-09-04T08:23:28.291Z,21.69,5.19,1079.7,158
2026-09-04T08:23:42.852Z,21.69,5.2,1081.4,158.8
2026-09-04T08:23:57.027Z,21.06,5.26,1080,157.5
2026-09-04T08:24:11.235Z,21.56,5.27,1080.5,150.4
2026-09-04T08:24:25.411Z,21.06,5.26,1077.8,159.1
2026-09-04T08:24:39.619Z,18,5.24,1086.5,157.1
2026-09-04T08:24:54.884Z,15.88,5.31,1081.4,161.8
2026-09-04T08:25:09.060Z,10.81,5.3,1083,187.6
2026-09-04T08:25:23.427Z,-15.81,5.33,1081.3,788
2026-09-04T08:25:46.275Z,-43.5,5.28,1087.2,-537.2
2026-09-04T08:26:01.156Z,-62.31,5.35,1079.9,-237.9
2026-09-04T08:26:16.099Z,-28.69,5.29,1086.8,-11533.9
2026-09-04T08:26:30.756Z,-32.31,5.34,1082.3,-2686.7
2026-09-04T08:26:45.251Z,-31.62,5.37,1080.8,-3288
2026-09-04T08:26:59.779Z,-48,5.32,1088,-416.1
2026-09-04T08:27:14.755Z,-11.5,5.36,1080.6,481.7
2026-09-04T08:27:29.507Z,12.88,5.37,1080.8,174.9
2026-09-04T08:27:43.683Z,23.38,5.35,1079.8,142.8
2026-09-04T08:27:57.380Z,22.38,5.35,1079.5,144.2
2026-09-04T08:28:11.843Z,8.19,5.37,1082.4,195.8
2026-09-04T08:28:26.371Z,16.06,5.36,1079.8,163.3
2026-09-04T08:28:40.483Z,23.12,5.27,1086.4,139.5
2026-09-04T08:28:54.307Z,22,5.26,1086.2,139.4
2026-09-04T08:29:08.003Z,20.06,5.32,1080.2,147.9
2026-09-04T08:29:22.211Z,22.75,5.34,1079.3,145.6
2026-09-04T08:29:36.323Z,22.56,5.31,1079.2,146
2026-09-04T08:29:50.020Z,21.69,5.31,1079.7,147.4
2026-09-04T08:30:04.035Z,21.31,5.22,1085.3,146.2
2026-09-04T08:30:18.532Z,21.81,5.26,1082.8,147.5
2026-09-04T08:30:32.675Z,21.94,5.27,1083.2,148.4
2026-09-04T08:30:47.363Z,23.31,5.29,1080.3,148.5
2026-09-04T08:31:01.027Z,22.06,5.25,1085.8,148.6
2026-09-04T08:31:14.724Z,21.25,5.29,1079.2,149.3
2026-09-04T08:31:32.068Z,21.94,5.31,1078.4,150.5
2026-09-04T08:31:46.179Z,21.62,5.29,1078.1,151.6
2026-09-04T08:32:01.187Z,21.69,5.23,1083.5,152.6
2026-09-04T08:32:16.227Z,21.62,5.22,1083.8,152.2
2026-09-04T08:32:30.692Z,21.69,5.27,1077.9,149.9
2026-09-04T08:32:44.835Z,21.75,5.21,1083,153.1
2026-09-04T08:32:58.915Z,21.5,5.24,1078.2,152.6
2026-09-04T08:33:13.827Z,21,5.2,1084.6,154.7
2026-09-04T08:33:28.003Z,21.69,5.25,1079.3,150.1
2026-09-04T08:33:42.627Z,21.69,5.26,1079.1,151.6
2026-09-04T08:33:56.835Z,21.44,5.24,1078.2,156.7
2026-09-04T08:34:10.915Z,22.06,5.25,1079.6,153.6
2026-09-04T08:34:25.667Z,22.5,5.22,1084.8,147.9
2026-09-04T08:34:48.579Z,23.06,5.21,1085.4,142.8
2026-09-04T08:35:02.243Z,23.31,5.28,1078.4,149.4
2026-09-04T08:35:15.972Z,23.75,5.21,1085.2,146.1
2026-09-04T08:35:30.275Z,22.75,5.28,1079.6,147.1
2026-09-04T08:35:43.971Z,23.62,5.24,1085.4,146.8
2026-09-04T08:35:57.667Z,23.88,5.27,1083,146.3
2026-09-04T08:36:11.428Z,22.75,5.31,1081.7,144.4
2026-09-04T08:36:25.091Z,23.44,5.25,1086.2,144.3
2026-09-04T08:36:39.140Z,21.94,5.32,1078.8,151
2026-09-04T08:36:53.251Z,21.69,5.26,1084.3,147.4
2026-09-04T08:37:07.363Z,21.62,5.27,1084.4,152.6
2026-09-04T08:37:21.443Z,21.69,5.26,1086.1,142.5
2026-09-04T08:37:35.523Z,21.25,5.29,1080.4,150.7
2026-09-04T08:37:55.748Z,21.19,5.29,1078.2,156.6
2026-09-04T08:40:11.779Z,21.25,5.2,1083.4,161
2026-09-04T08:40:26.627Z,21.62,5.24,1080.8,150.8
2026-09-04T08:40:40.803Z,21.19,5.22,1081.8,155.1
2026-09-04T08:40:54.916Z,21.81,5.29,1078.4,147.8
2026-09-04T08:41:09.603Z,21.75,5.28,1078.9,147.9
2026-09-04T08:41:23.972Z,21.81,5.27,1085.6,145.8
2026-09-04T08:41:38.019Z,21.81,5.27,1082,147.1
2026-09-04T08:41:52.899Z,21.81,5.27,1086.3,145.3
2026-09-04T08:42:07.683Z,21.88,5.26,1085.8,146.7
2026-09-04T08:42:21.828Z,21.88,5.26,1082.2,149.2
2026-09-04T08:42:36.740Z,21.94,5.26,1078.3,152.9
2026-09-04T08:42:51.715Z,21.88,5.23,1084.5,150.9
2026-09-04T08:43:05.731Z,21.88,5.2,1085.2,149.2
2026-09-04T08:43:19.843Z,21.88,5.26,1077.8,152.2
2026-09-04T08:43:33.891Z,21.62,5.23,1083.4,148.3
2026-09-04T08:43:48.355Z,21.69,5.21,1085.1,147.5
2026-09-04T08:44:02.468Z,21.88,5.25,1077.6,154.5
2026-09-04T08:44:16.515Z,21.75,5.25,1080.6,146.8
2026-09-04T08:44:30.755Z,21.25,5.22,1080.2,154.3
2026-09-04T08:44:44.740Z,22,5.21,1084.4,150.5
2026-09-04T08:44:58.756Z,21.88,5.18,1084,154.3
2026-09-04T08:45:12.932Z,21.88,5.24,1081.4,148.4
2026-09-04T08:45:26.947Z,21.94,5.25,1078.3,151
2026-09-04T08:45:41.028Z,21.88,5.23,1079.1,152.5
2026-09-04T08:45:55.108Z,21.81,5.22,1077.6,156.5
2026-09-04T08:46:09.444Z,21.88,5.22,1077.8,155.3
2026-09-04T08:46:23.587Z,22,5.16,1080.4,156.4
2026-09-04T08:46:37.219Z,21.88,5.2,1076.8,156.1
2026-09-04T08:46:51.267Z,21.94,5.15,1084,154.9
2026-09-04T08:47:05.251Z,21.81,5.18,1083,151.1
2026-09-04T08:47:19.651Z,21.69,5.19,1084.2,149
2026-09-04T08:47:34.211Z,21.62,5.23,1077.4,156
2026-09-04T08:47:48.355Z,21.69,5.22,1077.4,156.8
2026-09-04T08:48:02.404Z,21.62,5.16,1084.8,149.4
2026-09-04T08:48:17.027Z,21.62,5.19,1083.4,152.8
2026-09-04T08:48:31.427Z,21.12,5.17,1084.6,154.7
2026-09-04T08:48:45.444Z,21.56,5.19,1084.8,151.5
2026-09-04T08:48:59.492Z,21.38,5.23,1078.5,153.5
2026-09-04T08:49:13.507Z,21.81,5.25,1078.4,148.6
2026-09-04T08:49:27.523Z,21.75,5.21,1083,148.9
2026-09-04T08:49:42.019Z,21.25,5.22,1080.9,151.9
2026-09-04T08:49:56.003Z,21.88,5.22,1080.4,155
2026-09-04T08:50:10.979Z,21.38,5.26,1078.6,151.2
2026-09-04T08:50:24.996Z,21.81,5.19,1085.4,149.8
2026-09-04T08:50:39.107Z,22.19,5.28,1079.1,147.9
2026-09-04T08:50:53.124Z,20.25,5.27,1082,151.5
2026-09-04T08:51:07.172Z,18.12,5.24,1086.2,156.5
2026-09-04T08:51:21.463Z,4.31,5.32,1081,222.5
2026-09-04T08:51:35.555Z,22.19,5.25,1083.6,147.5
2026-09-04T08:51:49.347Z,21.75,5.27,1079.5,148.8
2026-09-04T08:52:03.684Z,21.75,5.25,1083.4,146.7
2026-09-04T08:52:18.564Z,21.69,5.21,1085.4,150.1
2026-09-04T08:52:32.548Z,21.69,5.24,1085,151
2026-09-04T08:52:46.724Z,21.81,5.25,1079.8,148.3
2026-09-04T08:53:00.836Z,21.81,5.26,1079,154
2026-09-04T08:53:15.235Z,21.75,5.27,1081.2,148.9
2026-09-04T08:53:38.660Z,21.81,5.22,1086,145.3
2026-09-04T08:53:52.772Z,21.94,5.29,1080,147.3
2026-09-04T08:54:06.756Z,21.31,5.27,1078.2,154.1
2026-09-04T08:54:22.052Z,21.94,5.25,1083.8,148.9
2026-09-04T08:54:36.036Z,21.81,5.24,1080.4,152
2026-09-04T08:54:50.020Z,21.88,5.23,1084.3,148.6
2026-09-04T08:55:04.068Z,21.81,5.25,1079.6,153.7
2026-09-04T08:55:18.116Z,21.69,5.27,1078.2,153.5
2026-09-04T08:55:33.060Z,21.69,5.24,1085.4,149.1
2026-09-04T08:55:47.108Z,21.69,5.28,1079.4,149.8
2026-09-04T08:56:01.092Z,21.81,5.24,1078.8,154.7
2026-09-04T08:56:15.460Z,21.25,5.25,1078.2,155.1
2026-09-04T08:56:29.572Z,21.38,5.25,1077.6,154.8
2026-09-04T08:56:44.804Z,21.69,5.24,1082.6,146
2026-09-04T08:56:58.947Z,21.81,5.24,1077.9,156.5
2026-09-04T08:57:13.028Z,21.75,5.22,1085.1,148.4
2026-09-04T08:57:27.139Z,21.75,5.27,1082,146.7
2026-09-04T08:57:42.243Z,21.56,5.24,1085.8,144.7
2026-09-04T08:57:57.540Z,21.62,5.27,1083.4,150.2
2026-09-04T08:58:11.588Z,21.88,5.28,1086.4,143.3
2026-09-04T08:58:26.019Z,21.12,5.32,1079.8,149.4
2026-09-04T08:58:40.068Z,21.75,5.29,1081,151
2026-09-04T08:58:54.115Z,21.75,5.27,1084.4,146.4
2026-09-04T08:59:08.579Z,21.81,5.27,1080.1,149.6
2026-09-04T08:59:22.595Z,23.44,5.31,1079.6,145.4
2026-09-04T08:59:36.323Z,23.88,5.26,1086.6,137.9
2026-09-04T08:59:51.012Z,24.06,5.29,1086.2,140.7
2026-09-04T09:00:04.643Z,23.31,5.27,1086.2,139.5
2026-09-04T09:00:18.692Z,23.75,5.29,1080.6,146.8
2026-09-04T09:00:33.156Z,-57.06,5.34,1086.4,-278.9
2026-09-04T09:00:56.355Z,-29.25,5.33,1084.6,-8494.5
2026-09-04T09:01:10.851Z,-14.94,5.34,1087.8,678.5
2026-09-04T09:01:25.764Z,-25.19,5.37,1080.6,-50096913
2026-09-04T09:01:40.195Z,-10,5.31,1085.2,433.7
2026-09-04T09:01:54.339Z,-1.88,5.28,1085.1,277.3
2026-09-04T09:02:08.419Z,12.5,5.34,1080.6,180.3
2026-09-04T09:02:22.435Z,18.44,5.28,1083.5,160.7
2026-09-04T09:02:37.059Z,-31.69,5.33,1079.6,-3216.7
2026-09-04T09:02:51.587Z,-12.94,5.28,1086.6,541.2
2026-09-04T09:03:07.748Z,-3.38,5.27,1086.2,296.9
2026-09-04T09:03:21.860Z,9.56,5.27,1085.9,188.4
2026-09-04T09:03:35.940Z,14.5,5.29,1078.8,176.3
2026-09-04T09:03:50.787Z,18.75,5.31,1078.6,159
2026-09-04T09:04:04.804Z,21.75,5.28,1078.4,150.2
2026-09-04T09:04:18.820Z,22.56,5.28,1081.6,146.7
2026-09-04T09:04:32.515Z,22.38,5.28,1078.3,148.5
2026-09-04T09:04:46.243Z,-21.25,5.31,1081.4,5880.1
2026-09-04T09:05:10.147Z,-7.56,5.33,1079.1,374.6
2026-09-04T09:05:24.195Z,-0.62,5.27,1086.4,263.2
2026-09-04T09:05:38.819Z,6.94,5.31,1081.2,206.4
2026-09-04T09:05:52.931Z,10.19,5.24,1086,188.8
2026-09-04T09:06:07.299Z,9.38,5.29,1081.2,194.5
2026-09-04T09:06:21.411Z,8.75,5.25,1084.8,198.7
2026-09-04T09:06:35.492Z,2.94,5.26,1083.7,237.6
2026-09-04T09:06:49.635Z,2.06,5.25,1085.1,239.7
2026-09-04T09:07:03.811Z,-5.75,5.3,1079,344.6
2026-09-04T09:07:19.172Z,-17.5,5.24,1086,1139.6
2026-09-04T09:07:33.636Z,-3.5,5.31,1081,294.6
2026-09-04T09:07:47.748Z,-26.94,5.27,1087,-60300.6
2026-09-04T09:08:02.147Z,-46.44,5.32,1086.8,-439.4
2026-09-04T09:08:16.803Z,-19.38,5.3,1082.4,2114.2
2026-09-04T09:08:32.835Z,-10.38,5.28,1085,442.2
2026-09-04T09:08:46.819Z,-5.94,5.32,1078.5,344.8
2026-09-04T09:09:01.731Z,-7.5,5.31,1079.2,378.2
2026-09-04T09:09:15.779Z,-7.81,5.32,1079.2,378.5
2026-09-04T09:09:29.859Z,-9.44,5.31,1079,429
2026-09-04T09:09:44.355Z,-11.31,5.31,1080.4,477.5
2026-09-04T09:09:58.472Z,-8.44,5.28,1079.6,389.4
2026-09-04T09:10:13.476Z,-8.69,5.26,1084.1,400.5
2026-09-04T09:10:27.556Z,-16.06,5.27,1084.6,860.3
2026-09-04T09:10:42.468Z,7.69,5.24,1085.5,207.7
2026-09-04T09:10:57.060Z,8.75,5.27,1082.8,205.8
2026-09-04T09:11:11.235Z,-18.5,5.32,1080.3,1594
2026-09-04T09:11:26.500Z,-4,5.26,1086.2,301
2026-09-04T09:11:40.580Z,-4.88,5.29,1085,319.2
2026-09-04T09:11:55.363Z,10.94,5.31,1081,186
2026-09-04T09:12:09.796Z,20.69,5.29,1079.5,150.1
2026-09-04T09:12:23.875Z,0.81,5.29,1082.9,252.4
2026-09-04T09:12:37.891Z,15.5,5.31,1078.4,173.8
2026-09-04T09:12:52.036Z,-3.75,5.27,1083.6,314.4
2026-09-04T09:13:06.596Z,16.06,5.28,1079.2,169.2
2026-09-04T09:13:21.955Z,20,5.27,1080.2,155.3
2026-09-04T09:13:36.707Z,22.38,5.22,1084.4,149.3
2026-09-04T09:13:50.403Z,22.81,5.27,1077.4,153.4
2026-09-04T09:14:04.003Z,23.31,5.25,1080.1,146.5
2026-09-04T09:14:17.699Z,22.75,5.25,1077.5,151.1
2026-09-04T09:14:32.452Z,21.31,5.24,1079,157.7
2026-09-04T09:14:46.596Z,20.56,5.25,1078.9,157.1
2026-09-04T09:15:00.707Z,9.81,5.29,1078.4,200.4
2026-09-04T09:15:15.556Z,18.81,5.27,1081.2,155.3
2026-09-04T09:15:29.732Z,17.12,5.22,1083.6,165.4
2026-09-04T09:15:44.419Z,8.44,5.29,1079.1,201.6
2026-09-04T09:15:58.499Z,-16.56,5.27,1085.8,919.7
2026-09-04T09:16:13.059Z,8.94,5.26,1082.9,198.5
2026-09-04T09:16:27.203Z,11.19,5.28,1081.2,188.4
2026-09-04T09:16:41.635Z,16.25,5.27,1079.6,172.6
2026-09-04T09:16:56.163Z,15.62,5.26,1082.8,166.8
2026-09-04T09:17:10.211Z,23.25,5.23,1082.2,148.8
2026-09-04T09:17:23.908Z,23,5.27,1078.2,149.5
2026-09-04T09:17:37.604Z,14.25,5.26,1078.3,181.3
2026-09-04T09:17:51.748Z,8.62,5.28,1081.7,198.8
2026-09-04T09:18:06.243Z,2.38,5.3,1078.2,250.9
2026-09-04T09:18:20.323Z,2.56,5.27,1083.2,242.5
2026-09-04T09:18:34.500Z,18.94,5.27,1083,159.5
2026-09-04T09:18:48.612Z,21.38,5.3,1078.6,150.8
2026-09-04T09:19:02.883Z,23.62,5.24,1085.6,142.8
2026-09-04T09:19:17.124Z,22.38,5.29,1080.7,145.6
2026-09-04T09:19:30.820Z,24.38,5.27,1082,144.9
2026-09-04T09:19:44.643Z,20.06,5.25,1086,147.3
2026-09-04T09:19:58.755Z,15.25,5.31,1079.6,171.1
2026-09-04T09:20:12.932Z,17.94,5.3,1081,157.8
2026-09-04T09:20:28.259Z,23.5,5.28,1084.1,141.5
2026-09-04T09:20:41.891Z,23.44,5.26,1082.3,142.2
2026-09-04T09:20:55.684Z,23.44,5.27,1086.3,139.7
2026-09-04T09:21:09.315Z,22.62,5.28,1086.2,140.3
2026-09-04T09:21:23.044Z,21.88,5.31,1080,145.4
2026-09-04T09:21:37.539Z,23.19,5.33,1079,143.5
2026-09-04T09:21:51.331Z,22.75,5.27,1081.8,144.4
2026-09-04T09:22:05.123Z,19.19,5.33,1080.2,154.8
2026-09-04T09:22:19.299Z,23.12,5.31,1081.2,141.9
2026-09-04T09:22:32.996Z,22.5,5.27,1083.5,142
2026-09-04T09:22:47.172Z,22.12,5.29,1080.5,147.4
2026-09-04T09:23:01.124Z,22.06,5.28,1079.6,144.2
2026-09-04T09:23:15.620Z,22,5.26,1079.7,153.1
2026-09-04T09:23:29.347Z,22,5.26,1082.8,152
2026-09-04T09:23:43.620Z,21.88,5.27,1081.9,152
2026-09-04T09:24:07.204Z,22,5.3,1079.8,148.4
2026-09-04T09:24:21.219Z,21.62,5.28,1083.4,150
2026-09-04T09:24:36.163Z,21.81,5.3,1084.4,144.7
2026-09-04T09:24:51.076Z,21.19,5.27,1085.2,149.9
2026-09-04T09:25:05.572Z,21.94,5.28,1080.7,150.3
2026-09-04T09:25:19.748Z,21.88,5.3,1082.8,147.3
2026-09-04T09:25:34.148Z,22.19,5.28,1085.6,146.7
2026-09-04T09:25:47.876Z,22.56,5.27,1085.6,143.5
2026-09-04T09:26:01.796Z,22.12,5.31,1080,148.9
2026-09-04T09:26:15.972Z,22.81,5.26,1084.6,147.4
2026-09-04T09:26:29.699Z,21.62,5.25,1085.8,148
2026-09-04T09:26:43.780Z,23.5,5.3,1086.8,135.6
2026-09-04T09:26:57.604Z,22.19,5.35,1079.2,149.6
2026-09-04T09:27:11.363Z,21.19,5.31,1086.2,145.8
2026-09-04T09:27:26.756Z,12.38,5.34,1083,179.5
2026-09-04T09:27:40.964Z,-25.25,5.37,1081.6,-23239973.4
2026-09-04T09:27:55.428Z,-27.69,5.39,1080.4,-26570.7
2026-09-04T09:28:09.956Z,-12.75,5.31,1087,527.8
2026-09-04T09:28:24.420Z,-23,5.37,1081.2,39429.3
2026-09-04T09:28:39.843Z,-33.69,5.34,1084.2,-1901.8
2026-09-04T09:28:54.275Z,-14.12,5.31,1082.9,644.6
2026-09-04T09:29:08.803Z,3.94,5.34,1083.6,227.6
2026-09-04T09:29:22.915Z,6.06,5.35,1081.6,210.2
2026-09-04T09:29:37.028Z,17.69,5.3,1082.6,159.6
2026-09-04T09:29:51.524Z,10.75,5.29,1086.8,184.6
2026-09-04T09:30:05.859Z,16,5.3,1085.8,168.1
2026-09-04T09:30:20.291Z,22.44,5.29,1086.8,143.7
2026-09-04T09:30:34.148Z,17.88,5.3,1086.9,153
2026-09-04T09:30:48.420Z,22.56,5.33,1080.6,146
2026-09-04T09:31:03.748Z,22.44,5.29,1085.9,147.7
2026-09-04T09:31:17.539Z,23.56,5.35,1081.2,141.8
2026-09-04T09:31:31.459Z,21,5.28,1086.9,146.5
2026-09-04T09:31:45.763Z,23.81,5.31,1081,146.3
2026-09-04T09:31:59.555Z,23.5,5.31,1085.9,138.7
2026-09-04T09:32:13.732Z,23,5.3,1085.2,142
2026-09-04T09:32:27.588Z,22.19,5.32,1083.2,142
2026-09-04T09:32:41.411Z,23.31,5.33,1079.4,143.2
2026-09-04T09:32:55.203Z,21.94,5.33,1079,148
2026-09-04T09:33:09.412Z,21.94,5.26,1086.2,146.8
2026-09-04T09:33:23.939Z,22,5.31,1078.4,152.6
2026-09-04T09:33:38.531Z,21.94,5.25,1085.4,147
2026-09-04T09:33:52.804Z,21.69,5.23,1085.2,147.9
2026-09-04T09:34:06.852Z,22.62,5.27,1083.1,148.5
2026-09-04T09:34:20.580Z,23.44,5.31,1082.7,140.4
2026-09-04T09:34:34.756Z,23.94,5.3,1085.7,137.6
2026-09-04T09:34:48.516Z,23.69,5.27,1086.3,137.7
2026-09-04T09:35:02.339Z,19.12,5.31,1079.3,157.5
2026-09-04T09:35:25.028Z,6.12,5.27,1086,213.8
2026-09-04T09:35:39.556Z,12.56,5.28,1086.3,180.1
2026-09-04T09:35:53.795Z,23.81,5.31,1080.8,142.3
2026-09-04T09:36:07.588Z,22.06,5.32,1082.6,143.3
2026-09-04T09:36:21.379Z,24.06,5.3,1086.6,138.2
2026-09-04T09:36:36.195Z,23.81,5.32,1086.8,137.6
2026-09-04T09:36:50.307Z,23.5,5.35,1084.2,140.8
2026-09-04T09:37:04.131Z,22.69,5.36,1080.8,145.2
2026-09-04T09:37:17.955Z,22.56,5.33,1084.4,145.1
2026-09-04T09:37:31.651Z,22.56,5.32,1087.2,143.4
2026-09-04T09:37:46.115Z,22.19,5.34,1086.8,144.8
2026-09-04T09:38:00.132Z,22.19,5.36,1082,145.3
2026-09-04T09:38:13.860Z,21.94,5.35,1085.1,145.4
2026-09-04T09:38:27.875Z,21.94,5.34,1087.4,144
2026-09-04T09:38:41.859Z,22.12,5.35,1082.4,145.5
2026-09-04T09:38:55.619Z,21.88,5.38,1079.6,144.6
2026-09-04T09:39:10.883Z,21.31,5.38,1082.3,145.6
2026-09-04T09:39:25.092Z,21.69,5.32,1087.6,143.1
2026-09-04T09:39:39.683Z,21.62,5.33,1086.6,147.6
2026-09-04T09:39:53.699Z,22,5.32,1084.6,146.2
2026-09-04T09:40:08.675Z,21.81,5.31,1086.6,146.4
2026-09-04T09:40:23.235Z,21.62,5.3,1079.7,154.6
2026-09-04T09:40:37.251Z,21.75,5.25,1085.6,148.2
2026-09-04T09:40:51.299Z,21.75,5.28,1078.7,153
2026-09-04T09:41:05.379Z,21.62,5.29,1081.9,148.6
2026-09-04T09:41:21.283Z,21.56,5.22,1085.2,151.4
2026-09-04T09:41:35.715Z,21.81,5.26,1084,145.9
2026-09-04T09:41:49.828Z,21.69,5.23,1085.6,149.3
2026-09-04T09:42:03.844Z,21.62,5.29,1078.3,150.6
2026-09-04T09:42:17.924Z,21.62,5.3,1079.6,149.2
2026-09-04T09:42:31.940Z,21.19,5.27,1085.2,150.4
2026-09-04T09:42:46.371Z,21.75,5.28,1080.5,149
2026-09-04T09:43:00.996Z,21.19,5.3,1078.4,152.4
2026-09-04T09:43:15.012Z,21.75,5.29,1078.2,150.9
2026-09-04T09:43:30.052Z,21.19,5.26,1085.9,151
2026-09-04T09:43:44.100Z,21.56,5.29,1085.8,144.8
2026-09-04T09:43:58.820Z,21.88,5.3,1078.2,152.4
2026-09-04T09:44:13.668Z,21.69,5.3,1079.2,150.9
2026-09-04T09:44:27.908Z,21.75,5.25,1085.7,144.5
2026-09-04T09:44:41.956Z,21.19,5.23,1085.1,147.5
2026-09-04T09:44:56.132Z,21.88,5.23,1085,149.7
2026-09-04T09:45:10.596Z,21.62,5.23,1078.5,156.5
2026-09-04T09:45:25.635Z,21.69,5.25,1079.1,152.4
2026-09-04T09:45:40.804Z,21.38,5.27,1078.6,153
2026-09-04T09:45:54.916Z,21.94,5.22,1084.8,150.5
2026-09-04T09:46:08.964Z,21.88,5.26,1078.5,153.9
2026-09-04T09:46:23.460Z,21.38,5.21,1084.4,155.4
2026-09-04T09:46:37.540Z,21.75,5.28,1079.2,150.3
2026-09-04T09:46:51.812Z,21.81,5.26,1079.5,154.5
2026-09-04T09:47:05.828Z,21.62,5.26,1079.5,153.9
2026-09-04T09:47:19.844Z,21.62,5.29,1078.2,152.6
2026-09-04T09:47:34.596Z,21.25,5.24,1085.6,150.2
2026-09-04T09:47:48.676Z,21.81,5.27,1082.8,147.6
2026-09-04T09:48:02.628Z,21.94,5.21,1084.8,150.3
2026-09-04T09:48:16.676Z,21.88,5.23,1085,150.8
2026-09-04T09:48:30.820Z,21.12,5.26,1085,150
2026-09-04T09:48:45.380Z,21.75,5.23,1082.3,156
2026-09-04T09:48:59.908Z,22,5.28,1077.8,150.7
2026-09-04T09:49:13.636Z,22,5.22,1084.4,153
2026-09-04T09:49:28.068Z,21.69,5.23,1082.9,156.2
2026-09-04T09:49:42.499Z,21.94,5.24,1079.2,154.8
2026-09-04T09:49:56.995Z,22.06,5.26,1077.8,155.7
2026-09-04T09:50:11.011Z,21.5,5.21,1084.6,153
2026-09-04T09:50:25.187Z,22.12,5.2,1084.6,151.8
2026-09-04T09:50:39.012Z,22.25,5.26,1082.4,148.3
2026-09-04T09:51:03.299Z,21.62,5.31,1078.6,151.9
2026-09-04T09:51:17.347Z,21.12,5.27,1082.6,146.5
2026-09-04T09:51:31.363Z,21.62,5.27,1085.6,147.6
2026-09-04T09:51:45.604Z,21.75,5.31,1080.7,147.4
2026-09-04T09:51:59.619Z,21.31,5.32,1080,150.6
2026-09-04T09:52:14.051Z,21.19,5.32,1079,153.2
2026-09-04T09:52:28.100Z,21.69,5.25,1085.5,151.8
2026-09-04T09:52:42.115Z,21.06,5.24,1083.8,153.8
2026-09-04T09:52:56.195Z,21.69,5.3,1078.3,153.1
2026-09-04T09:53:10.275Z,21.25,5.27,1083.4,151.6
2026-09-04T09:53:24.739Z,21.75,5.29,1080.3,152.6
2026-09-04T09:53:38.915Z,21.88,5.24,1084.6,152.7
2026-09-04T09:53:52.932Z,21.62,5.23,1084.8,153.2
2026-09-04T09:54:07.555Z,21.19,5.21,1084,157.5
2026-09-04T09:54:32.227Z,21.69,5.23,1084.8,152.4
2026-09-04T09:54:46.596Z,21.75,5.24,1085.1,152
2026-09-04T09:55:01.315Z,21.25,5.19,1084.5,151.6
2026-09-04T09:55:26.403Z,21.81,5.25,1077.8,157
2026-09-04T09:55:40.484Z,21.19,5.27,1078.4,155.3
2026-09-04T09:55:55.588Z,21.69,5.23,1084.4,145.5
2026-09-04T09:56:09.636Z,21.81,5.21,1084.8,155.7
2026-09-04T09:56:23.779Z,21.75,5.23,1081.4,154.6
2026-09-04T09:56:37.892Z,21.62,5.27,1079.6,154.6
2026-09-04T09:56:51.971Z,21.69,5.26,1078.3,155.4
2026-09-04T09:57:06.436Z,21.19,5.23,1084.6,150.8
2026-09-04T09:57:20.547Z,21.69,5.26,1079,153.7
2026-09-04T09:57:34.627Z,21.81,5.22,1079.6,155.5
2026-09-04T09:57:48.676Z,21.88,5.26,1079.2,154.3
2026-09-04T09:58:02.916Z,21.69,5.21,1084.4,151.3
2026-09-04T09:58:17.380Z,21.25,5.25,1077.1,157.6
2026-09-04T09:58:31.556Z,21.19,5.16,1084.6,151.8
2026-09-04T09:58:47.171Z,21.69,5.22,1082.6,151.5
2026-09-04T09:59:01.315Z,21.69,5.2,1084.5,152.5
2026-09-04T09:59:19.620Z,21.12,5.2,1084.2,154.7
2026-09-04T09:59:33.763Z,21.69,5.23,1078.7,157.6
2026-09-04T09:59:47.940Z,21.69,5.21,1085.4,152.7
2026-09-04T10:00:02.051Z,21.75,5.27,1077.5,153
2026-09-04T10:00:16.259Z,21.69,5.21,1084.8,153.8
2026-09-04T10:00:30.819Z,21.69,5.26,1077.6,158.3
2026-09-04T10:00:44.868Z,21.75,5.2,1084.8,151.4
2026-09-04T10:00:59.779Z,21.75,5.24,1078.8,154.5
2026-09-04T10:01:13.955Z,21.69,5.23,1084,149.2
2026-09-04T10:01:28.132Z,21.69,5.23,1084.8,151.1
2026-09-04T10:01:42.788Z,21.62,5.24,1083.1,150.5
2026-09-04T10:01:56.899Z,21.19,5.23,1081.4,153.8
2026-09-04T10:02:11.076Z,21.75,5.29,1078.2,154.4
2026-09-04T10:02:25.283Z,21.19,5.26,1078.4,156.6
2026-09-04T10:02:40.035Z,21.88,5.26,1080.2,155.5
2026-09-04T10:02:58.467Z,21.31,5.24,1085.2,152.4
2026-09-04T10:03:12.484Z,21.94,5.26,1083.4,149.5
2026-09-04T10:03:26.564Z,21.88,5.22,1084.9,154
2026-09-04T10:03:41.315Z,21.88,5.24,1083.6,153.1
2026-09-04T10:03:55.876Z,21.81,5.26,1077.4,155.9
2026-09-04T10:04:10.979Z,21.25,5.23,1082.2,153
2026-09-04T10:04:25.667Z,21.88,5.24,1078.8,155.9
2026-09-04T10:04:39.811Z,21.81,5.25,1082.3,150.5
2026-09-04T10:04:54.083Z,21.81,5.23,1078.4,159.3
2026-09-04T10:05:09.315Z,21.69,5.24,1078,158.5
2026-09-04T10:05:23.620Z,21.75,5.21,1083.2,157.8
2026-09-04T10:05:48.708Z,21.94,5.23,1085.4,152.3
2026-09-04T10:06:02.883Z,21.81,5.26,1080.3,152.4
2026-09-04T10:06:18.307Z,21.81,5.29,1082.6,150.1
2026-09-04T10:06:32.419Z,21.25,5.31,1082.6,151.9
2026-09-04T10:06:46.499Z,21.75,5.27,1086,148.9
2026-09-04T10:07:00.612Z,21.19,5.24,1085.8,152
2026-09-04T10:07:14.724Z,21.94,5.27,1080.8,152
2026-09-04T10:07:29.219Z,21.88,5.29,1079.2,154.1
2026-09-04T10:07:43.363Z,21.25,5.24,1085.6,151.2
2026-09-04T10:07:57.444Z,21.25,5.22,1081.8,160.1
2026-09-04T10:08:11.652Z,21.88,5.23,1079.8,157.9
2026-09-04T10:08:25.828Z,21.81,5.22,1082.6,156.3
2026-09-04T10:08:44.036Z,21.75,5.22,1079.6,159.3
2026-09-04T10:08:59.203Z,21.19,5.25,1079.8,157.2
2026-09-04T10:09:14.948Z,21.88,5.27,1078.2,154.5
2026-09-04T10:09:29.092Z,21.75,5.27,1085.8,149.9
2026-09-04T10:09:44.420Z,21.75,5.26,1086.5,149.1
2026-09-04T10:09:58.500Z,21.88,5.33,1079.6,152.4
2026-09-04T10:10:12.739Z,21.81,5.3,1086.5,149.6
2026-09-04T10:10:27.427Z,21.19,5.34,1079.4,156.6
2026-09-04T10:10:41.443Z,21.19,5.26,1086.2,152
2026-09-04T10:10:56.003Z,21.62,5.3,1079,156.3
2026-09-04T10:11:11.043Z,21.81,5.22,1085,153.6
2026-09-04T10:11:25.379Z,21.75,5.27,1077.8,155.8
2026-09-04T10:11:39.491Z,21.81,5.27,1078.1,156.4
2026-09-04T10:11:53.603Z,21.81,5.23,1084.6,153.9
2026-09-04T10:12:08.099Z,21.75,5.26,1079.3,156.5
2026-09-04T10:12:22.275Z,21.12,5.22,1083.4,161.8
2026-09-04T10:12:36.419Z,21.75,5.29,1078.4,159.3
2026-09-04T10:12:50.499Z,21.69,5.22,1085.2,156.2
2026-09-04T10:13:05.763Z,21.81,5.28,1078.4,158.7
2026-09-04T10:13:20.388Z,21.94,5.21,1086.2,152.4
2026-09-04T10:13:34.500Z,21.94,5.27,1078.6,157.1
2026-09-04T10:13:48.612Z,21.88,5.26,1079.8,161.6
2026-09-04T10:14:02.755Z,22.06,5.21,1085.4,155.1
2026-09-04T10:14:17.251Z,21.69,5.26,1077.8,161.5
2026-09-04T10:14:31.716Z,21.81,5.21,1085.2,154.6
2026-09-04T10:14:45.763Z,21.88,5.22,1082.8,161.6
2026-09-04T10:14:59.875Z,21.94,5.22,1080.4,162.2
2026-09-04T10:15:14.052Z,21.25,5.19,1085,159.9
2026-09-04T10:15:28.227Z,21.31,5.18,1085,156.4
2026-09-04T10:15:42.884Z,21.88,5.24,1079.4,155.8
2026-09-04T10:15:56.996Z,21.88,5.26,1079.6,156.8
2026-09-04T10:16:11.171Z,21.75,5.25,1081.9,159.1
2026-09-04T10:16:25.347Z,21.25,5.24,1082.3,155.7
2026-09-04T10:16:39.492Z,21.94,5.26,1079.8,157.3
2026-09-04T10:16:54.788Z,21.88,5.26,1079.8,156.4
2026-09-04T10:17:08.836Z,21.31,5.19,1085.2,159.2
2026-09-04T10:17:22.948Z,21.25,5.21,1083.6,161.5
2026-09-04T10:17:37.700Z,21.75,5.2,1085.7,156
2026-09-04T10:17:51.812Z,21.75,5.26,1079.8,156.8
2026-09-04T10:18:06.403Z,21.81,5.27,1079.5,158.3
2026-09-04T10:18:20.675Z,21.19,5.22,1085,160.9
2026-09-04T10:18:34.788Z,21.94,5.24,1078.8,159.5
2026-09-04T10:18:48.900Z,21.88,5.21,1084.6,156.6
2026-09-04T10:19:03.427Z,21.88,5.21,1080,164.1
2026-09-04T10:19:18.211Z,21.94,5.19,1085.8,157
2026-09-04T10:19:32.483Z,22,5.15,1086.1,160.1
2026-09-04T10:19:46.211Z,22.06,5.22,1079.4,160.6
2026-09-04T10:20:00.099Z,21.94,5.18,1084.9,159.1
2026-09-04T10:20:14.307Z,21.88,5.15,1084.4,158.9
2026-09-04T10:20:28.836Z,21.88,5.15,1084,161.9
2026-09-04T10:20:43.012Z,21.75,5.21,1078.4,165.4
2026-09-04T10:20:57.188Z,21.94,5.19,1085,156.5
2026-09-04T10:21:11.396Z,21.31,5.22,1077.6,166
2026-09-04T10:21:26.179Z,22,5.24,1078,159.7
2026-09-04T10:21:40.387Z,21.88,5.22,1086,157
2026-09-04T10:21:54.532Z,21.88,5.24,1085.5,153.9
2026-09-04T10:22:09.508Z,21.88,5.24,1086,155.8
2026-09-04T10:22:23.651Z,21.5,5.27,1078.4,160.8
2026-09-04T10:22:37.827Z,22,5.24,1084.3,158.1
2026-09-04T10:22:52.004Z,21.75,5.26,1081.6,154.7
2026-09-04T10:23:06.243Z,21.88,5.24,1082.3,156.6
2026-09-04T10:23:20.355Z,22,5.25,1078.8,158.7
2026-09-04T10:23:34.115Z,21.94,5.21,1085.2,156.2
2026-09-04T10:23:48.259Z,21.81,5.23,1078.2,162.4
2026-09-04T10:24:02.788Z,21.94,5.19,1084.9,157.8
2026-09-04T10:24:17.923Z,22,5.22,1078,164.7
2026-09-04T10:24:31.811Z,21.88,5.19,1084.5,164.4
2026-09-04T10:24:53.059Z,21.88,5.16,1084.5,163
2026-09-04T10:25:07.715Z,22.12,5.22,1080.3,160.9
2026-09-04T10:25:21.379Z,21.88,5.18,1084.7,158.8
2026-09-04T10:25:35.779Z,21.88,5.24,1078.2,158.9
2026-09-04T10:25:50.500Z,21.75,5.23,1078.8,163.2
2026-09-04T10:26:04.707Z,21.19,5.22,1081.6,162.3
2026-09-04T10:26:19.299Z,21.69,5.25,1079.9,155.7
2026-09-04T10:26:33.475Z,21.75,5.2,1084,158.6
2026-09-04T10:26:48.164Z,21.75,5.21,1085,154.1
2026-09-04T10:27:02.371Z,21.81,5.24,1081.2,154.8
2026-09-04T10:27:16.484Z,21.81,5.24,1080.5,157.1
2026-09-04T10:27:31.011Z,21.81,5.24,1080.2,155.9
2026-09-04T10:27:46.179Z,21.75,5.22,1083.6,151.4
2026-09-04T10:28:01.443Z,21.81,5.25,1077.8,157
2026-09-04T10:28:15.875Z,21.81,5.27,1078.6,155.1
2026-09-04T10:28:30.275Z,21.19,5.27,1081.6,154.3
2026-09-04T10:28:45.508Z,21.12,5.21,1085.2,157.6
2026-09-04T10:28:59.620Z,21.88,5.21,1085,156.8
2026-09-04T10:29:13.764Z,21.75,5.24,1077.4,164.3
2026-09-04T10:29:28.579Z,21.69,5.17,1081.3,169.7
2026-09-04T10:29:43.555Z,21.81,5.21,1080,160.9
2026-09-04T10:29:57.987Z,21.81,5.22,1079.4,161.5
2026-09-04T10:30:12.099Z,21.75,5.22,1082,163
2026-09-04T10:30:26.275Z,21.81,5.21,1079.2,163.8
2026-09-04T10:30:41.347Z,21.75,5.14,1084,161.7
2026-09-04T10:30:55.523Z,21.25,5.21,1077,168
2026-09-04T10:31:10.051Z,24,5.22,1077.5,159.3
2026-09-04T10:31:25.380Z,21.56,5.22,1081.6,161.7
2026-09-04T10:31:39.523Z,21.69,5.22,1077.3,169.6
2026-09-04T10:31:53.635Z,21.88,5.21,1078.6,166.2
2026-09-04T10:32:08.484Z,21.75,5.21,1077.9,165.8
2026-09-04T10:32:23.588Z,21.75,5.22,1077.4,163.2
2026-09-04T10:32:38.788Z,21.62,5.22,1079,165.3
2026-09-04T10:32:53.603Z,21.69,5.19,1083.6,167.8
2026-09-04T10:33:07.716Z,21.75,5.18,1084.5,159.4
2026-09-04T10:33:22.471Z,21.38,5.21,1085.2,157.1
2026-09-04T10:33:36.995Z,21.44,5.24,1082.3,159.9
2026-09-04T10:33:51.172Z,21.12,5.22,1081.8,163.6
2026-09-04T10:34:05.219Z,-44.19,5.27,1087,-575.9
2026-09-04T10:34:29.699Z,22.94,5.26,1082.6,156
2026-09-04T10:34:43.779Z,21.88,5.23,1083.6,158.3
2026-09-04T10:34:58.883Z,21.69,5.24,1081.6,163.9
2026-09-04T10:35:13.027Z,21.62,5.25,1078.9,163.8
2026-09-04T10:35:27.172Z,21.69,5.2,1084.4,159.6
2026-09-04T10:35:41.347Z,21.69,5.22,1085.4,156.7
2026-09-04T10:36:04.899Z,21.62,5.22,1081.7,163.3
2026-09-04T10:36:19.203Z,21.62,5.2,1085,156.8
2026-09-04T10:36:33.283Z,21.88,5.22,1083.4,156.3
2026-09-04T10:36:47.363Z,21.81,5.23,1080,164.4
2026-09-04T10:37:01.828Z,21.69,5.22,1085.3,156.2
2026-09-04T10:37:16.004Z,21.12,5.22,1084.8,160.8
2026-09-04T10:37:30.051Z,21.75,5.27,1078.6,161.3
2026-09-04T10:37:44.068Z,21.94,5.26,1081.9,157.9
2026-09-04T10:37:58.083Z,23.88,5.32,1079.8,149.4
2026-09-04T10:38:12.259Z,21.38,5.29,1079.9,162
2026-09-04T10:38:26.339Z,22,5.3,1080.3,159.3
2026-09-04T10:38:41.891Z,21.5,5.3,1080.2,155.6
2026-09-04T10:38:55.939Z,21.75,5.27,1085.8,154.1
2026-09-04T10:39:09.987Z,21.75,5.27,1081.4,156.1
2026-09-04T10:39:24.484Z,21.69,5.3,1080.6,155.6
2026-09-04T10:39:38.691Z,21.69,5.23,1086.1,153.2
2026-09-04T10:39:53.891Z,21.62,5.26,1086.6,154.3
2026-09-04T10:40:07.939Z,21.62,5.33,1081.9,152.2
2026-09-04T10:40:22.019Z,22.44,5.3,1083.2,152.6
2026-09-04T10:40:36.035Z,22.12,5.26,1086.2,149.9
2026-09-04T10:40:49.699Z,21.31,5.26,1086.2,150.7
2026-09-04T10:41:05.091Z,21.69,5.25,1085.8,154.3
2026-09-04T10:41:19.172Z,21.75,5.31,1079.8,156
2026-09-04T10:41:33.315Z,21.69,5.31,1078.9,156.5
2026-09-04T10:41:47.811Z,21.38,5.28,1085.7,149.7
2026-09-04T10:42:01.891Z,21.12,5.25,1085.4,157
2026-09-04T10:42:16.163Z,21.12,5.28,1078.6,159.7
2026-09-04T10:42:30.307Z,21.19,5.24,1085.2,157
2026-09-04T10:42:44.451Z,21.75,5.22,1085.3,155.5
2026-09-04T10:42:59.843Z,21.12,5.21,1085,160.3
2026-09-04T10:43:13.924Z,21.75,5.18,1085,156.8
2026-09-04T10:43:28.004Z,21.88,5.24,1078,164.8
2026-09-04T10:43:42.916Z,21.69,5.24,1081.6,157.5
2026-09-04T10:43:57.027Z,21.69,5.27,1086.3,151.1
2026-09-04T10:44:11.523Z,21.81,5.28,1081.6,158.4
2026-09-04T10:44:26.472Z,21.69,5.29,1086.6,151.6
2026-09-04T10:44:41.091Z,21.81,5.34,1080.8,156.2
2026-09-04T10:44:55.203Z,21.62,5.33,1079.8,155.7
2026-09-04T10:45:10.052Z,21.31,5.32,1078.6,159.1
2026-09-04T10:45:24.580Z,21.62,5.28,1079.6,156.5
2026-09-04T10:45:38.660Z,21.62,5.24,1086,153.6
2026-09-04T10:45:53.540Z,21.06,5.23,1085.5,155.4
2026-09-04T10:46:07.588Z,22.06,5.27,1080.4,155.2
2026-09-04T10:46:21.251Z,21.06,5.25,1081.3,161
2026-09-04T10:46:36.739Z,22,5.21,1085.4,154.3
2026-09-04T10:46:50.435Z,21.75,5.27,1078.4,157.5
2026-09-04T10:47:04.612Z,22.12,5.27,1080.2,155.3
2026-09-04T10:47:18.307Z,21.38,5.26,1078.8,162
2026-09-04T10:47:32.548Z,21.94,5.2,1084.2,156.9
2026-09-04T10:47:47.684Z,21.69,5.27,1079.7,159
2026-09-04T10:48:01.668Z,22,5.24,1084.2,154.2
2026-09-04T10:48:15.363Z,21.88,5.23,1083,158.1
2026-09-04T10:48:29.416Z,23.44,5.24,1085.7,148.1
2026-09-04T10:48:43.076Z,21.81,5.27,1084.9,151.7
2026-09-04T10:48:57.539Z,23.19,5.28,1079,153.6
2026-09-04T10:49:11.235Z,23.94,5.29,1079,152.1
2026-09-04T10:49:24.964Z,23.88,5.3,1081.4,145.4
2026-09-04T10:49:39.363Z,23.94,5.3,1079,151.3
2026-09-04T10:49:53.060Z,22.81,5.29,1078.9,155.9
2026-09-04T10:50:07.267Z,22.56,5.27,1086,148.4
2026-09-04T10:50:21.764Z,23,5.29,1084.2,149.5
2026-09-04T10:50:35.652Z,23.12,5.3,1084.2,147.6
2026-09-04T10:50:49.380Z,24.12,5.3,1083.2,148.3
2026-09-04T10:51:03.108Z,24.19,5.32,1080.8,146.4
2026-09-04T10:51:17.155Z,19,5.29,1086.6,161.7
2026-09-04T10:51:31.267Z,-50.19,5.35,1084.6,-405
2026-09-04T10:51:45.700Z,19.81,5.32,1083.9,157.7
2026-09-04T10:51:59.780Z,23.88,5.28,1083,152.3
2026-09-04T10:52:14.339Z,20.5,5.29,1083.2,159
2026-09-04T10:52:28.804Z,23.19,5.29,1083.1,147.9
2026-09-04T10:52:42.436Z,23.25,5.26,1086.2,148.4
2026-09-04T10:52:56.163Z,23.5,5.32,1081.7,147.1
2026-09-04T10:53:09.923Z,24.12,5.3,1082.2,146
2026-09-04T10:53:23.588Z,23.31,5.26,1083,151.6
2026-09-04T10:53:37.699Z,23.31,5.29,1078.6,154.7
2026-09-04T10:53:51.395Z,22.94,5.24,1085,155.8
2026-09-04T10:54:05.092Z,22.88,5.24,1082,156.5
2026-09-04T10:54:18.819Z,22.75,5.26,1080.8,154.5
2026-09-04T10:54:32.516Z,22.12,5.22,1084.8,157.2
2026-09-04T10:54:47.011Z,22.31,5.26,1081,154.3
2026-09-04T10:55:00.708Z,22.12,5.27,1083.9,151.5
2026-09-04T10:55:14.404Z,16.25,5.31,1079.2,172.6
2026-09-04T10:55:38.820Z,21.19,5.27,1078.4,158.1
2026-09-04T10:55:53.347Z,21.62,5.26,1082.4,154.3
2026-09-04T10:56:07.427Z,21.88,5.23,1085.4,152.6
2026-09-04T10:56:21.604Z,21.44,5.27,1080,157.2
2026-09-04T10:56:35.715Z,21.81,5.22,1085.4,155.3
2026-09-04T10:56:49.795Z,21.94,5.24,1085.2,156
2026-09-04T10:57:04.259Z,21.94,5.27,1079.5,155.5
2026-09-04T10:57:19.204Z,22,5.26,1078.7,155.7
2026-09-04T10:57:33.091Z,21.75,5.26,1078.8,157.2
2026-09-04T10:57:47.171Z,21.75,5.2,1085.5,153.4
2026-09-04T10:58:01.219Z,21.81,5.26,1085.4,153.9
2026-09-04T10:58:15.651Z,21.75,5.28,1084.8,150.2
2026-09-04T10:58:30.211Z,21.62,5.3,1081.1,150.2
2026-09-04T10:58:44.291Z,12.5,5.27,1086.4,184.8
2026-09-04T10:58:58.435Z,23.12,5.31,1079.2,147.7
2026-09-04T10:59:12.099Z,-7.81,5.31,1079.2,386.1
2026-09-04T10:59:27.299Z,22.12,5.26,1085.8,149.7
2026-09-04T10:59:41.028Z,23.12,5.29,1083.8,144.9
2026-09-04T10:59:54.787Z,23.81,5.27,1085.8,143.3
2026-09-04T11:00:08.419Z,23.62,5.26,1086.1,141.8
2026-09-04T11:00:22.723Z,23.06,5.24,1085.6,146.7
2026-09-04T11:00:36.835Z,22.81,5.29,1080.9,148.9
2026-09-04T11:00:50.499Z,21.81,5.24,1081.1,153.6
2026-09-04T11:01:05.347Z,22,5.22,1085,150.5
2026-09-04T11:01:19.076Z,21.38,5.26,1080,155.1
2026-09-04T11:01:33.283Z,21.94,5.26,1080,155.2
2026-09-04T11:01:47.748Z,21.25,5.25,1081.2,154.7
2026-09-04T11:02:01.796Z,21.75,5.25,1080.5,155.8
2026-09-04T11:02:15.939Z,21.62,5.25,1079,156.3
2026-09-04T11:02:30.020Z,21.69,5.2,1085.6,152.8
2026-09-04T11:02:44.067Z,21.75,5.21,1084.2,158.9
2026-09-04T11:02:58.659Z,21.62,5.24,1078.8,161.9
2026-09-04T11:03:12.740Z,21,5.21,1084.8,160.4
2026-09-04T11:03:27.012Z,21.56,5.24,1080.2,156.6
2026-09-04T11:03:41.060Z,21.19,5.24,1080,159
2026-09-04T11:03:55.108Z,21.75,5.25,1079,157.8
2026-09-04T11:04:09.668Z,21.62,5.26,1078.8,162.1
2026-09-04T11:04:23.780Z,21.75,5.23,1081.4,159.9
2026-09-04T11:04:38.692Z,21.69,5.25,1085.2,150
2026-09-04T11:04:53.187Z,21.75,5.28,1079.5,157.6
2026-09-04T11:05:07.331Z,21.75,5.3,1082.2,149.7
2026-09-04T11:05:21.795Z,21.69,5.3,1085.8,150.5
2026-09-04T11:05:36.419Z,21.75,5.33,1085.2,149.2
2026-09-04T11:05:50.595Z,21.25,5.31,1087,152.1
2026-09-04T11:06:14.628Z,2.94,5.29,1086.4,243.8
2026-09-04T11:06:29.059Z,22.94,5.31,1081,151.1
2026-09-04T11:06:42.723Z,21.56,5.29,1082.6,151.7
2026-09-04T11:06:56.739Z,21.69,5.27,1080.6,157.5
2026-09-04T11:07:10.819Z,21.31,5.26,1084.3,153.5
2026-09-04T11:07:24.899Z,21.94,5.25,1085.9,152.3
2026-09-04T11:07:39.331Z,21.25,5.24,1086,150.5
2026-09-04T11:07:53.347Z,21.62,5.28,1083.4,153.3
2026-09-04T11:08:07.459Z,21.62,5.25,1081.7,151.8
2026-09-04T11:08:22.147Z,21.69,5.26,1079.6,159.1
2026-09-04T11:08:37.507Z,21.69,5.28,1079.2,156.2
2026-09-04T11:08:52.132Z,21.69,5.26,1084.4,151.1
2026-09-04T11:09:06.500Z,21.06,5.26,1086.6,150.7
2026-09-04T11:09:20.548Z,21.62,5.28,1080.1,155.8
2026-09-04T11:09:35.076Z,21.12,5.27,1080.9,157.5
2026-09-04T11:09:49.156Z,21.19,5.3,1079.6,155.4
2026-09-04T11:10:05.124Z,21.69,5.27,1080.4,155.7
2026-09-04T11:10:19.236Z,21,5.29,1081.8,154.5
2026-09-04T11:10:33.347Z,23.06,5.29,1080.5,150.6
2026-09-04T11:10:47.012Z,23.44,5.28,1086.2,142.9
2026-09-04T11:11:00.676Z,22.06,5.26,1081.8,153.9
2026-09-04T11:11:14.852Z,22,5.29,1079,156
2026-09-04T11:11:29.187Z,21.25,5.24,1085,152.1
2026-09-04T11:11:43.299Z,21.69,5.21,1085.5,155.2
2026-09-04T11:11:57.348Z,22.5,5.2,1083.8,156.4
2026-09-04T11:12:11.491Z,21.56,5.25,1078.7,160.7
2026-09-04T11:12:26.051Z,21.75,5.23,1082.4,155.2
2026-09-04T11:12:40.067Z,21.12,5.21,1085.1,159.9
2026-09-04T11:12:55.140Z,21.81,5.24,1080.4,155
2026-09-04T11:13:09.283Z,21.62,5.25,1080.6,157.3
2026-09-04T11:13:23.396Z,21.69,5.2,1085.4,154.7
2026-09-04T11:13:38.243Z,21.81,5.25,1080.6,156.2
2026-09-04T11:13:52.259Z,21.75,5.26,1078.8,161
2026-09-04T11:14:06.979Z,21.25,5.31,1080,155.4
2026-09-04T11:14:20.995Z,19.19,5.29,1086.8,158.6
2026-09-04T11:14:35.140Z,21.25,5.27,1079.6,157.1
2026-09-04T11:14:49.603Z,21.69,5.27,1081.1,155.3
2026-09-04T11:15:04.707Z,21.19,5.27,1078.7,158.4
2026-09-04T11:15:18.788Z,22,5.22,1085,154.9
2026-09-04T11:15:32.547Z,21.56,5.27,1079.2,158.7
2026-09-04T11:15:46.659Z,21.75,5.28,1083.2,151
2026-09-04T11:16:01.731Z,21.44,5.25,1081.6,155.9
2026-09-04T11:16:15.876Z,22.44,5.25,1086.2,147.8
2026-09-04T11:16:29.571Z,16.81,5.3,1085.4,166
2026-09-04T11:16:44.579Z,16.31,5.34,1080.8,170.5
2026-09-04T11:16:58.659Z,10,5.34,1080.9,197.8
2026-09-04T11:17:13.124Z,11,5.34,1083.9,191.5
2026-09-04T11:17:27.171Z,22.94,5.31,1086.8,143
2026-09-04T11:17:40.900Z,24.19,5.34,1082.5,140.2
2026-09-04T11:17:54.724Z,23.12,5.28,1086,145.4
2026-09-04T11:18:08.452Z,23,5.34,1080.7,147.8
2026-09-04T11:18:22.660Z,22.5,5.32,1084.2,145.9
2026-09-04T11:18:36.355Z,10.25,5.32,1082.6,190.3
2026-09-04T11:18:50.564Z,-2.19,5.34,1081.4,285.2
2026-09-04T11:19:04.612Z,22.12,5.31,1080.6,150.2
2026-09-04T11:19:18.275Z,22.25,5.24,1085.4,149.6
2026-09-04T11:19:32.388Z,21.38,5.26,1079.4,157.1
2026-09-04T11:19:46.499Z,21.5,5.23,1085.6,155.7
2026-09-04T11:20:00.964Z,22.25,5.27,1084.1,149.3
2026-09-04T11:20:14.724Z,21.81,5.3,1079.1,156.7
2026-09-04T11:20:28.740Z,21.25,5.2,1085.6,154.1
2026-09-04T11:20:43.203Z,21.75,5.28,1079.8,157.8
2026-09-04T11:20:58.275Z,21.62,5.28,1080.9,156.2
2026-09-04T11:21:12.323Z,21.69,5.24,1082.4,158.9
2026-09-04T11:21:26.472Z,21.69,5.29,1080,157.9
2026-09-04T11:21:40.547Z,21.25,5.24,1083.2,161.1
2026-09-04T11:21:55.043Z,21.62,5.28,1080,156.8
2026-09-04T11:22:09.187Z,21.69,5.3,1080,153.2
2026-09-04T11:22:23.235Z,21.75,5.25,1085.1,153.5
2026-09-04T11:22:37.347Z,21.62,5.29,1080.4,153.4
2026-09-04T11:22:51.619Z,21.19,5.25,1080.9,159.1
2026-09-04T11:23:06.275Z,21.62,5.27,1087.1,152.8
2026-09-04T11:23:20.387Z,21.25,5.27,1087.7,149.7
2026-09-04T11:23:34.627Z,21.75,5.28,1087,150.1
2026-09-04T11:23:48.739Z,21.81,5.34,1080.6,153
2026-09-04T11:24:02.851Z,21.69,5.32,1081.2,156.3
2026-09-04T11:24:17.315Z,21.75,5.31,1085.6,147.4
2026-09-04T11:24:31.363Z,21.81,5.24,1085.8,153.7
2026-09-04T11:24:45.444Z,21.75,5.26,1084.2,152.4
2026-09-04T11:24:59.523Z,21.62,5.26,1081.8,159
2026-09-04T11:25:13.636Z,21.69,5.27,1080.8,155.5
2026-09-04T11:25:28.100Z,21.31,5.22,1084.8,158.1
2026-09-04T11:25:51.780Z,21.75,5.27,1080.7,151.8
2026-09-04T11:26:06.051Z,21.69,5.26,1078.8,159.4
2026-09-04T11:26:20.484Z,21.62,5.25,1078.7,158.8
2026-09-04T11:26:35.107Z,21.56,5.22,1083.7,154.6
2026-09-04T11:26:49.124Z,21.19,5.2,1084,158.3
2026-09-04T11:27:04.003Z,21.75,5.24,1081.6,156
2026-09-04T11:27:18.211Z,21.12,5.21,1086,155.3
2026-09-04T11:27:32.483Z,21.25,5.24,1084,157.6
2026-09-04T11:27:46.884Z,21.75,5.26,1086.8,150.9
2026-09-04T11:28:01.028Z,21.12,5.27,1086.7,154.3
2026-09-04T11:28:15.076Z,21.75,5.25,1086.2,153
2026-09-04T11:28:29.540Z,21.75,5.25,1079.8,158.1
2026-09-04T11:28:44.452Z,21.62,5.23,1080.9,162.5
2026-09-04T11:28:58.947Z,21.81,5.21,1085.2,154.3
2026-09-04T11:29:13.699Z,21.19,5.23,1080.9,162.6
2026-09-04T11:29:27.939Z,21.31,5.26,1080.5,161.3
2026-09-04T11:29:42.660Z,21.75,5.22,1085.6,158.1
2026-09-04T11:29:56.771Z,21.75,5.26,1082,155
2026-09-04T11:30:12.836Z,21.81,5.25,1083.4,156.6
2026-09-04T11:30:27.331Z,21.31,5.23,1086.2,153.3
2026-09-04T11:30:41.507Z,21.81,5.21,1085.9,153.6
2026-09-04T11:30:57.603Z,21.81,5.2,1085,158.5
2026-09-04T11:31:13.060Z,21.75,5.26,1079.6,156.2
2026-09-04T11:31:27.331Z,21.06,5.2,1086.1,155.1
2026-09-04T11:31:42.371Z,21.56,5.26,1079.6,159.7
2026-09-04T11:31:56.580Z,21.62,5.25,1084.4,150.8
2026-09-04T11:32:10.756Z,21.75,5.25,1080.5,159
2026-09-04T11:32:26.084Z,21.25,5.2,1085.9,152.1
2026-09-04T11:32:40.483Z,21.62,5.26,1083,152.5
2026-09-04T11:32:55.619Z,21.69,5.23,1081.4,156.8
2026-09-04T11:33:10.084Z,24.12,5.24,1082.7,150.9
2026-09-04T11:33:25.059Z,22.06,5.27,1081.2,155.1
2026-09-04T11:33:39.171Z,21.81,5.23,1085.4,153.3
2026-09-04T11:33:54.019Z,21.56,5.27,1080.6,157.5
2026-09-04T11:34:08.131Z,21.75,5.23,1085.6,156.9
2026-09-04T11:34:22.179Z,21.81,5.23,1086,155.3
2026-09-04T11:34:36.259Z,21.75,5.26,1079.8,156.8
2026-09-04T11:34:50.851Z,21.75,5.24,1086,154
2026-09-04T11:35:04.996Z,21.75,5.26,1081.4,157.3
2026-09-04T11:35:19.204Z,21.25,5.23,1085.8,154.1
2026-09-04T11:35:33.380Z,21.69,5.23,1085.9,151.8
2026-09-04T11:35:47.459Z,21.81,5.25,1082.4,151.3
2026-09-04T11:36:02.020Z,21.62,5.2,1084.2,157.4
2026-09-04T11:36:27.331Z,21.75,5.24,1084.6,152.6
2026-09-04T11:36:41.475Z,21.75,5.21,1085.5,153.5
2026-09-04T11:36:55.588Z,21.88,5.23,1079,164.1
2026-09-04T11:37:09.987Z,21.75,5.25,1080.2,156.5
2026-09-04T11:37:24.100Z,21.62,5.22,1080.1,163.6
2026-09-04T11:37:38.723Z,21.62,5.18,1084.9,156.4
2026-09-04T11:37:52.963Z,21.62,5.24,1079,161.7
2026-09-04T11:38:07.203Z,21.81,5.24,1080.6,157.5
2026-09-04T11:38:22.500Z,21.75,5.27,1079.4,156.2
2026-09-04T11:38:36.996Z,21.25,5.29,1080.4,155.7
2026-09-04T11:38:52.355Z,21.75,5.25,1085.5,155.3
2026-09-04T11:39:06.468Z,21.62,5.27,1080.8,156.6
2026-09-04T11:39:20.676Z,21.56,5.23,1083.8,154.4
2026-09-04T11:39:35.140Z,21.31,5.27,1084.2,153.1
2026-09-04T11:39:49.187Z,21.56,5.29,1080.6,153
2026-09-04T11:40:03.972Z,22.38,5.3,1082.1,144.8
2026-09-04T11:40:17.987Z,21.94,5.25,1086,149.6
2026-09-04T11:40:32.068Z,21.12,5.25,1084.7,155.9
2026-09-04T11:40:46.564Z,21.69,5.25,1086.2,149.5
2026-09-04T11:41:00.676Z,21.81,5.25,1083.8,157.4
2026-09-04T11:41:14.788Z,21.81,5.31,1082.1,150.9
2026-09-04T11:41:28.964Z,21.75,5.32,1080.2,153.7
2026-09-04T11:41:42.980Z,21.81,5.28,1085.7,153.4
2026-09-04T11:41:58.307Z,22,5.32,1080,154.2
2026-09-04T11:42:12.004Z,21.69,5.27,1086.6,151.3
2026-09-04T11:42:26.084Z,21.69,5.28,1085.8,148.3
2026-09-04T11:42:40.612Z,21.81,5.29,1079.6,153.9
2026-09-04T11:42:54.852Z,21.75,5.29,1081.4,153.5
2026-09-04T11:43:09.287Z,21.75,5.24,1086.2,153.2
2026-09-04T11:43:23.619Z,21.75,5.27,1085.3,148.7
2026-09-04T11:43:37.699Z,21.75,5.31,1083,151.2
2026-09-04T11:43:51.811Z,21.75,5.3,1083.8,150.7
2026-09-04T11:44:06.339Z,21.69,5.35,1082.7,147.3
2026-09-04T11:44:20.836Z,21.69,5.3,1083.4,152.2
2026-09-04T11:44:34.948Z,21.62,5.3,1086.3,150.3
2026-09-04T11:44:48.996Z,21.75,5.28,1086.6,148.6
2026-09-04T11:45:03.940Z,21.62,5.32,1082.8,149.9
2026-09-04T11:45:17.987Z,21.81,5.3,1082.3,156.5
2026-09-04T11:45:32.419Z,21.69,5.27,1085.2,153.7
2026-09-04T11:45:47.428Z,21.75,5.32,1082.6,149.9
2026-09-04T11:46:01.539Z,21.19,5.3,1083.8,152.9
2026-09-04T11:46:15.619Z,21.31,5.34,1081.5,152.3
2026-09-04T11:46:29.732Z,21.44,5.26,1081.7,157.3
2026-09-04T11:46:44.227Z,22.12,5.23,1085.6,151.4
2026-09-04T11:46:57.924Z,21.56,5.27,1080,156.2
2026-09-04T11:47:12.004Z,22.31,5.25,1085.4,156.2
2026-09-04T11:47:25.732Z,21.94,5.27,1080.8,153.1
2026-09-04T11:47:40.484Z,21.25,5.25,1080.2,162.7
2026-09-04T11:47:55.044Z,21.69,5.25,1080.3,159.3
2026-09-04T11:48:09.124Z,21.81,5.22,1085.9,151.1
2026-09-04T11:48:23.171Z,21.69,5.29,1079.7,156.3
2026-09-04T11:48:37.315Z,21.81,5.25,1084.8,148.1
2026-09-04T11:48:51.427Z,21.62,5.24,1084.8,153
2026-09-04T11:49:05.891Z,21.81,5.28,1081.2,152
2026-09-04T11:49:19.907Z,17.06,5.3,1087.2,160.6
2026-09-04T11:49:34.563Z,21.19,5.27,1086.4,148.6
2026-09-04T11:49:48.643Z,21.75,5.27,1081,155.8
2026-09-04T11:50:02.851Z,22,5.27,1085.3,144.2
2026-09-04T11:50:17.060Z,23.19,5.32,1080.2,146.7
2026-09-04T11:50:30.852Z,22.31,5.32,1079.8,151.2
2026-09-04T11:50:45.123Z,21.94,5.28,1079.8,153.7
2026-09-04T11:50:59.203Z,21.5,5.26,1083.1,170
2026-09-04T11:51:13.316Z,21.81,5.23,1086.6,156.2
2026-09-04T11:51:27.876Z,21.62,5.32,1081.6,154.9
2026-09-04T11:51:42.051Z,21.75,5.33,1081,146.7
2026-09-04T11:51:56.195Z,21.62,5.32,1083,151.9
2026-09-04T11:52:10.243Z,21.12,5.33,1082.3,155
2026-09-04T11:52:24.899Z,21.56,5.27,1085.8,156.5
2026-09-04T11:52:39.363Z,21.25,5.26,1085.2,156.4
2026-09-04T11:52:53.636Z,21.75,5.25,1086.4,152.8
2026-09-04T11:53:07.875Z,21.69,5.23,1085.3,157.5
2026-09-04T11:53:21.891Z,21.25,5.23,1085.2,154.4
2026-09-04T11:53:36.003Z,21.81,5.23,1085.5,153.9
2026-09-04T11:53:51.235Z,21.81,5.22,1083.8,159.6
2026-09-04T11:54:05.347Z,21.75,5.24,1078.8,167.3
2026-09-04T11:54:19.396Z,21.25,5.22,1081.2,166.5
2026-09-04T11:54:33.411Z,21.88,5.21,1081.8,166.5
2026-09-04T11:54:48.452Z,22,5.23,1079.2,164.8
2026-09-04T11:55:02.563Z,22.06,5.19,1082.3,165.8
2026-09-04T11:55:16.516Z,21.69,5.2,1085.2,158.3
2026-09-04T11:55:31.107Z,21.75,5.2,1083,160.7
2026-09-04T11:55:45.251Z,21.75,5.22,1085.3,161.1
2026-09-04T11:56:08.931Z,21.69,5.24,1079.4,163.1
2026-09-04T11:56:24.419Z,21.81,5.21,1084.8,161.1
2026-09-04T11:56:38.659Z,21.69,5.21,1085.4,156.2
2026-09-04T11:56:52.803Z,21.69,5.22,1082.8,168.2
2026-09-04T11:57:08.643Z,20.94,5.24,1082.2,157.6
2026-09-04T11:57:22.787Z,21.75,5.19,1085,163.3
2026-09-04T11:57:38.115Z,21.75,5.22,1079.4,165.4
2026-09-04T11:57:53.091Z,21.12,5.2,1085,161.7
2026-09-04T11:58:07.203Z,21.12,5.23,1082.3,161.7
2026-09-04T11:58:21.315Z,21.19,5.22,1085.6,159
2026-09-04T11:58:35.363Z,21.75,5.19,1085.7,161
2026-09-04T11:58:49.955Z,21.69,5.2,1085.7,155.4
2026-09-04T11:59:04.100Z,21.19,5.21,1085.2,163.5
2026-09-04T11:59:18.211Z,21.69,5.2,1085.6,158.2
2026-09-04T11:59:32.259Z,21.19,5.22,1080.6,167.2
2026-09-04T11:59:47.331Z,21.75,5.22,1084,159.9
2026-09-04T12:00:01.795Z,21.19,5.25,1081.4,162.6
2026-09-04T12:00:15.972Z,21.44,5.3,1080.8,155.9
2026-09-04T12:00:30.051Z,22.06,5.24,1086.5,151.7
2026-09-04T12:00:44.835Z,21.69,5.25,1082.4,160.1
2026-09-04T12:00:59.907Z,22,5.28,1084.2,152.4
2026-09-04T12:01:14.020Z,22.12,5.29,1080.2,159.7
2026-09-04T12:01:27.779Z,21.81,5.26,1084.4,155.8
2026-09-04T12:01:42.724Z,21.94,5.3,1080,156.4
2026-09-04T12:01:56.899Z,21.69,5.25,1085.8,153.4
2026-09-04T12:02:12.132Z,21.06,5.25,1086.2,160.5
2026-09-04T12:02:27.747Z,21.12,5.26,1085.5,155.4
2026-09-04T12:02:41.795Z,21.75,5.25,1085.6,152.6
2026-09-04T12:02:55.971Z,21.81,5.27,1082.8,156
2026-09-04T12:03:09.987Z,21.69,5.26,1084,156.4
2026-09-04T12:03:24.131Z,21.31,5.24,1086.1,156.4
2026-09-04T12:03:38.659Z,21.81,5.3,1081.2,156.3
2026-09-04T12:03:53.891Z,21.69,5.26,1086.8,157.8
2026-09-04T12:04:08.036Z,21.62,5.3,1080.4,159.1
2026-09-04T12:04:22.179Z,21.69,5.31,1080.5,158
2026-09-04T12:04:36.484Z,22.06,5.31,1084.4,154.1
2026-09-04T12:04:50.691Z,22.94,5.28,1086.7,150.1
2026-09-04T12:05:04.516Z,22.12,5.33,1080.4,154.8
2026-09-04T12:05:18.307Z,21.94,5.27,1085.8,151.9
2026-09-04T12:05:32.484Z,21.38,5.3,1086,154.3
2026-09-04T12:05:46.532Z,21.25,5.31,1087.6,153.7
2026-09-04T12:06:01.251Z,21.81,5.36,1081.8,154.1
2026-09-04T12:06:15.780Z,21.81,5.34,1087,153.3
2026-09-04T12:06:42.436Z,22.75,5.37,1082.4,147.1
2026-09-04T12:06:56.164Z,22.62,5.33,1087.1,145.4
2026-09-04T12:07:10.275Z,23.38,5.33,1087.4,142.9
2026-09-04T12:07:24.067Z,22.44,5.3,1087.1,149.3
2026-09-04T12:07:37.860Z,22.19,5.32,1086.8,148.5
2026-09-04T12:07:51.652Z,22.19,5.34,1085.1,150.7
2026-09-04T12:08:06.180Z,21.88,5.35,1081.4,154
2026-09-04T12:08:20.772Z,21.69,5.33,1087.6,150.6
2026-09-04T12:08:34.916Z,21.88,5.38,1081.4,149.9
2026-09-04T12:08:48.964Z,21.75,5.36,1084.4,152.1
2026-09-04T12:09:03.044Z,21.62,5.38,1084.8,151.4
2026-09-04T12:09:17.860Z,21.75,5.34,1087.9,149
2026-09-04T12:09:32.355Z,4.25,5.37,1082.6,228.8
2026-09-04T12:09:46.564Z,5.31,5.33,1086.5,223.5
2026-09-04T12:10:01.699Z,17,5.34,1082,168.4
2026-09-04T12:10:15.811Z,9.81,5.3,1087.2,196.6
2026-09-04T12:10:30.148Z,-8.75,5.37,1083.2,417.4
2026-09-04T12:10:44.803Z,22.56,5.25,1086,154.7
2026-09-04T12:10:58.691Z,22.19,5.27,1086.4,147.4
2026-09-04T12:11:12.964Z,22.06,5.27,1086.6,149.5
2026-09-04T12:11:27.491Z,23.5,5.27,1085.1,150.8
2026-09-04T12:11:41.380Z,21.12,5.27,1082,159.2
2026-09-04T12:11:56.003Z,21.62,5.25,1079.1,163.4
2026-09-04T12:12:10.691Z,21.69,5.27,1080.2,160.6
2026-09-04T12:12:24.867Z,21.88,5.2,1085.4,155.7
2026-09-04T12:12:39.523Z,21.62,5.24,1081.2,157.6
2026-09-04T12:12:54.947Z,21.25,5.23,1081.1,162.2
2026-09-04T12:13:10.243Z,21.06,5.23,1083,159.9
2026-09-04T12:13:24.388Z,21.62,5.21,1081.4,163.3
2026-09-04T12:13:38.596Z,21.06,5.21,1085.4,162.5
2026-09-04T12:13:52.675Z,21.69,5.21,1085.6,158.5
2026-09-04T12:14:06.724Z,21.62,5.22,1082.6,159.8
2026-09-04T12:14:21.315Z,21.69,5.28,1081,157.3
2026-09-04T12:14:35.523Z,21.56,5.28,1081.6,156.1
2026-09-04T12:14:50.435Z,23.25,5.25,1085.7,152
2026-09-04T12:15:04.963Z,23,5.26,1085,154.7
2026-09-04T12:15:19.523Z,21.69,5.3,1081.6,154.7
2026-09-04T12:15:34.211Z,21.25,5.27,1086.8,152.2
2026-09-04T12:15:48.676Z,21.81,5.27,1086.6,151.5
2026-09-04T12:16:02.755Z,21.75,5.31,1082.8,149.8
2026-09-04T12:16:16.932Z,21.44,5.29,1083,155.7
2026-09-04T12:16:31.108Z,21.75,5.32,1082.2,152.4
2026-09-04T12:16:45.699Z,21.75,5.3,1086.9,151.2
2026-09-04T12:16:59.748Z,21.12,5.3,1087.2,152.1
2026-09-04T12:17:14.915Z,21.75,5.33,1084.2,149.2
2026-09-04T12:17:29.571Z,22.06,5.37,1082.8,150.6
2026-09-04T12:17:43.395Z,-26.94,5.39,1085.5,-68017.8
2026-09-04T12:18:08.099Z,-68.75,5.4,1085.3,-201.7
2026-09-04T12:18:22.659Z,-68.75,5.39,1087.3,-198.3
2026-09-04T12:18:37.220Z,-53.12,5.36,1087.6,-333.1
2026-09-04T12:18:51.683Z,-28.25,5.41,1085.4,-17278.1
2026-09-04T12:19:06.564Z,-15.12,5.41,1082.4,779.4
2026-09-04T12:19:21.123Z,-26.62,5.42,1083,-103652.6
2026-09-04T12:19:36.419Z,14.19,5.38,1086.2,174.8
2026-09-04T12:19:50.532Z,-19.69,5.43,1082.8,2734.2
2026-09-04T12:20:05.092Z,-42.75,5.4,1085.6,-639.1
2026-09-04T12:20:20.163Z,-51.81,5.42,1083.4,-375.8
2026-09-04T12:20:34.724Z,-68.75,5.44,1084,-201.1
2026-09-04T12:20:49.987Z,-63.31,5.45,1082.8,-242.6
2026-09-04T12:21:04.580Z,-56.81,5.38,1089.2,-295.7
2026-09-04T12:21:19.267Z,-28.81,5.4,1088.6,-11041
2026-09-04T12:21:35.012Z,-16.25,5.45,1083.6,955.7
2026-09-04T12:21:50.243Z,-47,5.46,1083.6,-477
2026-09-04T12:22:05.027Z,-58.06,5.45,1083.5,-288.7
2026-09-04T12:22:19.555Z,-50.56,5.42,1084,-404
2026-09-04T12:22:34.116Z,-68.44,5.42,1089.2,-208.9
2026-09-04T12:22:49.988Z,-64.31,5.42,1086,-221.3
2026-09-04T12:23:05.060Z,-49.25,5.42,1083.2,-424.3
2026-09-04T12:23:19.524Z,0.38,5.41,1084.4,262.1
2026-09-04T12:23:33.700Z,22,5.44,1083.6,149.3
2026-09-04T12:23:47.588Z,-13.19,5.45,1084.5,591.1
2026-09-04T12:24:02.692Z,-37.06,5.44,1087.1,-1133.7
2026-09-04T12:24:17.796Z,-39.19,5.43,1084.1,-902.6
2026-09-04T12:24:32.388Z,-40.5,5.43,1083.4,-767.2
2026-09-04T12:24:47.012Z,-48.94,5.4,1084.2,-419.3
2026-09-04T12:25:01.604Z,-18.31,5.34,1087.4,1500.2
2026-09-04T12:25:16.612Z,-5.25,5.32,1087.4,330.7
2026-09-04T12:25:32.612Z,4.5,5.37,1081.2,235.9
2026-09-04T12:25:46.819Z,11.5,5.31,1086.4,192.4
2026-09-04T12:26:01.124Z,22.88,5.39,1083.6,147.8
2026-09-04T12:26:15.140Z,22.31,5.34,1087.6,148.8
2026-09-04T12:26:29.251Z,24.06,5.3,1082.6,151.7
2026-09-04T12:26:43.716Z,22.25,5.29,1086.8,149.6
2026-09-04T12:26:57.412Z,17.62,5.32,1081.6,172.1
2026-09-04T12:27:20.675Z,12.38,5.25,1083.2,197.2
2026-09-04T12:27:35.235Z,14.19,5.23,1086,181.1
2026-09-04T12:27:49.315Z,14.38,5.26,1084.6,185.9
2026-09-04T12:28:04.131Z,7.69,5.29,1082.4,221.3
2026-09-04T12:28:18.275Z,19.31,5.25,1086.4,161.5
2026-09-04T12:28:32.419Z,17.81,5.25,1085,170.4
2026-09-04T12:28:46.852Z,16,5.26,1086.2,174.1
2026-09-04T12:29:01.795Z,13.25,5.3,1081.6,187.6
2026-09-04T12:29:15.875Z,14.19,5.28,1087.1,173.4
2026-09-04T12:29:29.988Z,13.69,5.3,1083.7,179.8
2026-09-04T12:29:44.195Z,11.5,5.32,1083,193.6
2026-09-04T12:29:59.140Z,21.81,5.31,1084.9,152.3
2026-09-04T12:30:13.380Z,21.75,5.28,1084,159.3
2026-09-04T12:30:28.323Z,21.75,5.31,1083,155
2026-09-04T12:30:42.472Z,21.94,5.29,1086.5,150.1
2026-09-04T12:30:57.059Z,21.81,5.26,1087,155.5
2026-09-04T12:31:11.495Z,22.88,5.32,1083.7,149.1
2026-09-04T12:31:25.379Z,24.31,5.3,1086.6,146.5
2026-09-04T12:31:39.139Z,22.31,5.3,1083.2,154.9
2026-09-04T12:31:53.123Z,22.75,5.31,1082.6,150.4
2026-09-04T12:32:06.883Z,22.06,5.32,1081,153.5
2026-09-04T12:32:21.155Z,20.25,5.32,1083.3,157.2
2026-09-04T12:32:35.331Z,21.06,5.34,1081.4,158.2
2026-09-04T12:32:50.115Z,21.31,5.3,1084.3,159.2
2026-09-04T12:33:04.899Z,21.81,5.28,1086.9,153.8
2026-09-04T12:33:19.011Z,21.69,5.32,1081,155.7
2026-09-04T12:33:33.540Z,21.81,5.3,1084.7,153.5
2026-09-04T12:33:48.900Z,21.31,5.29,1086,155.7
2026-09-04T12:34:03.684Z,21.19,5.3,1087.2,151.6
2026-09-04T12:34:18.083Z,21.25,5.31,1080.8,153.7
2026-09-04T12:34:32.259Z,21.69,5.33,1084,150.6
2026-09-04T12:34:46.755Z,21.94,5.29,1087,148.7
2026-09-04T12:35:01.859Z,21.69,5.34,1084.3,147.6
2026-09-04T12:35:16.035Z,21.81,5.32,1083.7,151.6
2026-09-04T12:35:30.148Z,21.62,5.28,1087.3,153.7
2026-09-04T12:35:44.516Z,21.81,5.32,1085.6,149.3
2026-09-04T12:36:00.227Z,21.75,5.34,1081.5,153
2026-09-04T12:36:14.404Z,21.81,5.34,1082.6,151
2026-09-04T12:36:28.547Z,21.75,5.31,1080.8,158.1
2026-09-04T12:36:51.524Z,21.69,5.27,1085.8,154.3
2026-09-04T12:37:06.116Z,21.75,5.26,1086.6,152.2
2026-09-04T12:37:22.116Z,21.31,5.26,1087,153.1
2026-09-04T12:37:36.355Z,21.19,5.32,1082.8,155.9
2026-09-04T12:37:50.595Z,21.75,5.27,1087.3,152.9
2026-09-04T12:38:04.771Z,21.31,5.26,1086.8,153.3
2026-09-04T12:38:19.619Z,21.38,5.23,1085,162.2
2026-09-04T12:38:34.307Z,21.88,5.21,1086,158.7
2026-09-04T12:38:48.452Z,21.31,5.24,1083.8,159.5
2026-09-04T12:39:02.564Z,21.31,5.26,1081.6,163.1
2026-09-04T12:39:16.708Z,21.38,5.25,1084.2,160.3
2026-09-04T12:39:31.267Z,21.69,5.29,1082.4,157
2026-09-04T12:39:45.411Z,21.88,5.32,1081.3,157.7
2026-09-04T12:40:00.388Z,21.75,5.35,1084.2,153.7
2026-09-04T12:40:15.108Z,21.88,5.35,1087,154
2026-09-04T12:40:29.187Z,21.81,5.35,1082.6,154.8
2026-09-04T12:40:43.715Z,21.94,5.35,1081.6,152.1
2026-09-04T12:40:57.924Z,21.81,5.3,1085.6,154.2
2026-09-04T12:41:12.003Z,21.69,5.28,1086.4,159.2
2026-09-04T12:41:26.148Z,21.38,5.34,1083.2,153.3
2026-09-04T12:41:40.548Z,21.38,5.34,1082,153.1
2026-09-04T12:41:56.132Z,21.75,5.29,1085.1,154.2
2026-09-04T12:42:11.331Z,21.25,5.31,1081.4,158.8
2026-09-04T12:42:25.891Z,21.25,5.31,1080.6,160.9
2026-09-04T12:42:40.004Z,21.81,5.26,1086.5,154.4
2026-09-04T12:42:54.179Z,21.81,5.34,1081.9,150
2026-09-04T12:43:08.675Z,21.38,5.35,1085.9,151
2026-09-04T12:43:23.299Z,21.88,5.32,1088,149.1
2026-09-04T12:43:37.507Z,21.75,5.33,1088,150.7
2026-09-04T12:43:51.651Z,21.81,5.38,1081.8,154.5
2026-09-04T12:44:05.795Z,21.88,5.36,1081.8,152.9
2026-09-04T12:44:20.291Z,21.81,5.33,1082.6,153.7
2026-09-04T12:44:34.467Z,21.81,5.28,1086.3,153.4
2026-09-04T12:44:48.707Z,21.81,5.3,1081.8,162.2
2026-09-04T12:45:03.395Z,21.75,5.27,1080.6,163.5
2026-09-04T12:45:18.436Z,21.31,5.28,1080.6,161.6
2026-09-04T12:45:33.092Z,21.19,5.24,1086.6,160.8
2026-09-04T12:45:47.235Z,21.75,5.28,1082.5,161.7
2026-09-04T12:46:01.379Z,21.31,5.29,1083.3,159.1
2026-09-04T12:46:15.555Z,21.81,5.28,1084.2,152.4
2026-09-04T12:46:29.668Z,21.81,5.28,1085.4,153.3
2026-09-04T12:46:44.132Z,21.25,5.25,1087.1,154.1
2026-09-04T12:46:58.948Z,21.81,5.28,1085.1,152.9
2026-09-04T12:47:13.796Z,21.75,5.28,1080.5,159.8
2026-09-04T12:47:27.940Z,21.81,5.22,1086.4,158.5
2026-09-04T12:47:42.052Z,21.81,5.27,1080.9,162.3
2026-09-04T12:47:56.548Z,21.81,5.26,1082.1,161.8
2026-09-04T12:48:10.595Z,21.31,5.23,1086.3,156.2
2026-09-04T12:48:24.708Z,21.88,5.25,1085.6,153.3
2026-09-04T12:48:38.851Z,21.94,5.27,1081.4,162.4
2026-09-04T12:48:53.764Z,21.75,5.24,1081.6,163.5
2026-09-04T12:49:09.347Z,21.94,5.22,1086,159.6
2026-09-04T12:49:23.523Z,21.88,5.21,1086.4,158.1
2026-09-04T12:49:37.667Z,21.81,5.23,1082,162.4
2026-09-04T12:49:51.779Z,21.88,5.23,1085.6,162.5
2026-09-04T12:50:06.884Z,21.25,5.26,1084.6,161.7
2026-09-04T12:50:22.435Z,21.69,5.25,1083.9,164.3
2026-09-04T12:50:37.508Z,21.94,5.24,1087,159.2
2026-09-04T12:50:52.836Z,21.88,5.28,1083,159.2
2026-09-04T12:51:07.363Z,21.81,5.24,1083.6,165.8
2026-09-04T12:51:21.924Z,21.31,5.28,1083.4,162
2026-09-04T12:51:37.092Z,21.31,5.24,1087.2,159
2026-09-04T12:51:51.299Z,21.75,5.27,1085.4,157.7
2026-09-04T12:52:05.572Z,21.94,5.25,1087,157.6
2026-09-04T12:52:19.684Z,21.31,5.25,1087.2,161.3
2026-09-04T12:52:33.764Z,21.88,5.24,1084.1,166.3
2026-09-04T12:52:49.028Z,21.88,5.27,1081.8,163.5
2026-09-04T12:53:03.235Z,21.94,5.29,1081.6,163.9
2026-09-04T12:53:17.315Z,21.31,5.26,1085.8,164.3
2026-09-04T12:53:31.555Z,21.19,5.29,1082.4,165.6
2026-09-04T12:53:46.403Z,21.88,5.26,1086.8,162.8
2026-09-04T12:54:00.900Z,21.75,5.26,1082.7,165.1
2026-09-04T12:54:16.291Z,21.62,5.31,1082.3,162.2
2026-09-04T12:54:30.435Z,21.62,5.32,1082.8,156.8
2026-09-04T12:54:44.515Z,22.31,5.29,1087.6,148.8
2026-09-04T12:54:59.492Z,22.25,5.28,1087.4,153.2
2026-09-04T12:55:14.307Z,21.81,5.32,1082,156.4
2026-09-04T12:55:28.579Z,21.25,5.32,1082.1,160.3
2026-09-04T12:55:42.819Z,21.31,5.25,1087.6,154.9
2026-09-04T12:55:57.315Z,21.88,5.31,1082.2,159.7
2026-09-04T12:56:12.291Z,21.31,5.24,1086.1,162
2026-09-04T12:56:26.884Z,21.69,5.29,1081.6,161.7
2026-09-04T12:56:40.931Z,21.81,5.31,1082.2,160.4
2026-09-04T12:56:55.140Z,21.75,5.31,1081.6,157.3
2026-09-04T12:57:10.116Z,21.81,5.27,1085.8,161.6
2026-09-04T12:57:32.835Z,21.69,5.29,1084.4,157.4
2026-09-04T12:57:47.267Z,21.12,5.27,1087.2,154.5
2026-09-04T12:58:01.411Z,21.81,5.29,1082.8,154.9
2026-09-04T12:58:15.492Z,21.62,5.29,1083.6,158.1
2026-09-04T12:58:29.699Z,21.81,5.25,1084.6,157.1
2026-09-04T12:58:44.451Z,21.69,5.28,1087.6,157.4
2026-09-04T12:58:59.044Z,23.69,5.32,1082.1,152.3
2026-09-04T12:59:12.740Z,21.75,5.34,1082.6,157.1
2026-09-04T12:59:33.315Z,21.81,5.32,1088.2,149
2026-09-04T12:59:47.747Z,21.81,5.33,1088.6,149.5
2026-09-04T13:00:02.307Z,21.81,5.36,1083,153.9
2026-09-04T13:00:23.171Z,21.81,5.37,1083,152.3
2026-09-04T13:00:38.115Z,21.31,5.38,1084,150.6
2026-09-04T13:00:52.547Z,21.81,5.31,1088.5,152.2
2026-09-04T13:01:07.107Z,21.94,5.33,1085.5,154.2
2026-09-04T13:01:21.283Z,21.69,5.32,1084.2,156
2026-09-04T13:01:35.459Z,22,5.3,1087.9,151.2
2026-09-04T13:01:50.019Z,21.81,5.28,1087.6,153
2026-09-04T13:02:04.708Z,21.69,5.26,1087.5,158
2026-09-04T13:02:19.267Z,21.25,5.28,1087.2,160.7
2026-09-04T13:02:33.347Z,21.81,5.26,1087.6,154.9
2026-09-04T13:02:48.227Z,21.06,5.26,1087.6,160.3
2026-09-04T13:03:02.471Z,22.12,5.33,1087.6,147.3
2026-09-04T13:03:16.259Z,21.75,5.3,1088.3,148.9
2026-09-04T13:03:30.755Z,22.12,5.34,1085.6,146.5
2026-09-04T13:03:45.155Z,22.38,5.31,1087.8,146.6
2026-09-04T13:03:58.852Z,21.75,5.33,1087.6,148.7
2026-09-04T13:04:12.996Z,21.94,5.34,1083,154.4
2026-09-04T13:04:28.004Z,21.88,5.33,1082.3,154.9
2026-09-04T13:04:43.811Z,21.38,5.29,1087,153.3
2026-09-04T13:04:58.563Z,21.81,5.35,1082.3,155.7
2026-09-04T13:05:12.708Z,21.69,5.36,1082.3,158.5
2026-09-04T13:05:26.819Z,21.25,5.34,1085.7,153.8
2026-09-04T13:05:40.899Z,21.94,5.32,1085.7,155.6
2026-09-04T13:05:55.715Z,22.69,5.33,1088.4,143.3
2026-09-04T13:06:10.211Z,23.62,5.35,1088,142.6
2026-09-04T13:06:24.036Z,21.75,5.26,1087.6,154.5
2026-09-04T13:06:38.148Z,21.69,5.34,1083.7,154.7
2026-09-04T13:07:02.659Z,21.88,5.34,1083.2,153.5
2026-09-04T13:07:17.123Z,21.88,5.34,1082.4,157.3
2026-09-04T13:07:31.203Z,21.75,5.33,1081.8,157.6
2026-09-04T13:07:45.283Z,21.31,5.28,1087,159.2
2026-09-04T13:07:59.396Z,21.81,5.31,1081.9,161.7
2026-09-04T13:08:13.540Z,21.75,5.31,1082,157.7
2026-09-04T13:08:27.972Z,21.81,5.24,1087.6,157.8
2026-09-04T13:08:42.116Z,21.25,5.26,1087.4,160
2026-09-04T13:08:56.227Z,21.81,5.32,1083,157.7
2026-09-04T13:09:10.404Z,21.81,5.31,1082.4,159.6
2026-09-04T13:09:24.900Z,21.75,5.31,1086,153.6
2026-09-04T13:09:39.524Z,21.88,5.28,1088.6,149.7
2026-09-04T13:09:53.636Z,21.38,5.34,1088.4,153.8
2026-09-04T13:10:08.484Z,21.38,5.32,1088.8,157
2026-09-04T13:10:22.564Z,21.38,5.37,1083.1,156.7
2026-09-04T13:10:36.996Z,21.94,5.3,1088.7,152
2026-09-04T13:10:51.492Z,21.88,5.33,1088.8,150.9
2026-09-04T13:11:05.571Z,21.38,5.31,1085.6,157
2026-09-04T13:11:20.612Z,21.94,5.24,1087.2,162.7
2026-09-04T13:11:34.851Z,21.88,5.25,1087.3,162.4
2026-09-04T13:11:48.932Z,21.44,5.27,1082.9,164.9
2026-09-04T13:12:03.812Z,21.88,5.24,1086.2,165.1
2026-09-04T13:12:18.051Z,21.44,5.23,1084.6,167.9
2026-09-04T13:12:32.548Z,21.94,5.22,1085.8,159
2026-09-04T13:12:47.267Z,21.75,5.18,1085.3,168
2026-09-04T13:13:01.731Z,22.06,5.19,1086.5,163.5
2026-09-04T13:13:17.539Z,21.88,5.24,1080.8,173.1
2026-09-04T13:13:32.836Z,21.94,5.23,1081,172.6
2026-09-04T13:13:47.812Z,21.31,5.21,1085.8,172
2026-09-04T13:14:02.724Z,21.88,5.15,1086.2,173
2026-09-04T13:14:18.211Z,21.75,5.22,1082.4,171.1
2026-09-04T13:14:32.835Z,21.31,5.23,1080.8,176
2026-09-04T13:14:46.851Z,21.44,5.21,1085.8,172.2
2026-09-04T13:15:01.700Z,21.88,5.2,1087,167.6
2026-09-04T13:15:16.452Z,21.81,5.19,1087,164.5
2026-09-04T13:15:31.428Z,21.75,5.24,1084.8,163.8
2026-09-04T13:15:45.539Z,21.25,5.27,1083,165.4
2026-09-04T13:15:59.651Z,21.75,5.24,1086.8,165.6
2026-09-04T13:16:14.179Z,21.88,5.23,1083.8,165.7
2026-09-04T13:16:29.027Z,21.81,5.23,1086.2,161.1
2026-09-04T13:16:43.492Z,21.38,5.24,1082.7,168
2026-09-04T13:16:58.083Z,21.94,5.22,1084.5,162.2
2026-09-04T13:17:12.163Z,21.88,5.24,1086.4,163.9
2026-09-04T13:17:26.820Z,21.38,5.22,1086.8,165.7
2026-09-04T13:17:41.380Z,21.75,5.19,1087,169.8
2026-09-04T13:17:55.939Z,21.81,5.24,1082.8,163.5
2026-09-04T13:18:10.019Z,21.88,5.26,1081.7,167.4
2026-09-04T13:18:24.195Z,21.75,5.21,1082.2,180.9
2026-09-04T13:18:38.948Z,21.75,5.2,1082.4,177
2026-09-04T13:18:53.987Z,21.81,5.21,1082,176.8
2026-09-04T13:19:08.547Z,21.12,5.16,1084,181.1
2026-09-04T13:19:23.139Z,21.81,5.18,1086.8,167.5
2026-09-04T13:19:37.412Z,21.69,5.2,1083.3,175.6
2026-09-04T13:19:51.524Z,21.12,5.25,1081.9,171.6
2026-09-04T13:20:05.923Z,21.75,5.24,1084.3,170.3
2026-09-04T13:20:21.219Z,21.88,5.22,1087,167.8
2026-09-04T13:20:35.299Z,16.88,5.29,1085.6,175.8
2026-09-04T13:20:49.796Z,23.94,5.32,1084.5,151.2
2026-09-04T13:21:03.492Z,23.25,5.29,1088.8,148
2026-09-04T13:21:17.764Z,21.88,5.31,1088.7,154.7
2026-09-04T13:21:33.796Z,21.88,5.32,1088.4,149.5
2026-09-04T13:21:49.444Z,21.31,5.35,1083.2,158.7
2026-09-04T13:22:03.907Z,22,5.31,1082.7,162.7
2026-09-04T13:22:17.603Z,21.44,5.31,1084.4,159.3
2026-09-04T13:22:31.780Z,21.75,5.33,1082.4,160.4
2026-09-04T13:22:46.724Z,21.88,5.27,1084,161.3
2026-09-04T13:23:01.315Z,21.94,5.27,1084.5,164.4
2026-09-04T13:23:16.003Z,21.88,5.3,1083,163.7
2026-09-04T13:23:30.179Z,22,5.26,1087.8,159.3
2026-09-04T13:23:44.035Z,21.31,5.31,1082.9,163.1
2026-09-04T13:23:58.787Z,21.19,5.29,1086.2,159.4
2026-09-04T13:24:12.963Z,21.19,5.27,1087.8,163.5
2026-09-04T13:24:27.171Z,21.81,5.29,1082.6,161.6
2026-09-04T13:24:41.315Z,21.81,5.29,1087.6,157.6
2026-09-04T13:24:55.491Z,21.81,5.3,1083.9,161
2026-09-04T13:25:10.051Z,21.75,5.3,1087.6,161.4
2026-09-04T13:25:24.099Z,21.75,5.35,1086.4,150.8
2026-09-04T13:25:38.691Z,21.81,5.36,1084.8,154.4
2026-09-04T13:25:52.803Z,21.69,5.38,1085.5,153.4
2026-09-04T13:26:07.044Z,21.69,5.33,1089.3,151.2
2026-09-04T13:26:21.572Z,21.25,5.37,1088,151.3
2026-09-04T13:26:36.452Z,21.81,5.35,1089.4,153.2
2026-09-04T13:26:50.564Z,21.25,5.38,1084.4,158.8
2026-09-04T13:27:04.996Z,22.12,5.41,1083.6,152.6
2026-09-04T13:27:19.428Z,21.75,5.37,1084.2,154.4
2026-09-04T13:27:43.172Z,21.69,5.38,1083.2,154
2026-09-04T13:27:57.347Z,21.81,5.37,1083.2,155.5
2026-09-04T13:28:11.459Z,21.81,5.36,1086.2,156.7
2026-09-04T13:28:25.571Z,22.06,5.31,1088.4,151.8
2026-09-04T13:28:39.620Z,17.69,5.35,1083.4,174.1
2026-09-04T13:28:53.731Z,22.25,5.36,1084.4,157.6
2026-09-04T13:29:07.460Z,22.19,5.35,1082.8,156
2026-09-04T13:29:21.315Z,21.88,5.31,1087,161.4
2026-09-04T13:29:35.459Z,22.56,5.33,1082.6,157.9
2026-09-04T13:29:49.732Z,22.12,5.24,1087,166.4
2026-09-04T13:30:03.491Z,21.81,5.28,1081.3,171.8
2026-09-04T13:30:17.699Z,21.69,5.25,1085.2,167.8
2026-09-04T13:30:31.907Z,21.69,5.26,1082.6,166.6
2026-09-04T13:30:46.371Z,21.75,5.3,1082.6,162.4
2026-09-04T13:31:00.963Z,21.81,5.32,1085.8,156.9
2026-09-04T13:31:15.139Z,-3.25,5.32,1086.3,322.7
2026-09-04T13:31:29.923Z,21.81,5.3,1084.4,159.9
2026-09-04T13:31:44.164Z,21.88,5.3,1082,167.4
2026-09-04T13:31:58.660Z,21.94,5.28,1083.2,166.9
2026-09-04T13:32:13.283Z,22.06,5.28,1084.4,160.2
2026-09-04T13:32:27.876Z,22.31,5.25,1087.5,163.6
2026-09-04T13:32:41.604Z,21.19,5.24,1087.6,161
2026-09-04T13:32:55.780Z,21.75,5.28,1083.4,164.1
2026-09-04T13:33:10.020Z,21.19,5.28,1082.2,167.3
2026-09-04T13:33:24.580Z,21.62,5.23,1087.4,168.6
2026-09-04T13:33:38.819Z,23.31,5.26,1085.3,166.3
2026-09-04T13:33:53.092Z,23.81,5.25,1088.1,154.8
2026-09-04T13:34:06.788Z,21.94,5.3,1083.2,170.8
2026-09-04T13:34:20.996Z,21.69,5.22,1083.8,173
2026-09-04T13:34:35.555Z,21.75,5.27,1081.5,173.4
2026-09-04T13:34:50.147Z,21.75,5.26,1086.6,164.6
2026-09-04T13:35:05.092Z,21.69,5.28,1082.3,168.8
2026-09-04T13:35:19.588Z,21.75,5.25,1086,167.4
2026-09-04T13:35:33.732Z,21.19,5.21,1087.2,168.4
2026-09-04T13:35:48.388Z,21.62,5.28,1082.8,164.6
2026-09-04T13:36:03.427Z,21.31,5.27,1085.6,161.3
2026-09-04T13:36:17.699Z,21.75,5.27,1087.6,155.7
2026-09-04T13:36:31.876Z,21.75,5.27,1087.7,156.2
2026-09-04T13:36:47.076Z,21.81,5.3,1083.6,161.7
2026-09-04T13:37:09.860Z,21.31,5.27,1085.6,161.4
2026-09-04T13:37:32.036Z,22.06,5.27,1085.8,160.9
2026-09-04T13:37:46.179Z,21.81,5.27,1086.6,156.4
2026-09-04T13:38:00.547Z,21.75,5.3,1082.4,162.4
2026-09-04T13:38:16.036Z,21.81,5.24,1088,161.8
2026-09-04T13:38:30.660Z,21.25,5.29,1082.2,164.3
2026-09-04T13:38:44.803Z,21.31,5.29,1085.9,157.2
2026-09-04T13:38:59.331Z,21.75,5.27,1083.6,165.6
2026-09-04T13:39:13.540Z,21.75,5.28,1083,165.6
2026-09-04T13:39:28.707Z,21.25,5.24,1088,164.7
2026-09-04T13:39:43.587Z,21.81,5.23,1087.9,157.8
2026-09-04T13:39:57.795Z,21.31,5.3,1082.4,166.1
2026-09-04T13:40:12.003Z,21.69,5.3,1082.5,167.9
2026-09-04T13:40:26.147Z,21.81,5.29,1084,160.9
2026-09-04T13:40:41.635Z,21.19,5.25,1088.7,161.5
2026-09-04T13:40:56.739Z,21.69,5.31,1083.4,164.3
2026-09-04T13:41:11.811Z,24.06,5.29,1087.9,151.4
2026-09-04T13:41:25.603Z,13.06,5.33,1082.9,195.7
2026-09-04T13:41:39.780Z,7.44,5.32,1086.8,215
2026-09-04T13:41:54.339Z,13.44,5.28,1088.6,185.9
2026-09-04T13:42:08.547Z,23.44,5.27,1088.6,153.3
2026-09-04T13:42:22.403Z,22.81,5.31,1085.8,156.6
2026-09-04T13:42:37.092Z,22.31,5.26,1088.3,154
2026-09-04T13:42:50.851Z,22.44,5.3,1087.4,153.5
2026-09-04T13:43:05.603Z,22.25,5.31,1084.8,155.2
2026-09-04T13:43:19.331Z,22.25,5.27,1088.2,156.8
2026-09-04T13:43:34.179Z,23.19,5.28,1088.6,153.3
2026-09-04T13:43:48.900Z,17,5.33,1084.9,173.5
2026-09-04T13:44:02.979Z,19,5.32,1084.2,168.1
2026-09-04T13:44:17.955Z,14.25,5.31,1086.6,182.6
2026-09-04T13:44:32.163Z,11.44,5.31,1083,202
2026-09-04T13:44:47.012Z,15.81,5.3,1085.8,179.9
2026-09-04T13:45:01.251Z,18.69,5.26,1086.8,169.8
2026-09-04T13:45:15.427Z,16.94,5.27,1082.6,188.3
2026-09-04T13:45:30.019Z,19.44,5.24,1087.6,165.7
2026-09-04T13:45:45.027Z,22.5,5.27,1083.2,168
2026-09-04T13:46:00.035Z,24.56,5.21,1087.4,150.3
2026-09-04T13:46:13.860Z,22.31,5.25,1083,170
2026-09-04T13:46:27.620Z,22.69,5.27,1084.4,161.3
2026-09-04T13:46:41.892Z,15.69,5.3,1084,187.2
2026-09-04T13:46:56.067Z,22.38,5.3,1083,165
2026-09-04T13:47:09.891Z,22.56,5.32,1082.6,160.8
2026-09-04T13:47:23.843Z,20.5,5.31,1088.7,162.1
2026-09-04T13:47:38.883Z,21.25,5.32,1085.4,157.9
2026-09-04T13:47:53.411Z,2.44,5.32,1089,254.1
2026-09-04T13:48:07.651Z,7.31,5.32,1089,212.1
2026-09-04T13:48:22.307Z,16.25,5.33,1088.8,169.1
2026-09-04T13:48:37.380Z,15.62,5.33,1088.8,174.2
2026-09-04T13:48:51.748Z,19.38,5.34,1086.4,162.4
2026-09-04T13:49:06.404Z,23.31,5.34,1083.8,152.2
2026-09-04T13:49:20.227Z,23.69,5.33,1083.2,151.9
2026-09-04T13:49:34.275Z,22.25,5.34,1082.6,157.1
2026-09-04T13:49:48.164Z,22.19,5.31,1084,157.5
2026-09-04T13:50:01.924Z,21.94,5.28,1088.3,154.9
2026-09-04T13:50:17.251Z,21.25,5.32,1083.6,163.4
2026-09-04T13:50:32.420Z,21.44,5.29,1083.7,161.1
2026-09-04T13:50:47.812Z,21.25,5.3,1085.8,157
2026-09-04T13:51:03.747Z,21.75,5.28,1087.3,157.5
2026-09-04T13:51:19.428Z,21.75,5.31,1082.8,165.6
2026-09-04T13:51:34.116Z,21.88,5.3,1082.6,160.1
2026-09-04T13:51:48.227Z,21.19,5.27,1087,159.5
2026-09-04T13:52:02.275Z,21.75,5.25,1087.4,159.3
2026-09-04T13:52:16.515Z,18.06,5.29,1088.6,165.2
2026-09-04T13:52:31.971Z,24.06,5.27,1088.4,150.1
2026-09-04T13:52:45.699Z,22.25,5.28,1088.1,153.3
2026-09-04T13:52:59.492Z,21.75,5.25,1088.2,156.5
2026-09-04T13:53:13.604Z,21.31,5.3,1084.2,160.4
2026-09-04T13:53:27.843Z,21.75,5.27,1088.6,155
2026-09-04T13:53:42.660Z,21.88,5.32,1082.6,160.8
2026-09-04T13:53:56.995Z,21.69,5.32,1083,165.7
2026-09-04T13:54:11.171Z,21.69,5.27,1088.4,155
2026-09-04T13:54:25.251Z,22,5.31,1086.8,155.8
2026-09-04T13:54:39.011Z,21.81,5.32,1083,162.2
2026-09-04T13:54:53.507Z,22.06,5.33,1082.8,159.1
2026-09-04T13:55:07.588Z,21.94,5.28,1088.3,158.5
2026-09-04T13:55:21.603Z,21.62,5.3,1087.4,153.8
2026-09-04T13:55:35.619Z,22.06,5.33,1083.4,158.3
2026-09-04T13:55:49.251Z,21.88,5.29,1088.4,156.4
2026-09-04T13:56:03.651Z,21.81,5.29,1087.9,156.8
2026-09-04T13:56:18.307Z,21.25,5.3,1084.2,160.3
2026-09-04T13:56:32.419Z,21.69,5.31,1083.4,160.6
2026-09-04T13:56:46.532Z,21.75,5.28,1086.4,158.2
2026-09-04T13:57:00.899Z,21.62,5.31,1087.4,156.9
2026-09-04T13:57:16.355Z,21.75,5.29,1088.6,157.5
2026-09-04T13:57:30.436Z,22.06,5.36,1085.2,156.8
2026-09-04T13:57:44.164Z,21.88,5.35,1085.8,159.1
2026-09-04T13:58:06.724Z,21.12,5.38,1084.8,157.8
2026-09-04T13:58:21.219Z,21.69,5.38,1083.6,156.5
2026-09-04T13:58:35.235Z,21.81,5.38,1085.8,155.1
2026-09-04T13:58:49.283Z,21.12,5.38,1083.5,156.4
2026-09-04T13:59:03.363Z,21.81,5.37,1083.3,159.1
2026-09-04T13:59:18.435Z,21.25,5.28,1088.1,159.6
2026-09-04T13:59:32.867Z,21.62,5.29,1083.6,165.5
2026-09-04T13:59:47.012Z,21.75,5.3,1083.3,164.5
2026-09-04T14:00:09.283Z,21.88,5.34,1083.7,158.5
2026-09-04T14:00:23.492Z,22.5,5.3,1086.2,158
2026-09-04T14:00:38.371Z,20.38,5.32,1082.6,167
2026-09-04T14:00:52.611Z,22.12,5.31,1086,160.1
2026-09-04T14:01:06.339Z,21.81,5.29,1088.6,155.9
2026-09-04T14:01:20.451Z,22.25,5.3,1084.6,160.2
2026-09-04T14:01:35.172Z,22.19,5.31,1083.6,159.3
2026-09-04T14:01:50.084Z,22.06,5.33,1083.4,159.1
2026-09-04T14:02:03.940Z,22,5.3,1086,157
2026-09-04T14:02:17.796Z,21.75,5.29,1088.4,155.8
2026-09-04T14:02:32.036Z,21.94,5.32,1085.8,156.4
2026-09-04T14:02:46.179Z,21.81,5.36,1083.4,157.7
2026-09-04T14:03:01.411Z,21.81,5.28,1088.8,156.7
2026-09-04T14:03:15.619Z,4.81,5.35,1085,237.9
2026-09-04T14:03:29.827Z,22.88,5.27,1088.6,151.3
2026-09-04T14:03:43.715Z,24.19,5.33,1082.8,151.6
2026-09-04T14:03:59.267Z,6.81,5.35,1082.8,227.4
2026-09-04T14:04:14.628Z,-36.12,5.35,1088.8,-1309
2026-09-04T14:04:41.923Z,1.69,5.33,1084.2,264.1
2026-09-04T14:04:56.195Z,17.88,5.35,1085.1,170.6
2026-09-04T14:05:10.787Z,18.06,5.35,1083.2,172.6
2026-09-04T14:05:25.347Z,20.31,5.35,1084.2,161.4
2026-09-04T14:05:39.652Z,23.75,5.34,1083.9,150.7
2026-09-04T14:05:53.412Z,22.88,5.34,1083,154.3
2026-09-04T14:06:07.236Z,21.81,5.35,1083.8,155.6
2026-09-04T14:06:21.635Z,-16.38,5.35,1087.8,951.5
2026-09-04T14:06:36.579Z,-29.56,5.38,1085,-8143.9
2026-09-04T14:06:51.172Z,-13.88,5.34,1089,639.5
2026-09-04T14:07:06.307Z,-34.56,5.34,1085,-1831.8
2026-09-04T14:07:32.772Z,22.88,5.36,1085,152.3
2026-09-04T14:07:57.219Z,23.62,5.29,1088.7,152.6
2026-09-04T14:08:10.979Z,23.56,5.34,1083.2,152.7
2026-09-04T14:08:24.676Z,22.75,5.34,1083.2,155.5
2026-09-04T14:08:39.076Z,23.19,5.32,1085.6,155.9
2026-09-04T14:08:53.219Z,22.88,5.35,1087.6,151.8
2026-09-04T14:09:06.915Z,23.44,5.31,1087.5,148.8
2026-09-04T14:09:20.579Z,23.81,5.34,1084.1,153.4
2026-09-04T14:09:35.171Z,19.69,5.37,1085.1,160
2026-09-04T14:09:50.179Z,-21.25,5.41,1084.2,6919.9
2026-09-04T14:10:05.155Z,-47.31,5.38,1085.3,-497.5
2026-09-04T14:10:19.651Z,-41.44,5.35,1089.5,-731.5
2026-09-04T14:10:34.179Z,-48.69,5.4,1084.2,-448.4
2026-09-04T14:10:48.707Z,-58.62,5.4,1084.8,-292.1
2026-09-04T14:11:04.131Z,-21.81,5.4,1083.8,12072.9
2026-09-04T14:11:19.683Z,-21.25,5.36,1089.5,7032.5
2026-09-04T14:11:35.587Z,12.44,5.36,1084.2,191.7
2026-09-04T14:11:49.603Z,19.38,5.37,1085,159.6
2026-09-04T14:12:03.651Z,20.38,5.33,1085.2,162.4
2026-09-04T14:12:17.955Z,23.56,5.31,1087.4,152.3
2026-09-04T14:12:32.003Z,22.75,5.31,1088.6,155.8
2026-09-04T14:12:45.667Z,23.25,5.34,1083,156.9
2026-09-04T14:12:59.331Z,24.19,5.32,1086.6,152.6
2026-09-04T14:13:12.963Z,23.12,5.34,1084.2,153.4
2026-09-04T14:13:26.755Z,22.19,5.34,1083,160.8
2026-09-04T14:13:40.804Z,21.81,5.3,1084,165.3
2026-09-04T14:13:55.012Z,21.62,5.32,1084.6,161.8
2026-09-04T14:14:09.380Z,20.56,5.29,1088.6,161.3
2026-09-04T14:14:23.396Z,19.81,5.29,1087.2,169.3
2026-09-04T14:14:37.540Z,22,5.31,1083.4,160.8
2026-09-04T14:14:51.588Z,23.25,5.32,1083.9,158.5
2026-09-04T14:15:05.540Z,23.62,5.31,1087.1,153.1
2026-09-04T14:15:19.235Z,23.75,5.31,1083.8,157.6
2026-09-04T14:15:33.764Z,22.81,5.27,1087.8,155.9
2026-09-04T14:15:47.459Z,22.19,5.26,1088.4,159.4
2026-09-04T14:16:01.571Z,22.38,5.27,1088.3,156.4
2026-09-04T14:16:15.299Z,23.44,5.28,1088.4,155.9
2026-09-04T14:16:29.027Z,23,5.32,1084.4,156.2
2026-09-04T14:16:44.355Z,22.31,5.28,1087,161.5
2026-09-04T14:16:58.116Z,20.06,5.27,1088.4,165.9
2026-09-04T14:17:13.092Z,20.38,5.32,1083.8,168.6
2026-09-04T14:17:27.172Z,19,5.27,1087.9,168.1
2026-09-04T14:17:41.219Z,17.12,5.26,1085.6,183.4
2026-09-04T14:17:55.683Z,19.31,5.24,1087.4,172
2026-09-04T14:18:10.596Z,16.25,5.28,1083.2,187.7
2026-09-04T14:18:25.251Z,17.81,5.24,1084.6,185.7
2026-09-04T14:18:40.355Z,18.12,5.22,1085.6,184.3
2026-09-04T14:18:55.812Z,22.62,5.27,1082.2,167.7
2026-09-04T14:19:10.660Z,22.75,5.27,1083.8,162.7
2026-09-04T14:19:25.732Z,24.25,5.28,1082.2,160.5
2026-09-04T14:19:39.523Z,23.5,5.25,1088.2,159.9
2026-09-04T14:19:53.572Z,23.31,5.28,1088.6,157.2
2026-09-04T14:20:07.492Z,14.5,5.34,1083.8,192.5
2026-09-04T14:20:21.668Z,20.69,5.31,1087.8,164.5
2026-09-04T14:20:36.259Z,18.19,5.35,1084.2,177.3
2026-09-04T14:20:50.371Z,12.62,5.33,1088.9,194.6
2026-09-04T14:21:04.739Z,13.19,5.33,1085.6,198.9
2026-09-04T14:21:19.203Z,10.19,5.35,1084.7,210.4
2026-09-04T14:21:34.083Z,12.19,5.37,1086.8,197.6
2026-09-04T14:21:49.443Z,15.12,5.33,1087.2,187.4
2026-09-04T14:22:04.259Z,12.25,5.38,1084.6,204.4
2026-09-04T14:22:19.876Z,-23.12,5.34,1089.4,65434.3
2026-09-04T14:22:35.428Z,-43.62,5.4,1084.7,-671.1
2026-09-04T14:22:50.499Z,-27.38,5.34,1089.4,-45965.5
2026-09-04T14:23:04.963Z,-18.12,5.36,1089.4,1653.6
2026-09-04T14:23:19.428Z,-16.56,5.35,1086.3,1054.4
2026-09-04T14:23:34.019Z,-7.44,5.37,1083.4,403
2026-09-04T14:23:48.867Z,-0.56,5.33,1088.6,284.8
2026-09-04T14:24:04.100Z,9.56,5.32,1089,207.5
2026-09-04T14:24:19.396Z,12.31,5.34,1086.4,195.2
2026-09-04T14:24:33.476Z,17.25,5.31,1088.8,169.2
2026-09-04T14:24:48.291Z,10.38,5.31,1088,209.6
2026-09-04T14:25:02.947Z,18.44,5.26,1088.3,168.2
2026-09-04T14:25:17.827Z,18.19,5.27,1085,175.4
2026-09-04T14:25:32.739Z,9.81,5.3,1086.6,211.6
2026-09-04T14:25:47.107Z,17.94,5.32,1083.8,178
2026-09-04T14:26:01.219Z,18.06,5.3,1083.2,178
2026-09-04T14:26:15.363Z,18.69,5.28,1086.6,172.2
2026-09-04T14:26:29.763Z,19.81,5.3,1086.6,165.4
2026-09-04T14:26:43.971Z,18.5,5.32,1083.3,174.6
2026-09-04T14:26:58.179Z,22.88,5.29,1087.4,159.8
2026-09-04T14:27:11.844Z,-8.69,5.3,1086.8,435.1
2026-09-04T14:27:25.956Z,19.25,5.25,1088.2,166
2026-09-04T14:27:41.092Z,23.94,5.3,1084.9,155.7
2026-09-04T14:27:54.787Z,23.25,5.3,1082.8,162.1
2026-09-04T14:28:08.451Z,23.5,5.31,1082.7,161.7
2026-09-04T14:28:22.115Z,23.12,5.22,1087.8,157
2026-09-04T14:28:35.747Z,11.19,5.28,1083.6,207.9
2026-09-04T14:29:01.731Z,23,5.25,1086.5,163.1
2026-09-04T14:29:17.187Z,22.62,5.24,1085.2,162.6
2026-09-04T14:29:30.916Z,23.25,5.24,1086.8,159
2026-09-04T14:29:44.675Z,23.44,5.25,1088,155.9
2026-09-04T14:29:58.755Z,22.88,5.24,1088,153.2
2026-09-04T14:30:13.412Z,22,5.3,1082.6,163.3
2026-09-04T14:30:27.108Z,22.38,5.29,1084.2,158.4
2026-09-04T14:30:41.091Z,22.31,5.24,1088,159.5
2026-09-04T14:30:54.788Z,22.94,5.27,1083.8,160.9
2026-09-04T14:31:10.115Z,15.62,5.25,1087.9,186.6
2026-09-04T14:31:24.131Z,21,5.28,1082.6,167.1
2026-09-04T14:31:38.148Z,21.06,5.31,1084.2,161.6
2026-09-04T14:31:52.195Z,14.5,5.31,1084.5,184.5
2026-09-04T14:32:06.947Z,10.75,5.31,1083,203
2026-09-04T14:32:22.115Z,16.56,5.31,1087.1,168.1
2026-09-04T14:32:36.131Z,16.56,5.33,1085,172.6
2026-09-04T14:32:50.243Z,-0.56,5.3,1089.4,280.5
2026-09-04T14:33:05.219Z,23.56,5.3,1089,149
2026-09-04T14:33:19.556Z,22.62,5.34,1083.4,155.4
2026-09-04T14:33:34.755Z,22.5,5.28,1089,153.2
2026-09-04T14:33:48.451Z,22.69,5.29,1089,151.3
2026-09-04T14:34:02.179Z,23.75,5.31,1089.4,147.6
2026-09-04T14:34:15.907Z,23.56,5.36,1083.6,154
2026-09-04T14:34:30.723Z,24.25,5.37,1084.5,150.4
2026-09-04T14:34:44.803Z,22.06,5.32,1089.3,156.7
2026-09-04T14:34:58.595Z,20.5,5.33,1089.4,162
2026-09-04T14:35:12.772Z,18.75,5.32,1089.2,167.5
2026-09-04T14:35:26.948Z,-41.38,5.4,1083.9,-775.3
2026-09-04T14:35:52.163Z,-42.75,5.39,1087.4,-668.5
2026-09-04T14:36:06.980Z,-30.19,5.37,1088.8,-6386.9
2026-09-04T14:36:21.443Z,-55.31,5.41,1084.4,-339.6
2026-09-04T14:36:35.907Z,-29.88,5.39,1086.2,-7504.6
2026-09-04T14:36:51.203Z,-23.12,5.35,1086.8,63043.6
2026-09-04T14:37:05.699Z,-28.88,5.38,1085.6,-13151.4
2026-09-04T14:37:21.379Z,-20.06,5.37,1089.6,3573.9
2026-09-04T14:37:47.363Z,-22.5,5.41,1084.4,27558.9
2026-09-04T14:38:09.955Z,-8.12,5.37,1085.2,424.6
2026-09-04T14:38:24.515Z,-10.06,5.36,1087.4,481
2026-09-04T14:38:38.756Z,-1.56,5.35,1087.6,306.8
2026-09-04T14:38:52.867Z,9.75,5.36,1088,204.2
2026-09-04T14:39:07.076Z,13.81,5.37,1083.6,190.6
2026-09-04T14:39:21.443Z,17.94,5.36,1086.2,170.7
2026-09-04T14:39:35.939Z,21.25,5.36,1085,158.2
2026-09-04T14:39:49.955Z,20.88,5.34,1084,165.4
2026-09-04T14:40:04.036Z,21.81,5.35,1086.2,156
2026-09-04T14:40:18.948Z,24.06,5.33,1089,152
2026-09-04T14:40:32.707Z,24.06,5.37,1083.4,157.4
2026-09-04T14:40:46.884Z,22.88,5.36,1087.4,156.2
2026-09-04T14:41:00.612Z,21.38,5.34,1088.3,162.4
2026-09-04T14:41:15.556Z,17.88,5.34,1088.6,173.7
2026-09-04T14:41:29.604Z,18.31,5.36,1087.3,171.5
2026-09-04T14:41:44.323Z,-3.88,5.4,1084.9,326.4
2026-09-04T14:41:58.756Z,7.94,5.39,1085.6,214.1
2026-09-04T14:42:12.804Z,-10.81,5.4,1084.2,506.2
2026-09-04T14:42:27.331Z,-6.56,5.39,1086.2,373.6
2026-09-04T14:42:41.411Z,-10.25,5.36,1087.8,473.7
2026-09-04T14:42:55.683Z,-15.69,5.35,1089.7,861
2026-09-04T14:43:10.499Z,-23.12,5.4,1084,58394.4
2026-09-04T14:43:24.868Z,-16.25,5.39,1085,1002.8
2026-09-04T14:43:39.299Z,-16.19,5.34,1085.9,1029.4
2026-09-04T14:43:53.795Z,-9.38,5.31,1088.6,447.6
2026-09-04T14:44:08.003Z,-5.12,5.3,1085.2,372.1
2026-09-04T14:44:22.532Z,1.62,5.31,1083.4,277.2
2026-09-04T14:44:37.539Z,10.12,5.32,1085.7,205.6
2026-09-04T14:44:51.716Z,14.38,5.33,1088.2,178.6
2026-09-04T14:45:08.067Z,14.62,5.31,1089.2,182.3
2026-09-04T14:45:22.595Z,16.75,5.35,1083.4,175.4
2026-09-04T14:45:37.219Z,10.62,5.36,1083.8,204.6
2026-09-04T14:45:51.267Z,9.69,5.36,1083.5,209.1
2026-09-04T14:46:05.475Z,9.56,5.37,1083.6,210.9
2026-09-04T14:46:19.619Z,11,5.31,1088.1,201.3
2026-09-04T14:46:34.435Z,14.88,5.35,1086.8,181.7
2026-09-04T14:46:49.283Z,15.75,5.35,1086.5,178.6
2026-09-04T14:47:04.131Z,16.19,5.35,1085.5,179.5
2026-09-04T14:47:18.788Z,14.19,5.35,1085.4,184.7
2026-09-04T14:47:33.475Z,14.75,5.33,1085.8,187
2026-09-04T14:47:47.587Z,18.31,5.32,1089.4,167.4
2026-09-04T14:48:02.115Z,17.31,5.36,1085,169.8
2026-09-04T14:48:16.195Z,19.5,5.36,1084,162.9
2026-09-04T14:48:30.307Z,21.75,5.37,1083.4,161.4
2026-09-04T14:48:44.388Z,23.38,5.32,1089.3,151.1
2026-09-04T14:48:58.051Z,24,5.33,1086.2,154.9
2026-09-04T14:49:12.068Z,23.5,5.33,1085.6,152.8
2026-09-04T14:49:26.788Z,22.88,5.37,1085.5,155.1
2026-09-04T14:49:41.572Z,23.19,5.34,1088.6,151.6
2026-09-04T14:49:55.235Z,22.19,5.34,1086.7,153.5
2026-09-04T14:50:09.187Z,22.75,5.29,1089.1,155.8
2026-09-04T14:50:23.331Z,21.88,5.31,1087.5,155.6
2026-09-04T14:50:37.380Z,22.44,5.33,1083.2,159.2
2026-09-04T14:50:53.027Z,22,5.3,1088.7,153.6
2026-09-04T14:51:06.724Z,22.75,5.33,1082.9,160
2026-09-04T14:51:20.484Z,23,5.33,1083,159.8
2026-09-04T14:51:34.660Z,11.12,5.34,1084.2,201
2026-09-04T14:51:48.772Z,23.69,5.31,1087.1,151.4
2026-09-04T14:52:02.435Z,22.06,5.29,1084,164.7
2026-09-04T14:52:16.739Z,22.56,5.25,1088.7,157.7
2026-09-04T14:52:30.436Z,20.56,5.31,1085.8,164.2
2026-09-04T14:52:44.868Z,22.06,5.27,1088.2,156.4
2026-09-04T14:52:58.916Z,23.12,5.29,1084.3,156.9
2026-09-04T14:53:13.315Z,14.19,5.29,1086.6,188.9
2026-09-04T14:53:27.363Z,20.38,5.31,1082.8,167.1
2026-09-04T14:53:41.604Z,20.94,5.3,1082.8,168.4
2026-09-04T14:53:56.963Z,19,5.32,1084.8,169.8
2026-09-04T14:54:11.363Z,19.25,5.28,1085.6,172.1
2026-09-04T14:54:25.475Z,21.06,5.33,1084.4,160.1
2026-09-04T14:54:39.716Z,19.12,5.28,1088.2,170.4
2026-09-04T14:54:53.828Z,23.5,5.31,1085.4,156.4
2026-09-04T14:55:07.940Z,22.94,5.32,1087,154.8
2026-09-04T14:55:22.756Z,14.31,5.33,1086.2,180.4
2026-09-04T14:55:37.156Z,-9.38,5.34,1088.8,435.9
2026-09-04T14:55:51.492Z,-6.75,5.31,1089.3,375.6
2026-09-04T14:56:05.540Z,-6.62,5.36,1085.8,370.9
2026-09-04T14:56:20.644Z,-4.44,5.37,1083.4,337.4
2026-09-04T14:56:35.972Z,-4.81,5.38,1084.7,346.3
2026-09-04T14:56:50.020Z,2.19,5.36,1084.1,255.9
2026-09-04T14:57:05.059Z,-13.25,5.32,1089.8,622.7
2026-09-04T14:57:19.555Z,-31.81,5.34,1089.8,-3525
2026-09-04T14:57:34.724Z,-12.12,5.34,1089.6,563.6
2026-09-04T14:57:50.596Z,-3.88,5.34,1089.6,322.7
2026-09-04T14:58:04.835Z,3.81,5.31,1089.6,241.1
2026-09-04T14:58:19.140Z,6.94,5.37,1084.6,227.6
2026-09-04T14:58:34.083Z,10,5.35,1087.2,207.5
2026-09-04T14:58:48.132Z,10.19,5.38,1086.8,198.9
2026-09-04T14:59:14.371Z,4.62,5.35,1087,236.8
2026-09-04T14:59:28.771Z,6.62,5.34,1089.8,221.9
2026-09-04T14:59:43.363Z,-10.81,5.41,1085.6,493.9
2026-09-04T14:59:57.411Z,-17.75,5.35,1090.2,1394.8
2026-09-04T15:00:12.035Z,-21.31,5.39,1087.3,8219.8
2026-09-04T15:00:26.659Z,-24.19,5.38,1087.4,733576.3
2026-09-04T15:00:41.283Z,2.12,5.4,1087.6,254
2026-09-04T15:00:55.747Z,-3.31,5.39,1087,325.2
2026-09-04T15:01:09.827Z,-22.06,5.43,1085.4,14230.4
2026-09-04T15:01:24.291Z,-23.06,5.38,1090,49063.2
2026-09-04T15:01:40.612Z,-36.44,5.42,1089.2,-1295.6
2026-09-04T15:01:57.603Z,-53.38,5.43,1085.2,-366.1
2026-09-04T15:02:13.411Z,-53.94,5.43,1089.8,-335.4
2026-09-04T15:02:27.843Z,-43.31,5.4,1087.6,-634.5
2026-09-04T15:02:42.467Z,-43.81,5.43,1084.2,-630.2
2026-09-04T15:02:57.283Z,-44.06,5.41,1090.2,-600.8
2026-09-04T15:03:11.971Z,-43.12,5.42,1086,-654.2
2026-09-04T15:03:26.627Z,-38.31,5.42,1088.8,-1040.3
2026-09-04T15:03:41.156Z,-37.75,5.43,1087.4,-1101.4
2026-09-04T15:03:56.451Z,-30,5.42,1088.6,-6949.8
2026-09-04T15:04:11.235Z,-29.31,5.37,1090.2,-9927.7
2026-09-04T15:04:26.019Z,-29.81,5.42,1087.4,-7296
2026-09-04T15:04:40.548Z,-28.56,5.44,1085.2,-15185.5
2026-09-04T15:04:54.980Z,-28.56,5.39,1090,-14754.4
2026-09-04T15:05:10.307Z,-26.12,5.43,1084.8,-354943.7
2026-09-04T15:05:26.307Z,-28.06,5.43,1086.2,-22792.8
2026-09-04T15:05:41.636Z,-19.31,5.43,1088.6,2274.7
2026-09-04T15:06:08.035Z,-16.06,5.42,1086.6,958.3
2026-09-04T15:06:22.564Z,-15.62,5.39,1090.4,896.3
2026-09-04T15:06:38.339Z,-6.44,5.4,1089.4,372.6
2026-09-04T15:06:52.451Z,-19.31,5.41,1090.6,2404.4
2026-09-04T15:07:06.916Z,-19.94,5.47,1084.5,3313
2026-09-04T15:07:21.347Z,-18.38,5.44,1087.9,1723.5
2026-09-04T15:07:36.132Z,-21,5.42,1089.8,5797.6
2026-09-04T15:08:02.979Z,-20.25,5.43,1088.2,3783.3
2026-09-04T15:08:26.756Z,-14.69,5.38,1090.1,727.4
2026-09-04T15:08:41.124Z,-10.69,5.41,1086.9,489.2
2026-09-04T15:08:55.620Z,-9,5.39,1089.8,429.5
2026-09-04T15:09:09.668Z,-5.5,5.36,1089.6,354.7
2026-09-04T15:09:23.844Z,-4.5,5.37,1089.7,338.3
2026-09-04T15:09:37.924Z,-0.69,5.37,1089.6,286.5
2026-09-04T15:09:52.035Z,-0.12,5.4,1087,274.4
2026-09-04T15:10:06.499Z,4.44,5.39,1085.6,241.9
2026-09-04T15:10:21.571Z,4.12,5.39,1087,242.3
2026-09-04T15:10:35.768Z,6.44,5.4,1084.2,228.1
2026-09-04T15:10:49.891Z,5.81,5.34,1088.4,231.5
2026-09-04T15:11:03.971Z,7.06,5.32,1089.6,219.2
2026-09-04T15:11:19.363Z,10.31,5.38,1085.8,204.5
2026-09-04T15:11:33.636Z,9.5,5.36,1088.8,205.1
2026-09-04T15:11:47.844Z,11.38,5.35,1087.4,199
2026-09-04T15:12:01.988Z,4.38,5.36,1084.3,241.4
2026-09-04T15:12:16.804Z,14.81,5.35,1085.2,185.9
2026-09-04T15:12:31.267Z,16.19,5.34,1088.2,176.6
2026-09-04T15:12:45.443Z,17,5.36,1083.8,178.5
2026-09-04T15:13:00.676Z,15.94,5.38,1083.4,182.5
2026-09-04T15:13:14.724Z,18.62,5.34,1086.4,171.7
2026-09-04T15:13:29.539Z,15.75,5.33,1089.2,175.3
2026-09-04T15:13:44.035Z,15.19,5.33,1089.2,183.1
2026-09-04T15:13:58.756Z,12.25,5.34,1087.9,194.9
2026-09-04T15:14:12.867Z,13.62,5.34,1089.2,187.9
2026-09-04T15:14:28.963Z,12.69,5.34,1087.3,189.9
2026-09-04T15:14:43.076Z,11.94,5.37,1086.1,196.9
2026-09-04T15:14:57.571Z,11,5.34,1089.4,198.2
2026-09-04T15:15:11.683Z,9.88,5.31,1089,204.3
2026-09-04T15:15:25.795Z,10.06,5.3,1089,206.6
2026-09-04T15:15:40.355Z,10.12,5.3,1089,201
2026-09-04T15:15:54.472Z,8.62,5.3,1089,214.5
2026-09-04T15:16:09.219Z,3.81,5.32,1089.2,242.2
2026-09-04T15:16:23.363Z,5.56,5.34,1087.8,236.8
2026-09-04T15:16:37.828Z,8.06,5.33,1086.9,219.9
2026-09-04T15:16:52.803Z,-3.12,5.3,1087.2,327.8
2026-09-04T15:17:12.675Z,0.56,5.3,1089.3,272.4
2026-09-04T15:17:30.083Z,0.44,5.29,1089.2,277.6
2026-09-04T15:17:44.163Z,6.31,5.35,1084.8,231.1
2026-09-04T15:17:58.564Z,10.44,5.31,1089,203.9
2026-09-04T15:18:12.676Z,14.19,5.3,1088.8,186
2026-09-04T15:18:26.948Z,17.25,5.33,1083.4,181.2
2026-09-04T15:18:42.916Z,21,5.3,1088,158.1
2026-09-04T15:18:57.028Z,23.69,5.32,1083.4,157.3
2026-09-04T15:19:11.620Z,15.62,5.32,1083.9,184.2
2026-09-04T15:19:25.796Z,21.75,5.31,1085.4,159.5
2026-09-04T15:19:39.940Z,23.56,5.32,1083,158.9
2026-09-04T15:19:55.012Z,22.94,5.3,1083.8,160.8
2026-09-04T15:20:08.868Z,22.56,5.3,1087,157.4
2026-09-04T15:20:22.596Z,22.5,5.27,1088.4,160.1
2026-09-04T15:20:36.323Z,21.62,5.27,1084,167.7
2026-09-04T15:20:50.596Z,21.62,5.26,1087.2,166.1
2026-09-04T15:21:05.060Z,22.19,5.29,1083.5,165.6
2026-09-04T15:21:18.788Z,22.06,5.29,1086.8,160.4
2026-09-04T15:21:32.516Z,21.94,5.31,1083,165.5
2026-09-04T15:21:46.660Z,22.31,5.26,1089,162.4
2026-09-04T15:22:00.355Z,21.75,5.3,1087.8,157
2026-09-04T15:22:14.884Z,22.12,5.28,1089.8,158.5
2026-09-04T15:22:28.676Z,21.94,5.32,1088.9,155
2026-09-04T15:22:42.724Z,22,5.31,1085.3,157.1
2026-09-04T15:22:56.740Z,22.19,5.34,1087.8,149.3
2026-09-04T15:23:10.500Z,21.56,5.32,1089.7,156.1
2026-09-04T15:23:25.156Z,22,5.36,1083.9,154.8
2026-09-04T15:23:39.140Z,21.94,5.31,1089.4,154.3
2026-09-04T15:23:54.148Z,21.56,5.35,1084.8,162
2026-09-04T15:24:08.291Z,22,5.32,1089.8,155.2
2026-09-04T15:24:22.243Z,22.31,5.36,1085,153.8
2026-09-04T15:24:36.516Z,23.25,5.34,1090,147.1
2026-09-04T15:24:51.299Z,23.06,5.4,1086.9,151.5
2026-09-04T15:25:05.027Z,23.44,5.41,1085.2,146.7
2026-09-04T15:25:18.820Z,23.06,5.4,1090.2,149.6
2026-09-04T15:25:32.643Z,24.19,5.42,1086,145.9
2026-09-04T15:25:47.428Z,23.88,5.4,1086,144
2026-09-04T15:26:01.283Z,23.56,5.43,1084.6,145
2026-09-04T15:26:15.107Z,23,5.43,1086.8,143.3
2026-09-04T15:26:28.963Z,22.62,5.39,1089.6,145.7
2026-09-04T15:26:42.692Z,23.12,5.44,1090.2,141.4
2026-09-04T15:26:57.827Z,22.12,5.39,1090.8,148.4
2026-09-04T15:27:12.484Z,21.94,5.38,1090.8,147.7
2026-09-04T15:27:26.532Z,22,5.39,1090.6,149.2
2026-09-04T15:27:40.388Z,22.12,5.41,1086.4,148.1
2026-09-04T15:27:54.115Z,21.88,5.37,1090.1,146.8
2026-09-04T15:28:08.675Z,12.44,5.4,1084.7,190
2026-09-04T15:28:22.852Z,22.62,5.4,1085.2,146.8
2026-09-04T15:28:36.612Z,22.06,5.37,1086,152.2
2026-09-04T15:28:50.371Z,21.69,5.36,1088.2,151
2026-09-04T15:29:05.091Z,22.06,5.35,1086.7,154.3
2026-09-04T15:29:19.299Z,22.19,5.35,1089.7,149.5
2026-09-04T15:29:33.219Z,21.94,5.35,1083.6,154.5
2026-09-04T15:29:56.067Z,23.94,5.32,1088.2,144.9
2026-09-04T15:30:09.827Z,22.19,5.35,1085,152.4
2026-09-04T15:30:24.836Z,22.31,5.32,1085.9,152.6
2026-09-04T15:30:38.755Z,22.06,5.32,1089.4,149.7
2026-09-04T15:30:52.771Z,22.56,5.34,1084.6,150.2
2026-09-04T15:31:06.724Z,22.06,5.35,1084.1,153
2026-09-04T15:31:20.484Z,22.19,5.32,1087.8,152.3
2026-09-04T15:31:34.756Z,22.06,5.31,1084.4,156.3
2026-09-04T15:31:48.452Z,22,5.34,1084.9,155.8
2026-09-04T15:32:02.339Z,21.56,5.33,1083.5,157.5
2026-09-04T15:32:17.251Z,21.88,5.32,1084,153.7
2026-09-04T15:32:31.459Z,21.94,5.29,1089.2,154.4
2026-09-04T15:32:46.083Z,21.56,5.35,1085.2,154.1
2026-09-04T15:33:00.388Z,21.88,5.31,1090.2,150.8
2026-09-04T15:33:15.076Z,21.88,5.28,1089.7,154.1
2026-09-04T15:33:29.283Z,21.62,5.36,1083.5,155.1
2026-09-04T15:33:43.619Z,21.62,5.35,1084.4,156
2026-09-04T15:33:58.979Z,21.94,5.34,1083.5,156.3
2026-09-04T15:34:13.315Z,22,5.32,1084,160.2
2026-09-04T15:34:27.171Z,23.88,5.27,1089,147.6
2026-09-04T15:34:41.123Z,1.5,5.32,1087.3,264.2
2026-09-04T15:34:56.355Z,1.5,5.35,1083.6,260.3
2026-09-04T15:35:11.619Z,-4.12,5.3,1089.5,323.9
2026-09-04T15:35:26.723Z,-5.62,5.33,1084.4,363
2026-09-04T15:35:40.963Z,-4.88,5.33,1088.5,337
2026-09-04T15:35:55.267Z,-4.31,5.34,1083.4,338.4
2026-09-04T15:36:09.443Z,-5.44,5.35,1086,349.3
2026-09-04T15:36:24.163Z,20.38,5.31,1089.4,161.1
2026-09-04T15:36:38.563Z,22.69,5.3,1087.8,160.2
2026-09-04T15:36:52.451Z,21.81,5.28,1089,157.2
2026-09-04T15:37:06.627Z,21.75,5.32,1086,157.5
2026-09-04T15:37:21.891Z,21.88,5.31,1085.8,155.1
2026-09-04T15:37:36.548Z,22.5,5.32,1085,158.3
2026-09-04T15:37:50.435Z,21.44,5.29,1089,158.9
2026-09-04T15:38:14.371Z,21.88,5.24,1088.7,159.8
2026-09-04T15:38:38.019Z,21.25,5.29,1086.8,160.7
2026-09-04T15:38:52.676Z,21.75,5.3,1083.6,161.4
2026-09-04T15:39:06.948Z,21.75,5.27,1088.7,156.7
2026-09-04T15:39:21.987Z,21.19,5.29,1084.2,165.7
2026-09-04T15:39:36.227Z,21.75,5.26,1089,156
2026-09-04T15:39:50.468Z,21.75,5.28,1088.6,160.8
2026-09-04T15:40:05.060Z,21.69,5.27,1087,162.6
2026-09-04T15:40:20.068Z,22.19,5.28,1089.2,154.7
2026-09-04T15:40:33.860Z,22.94,5.32,1083.2,157.5
2026-09-04T15:40:47.652Z,23.31,5.3,1087.2,153.5
2026-09-04T15:41:01.444Z,22.69,5.27,1089.1,153.3
2026-09-04T15:41:15.748Z,23.75,5.3,1088.9,146.2
2026-09-04T15:41:29.508Z,22.75,5.27,1088.5,153.9
2026-09-04T15:41:43.396Z,23.06,5.3,1086.6,155.8
2026-09-04T15:41:57.187Z,22.81,5.31,1087.6,155
2026-09-04T15:42:11.172Z,20.12,5.33,1083.8,163.3
2026-09-04T15:42:26.436Z,18.94,5.29,1089.4,164.6
2026-09-04T15:42:40.580Z,8.69,5.35,1084.2,211
2026-09-04T15:42:54.852Z,4.75,5.31,1088.8,233.7
2026-09-04T15:43:09.060Z,2.62,5.36,1084,260.2
2026-09-04T15:43:23.331Z,4.5,5.34,1089.6,232.6
2026-09-04T15:43:37.923Z,7.56,5.31,1089.8,214.7
2026-09-04T15:43:51.939Z,23.56,5.29,1089.8,147.7
2026-09-04T15:44:05.604Z,23.31,5.3,1089.8,144.4
2026-09-04T15:44:20.067Z,18.12,5.34,1088.6,162.8
2026-09-04T15:44:34.339Z,17.25,5.37,1085.2,169
2026-09-04T15:44:48.836Z,13.06,5.35,1090.3,181.9
2026-09-04T15:45:02.948Z,23.25,5.38,1085,147.7
2026-09-04T15:45:17.539Z,22.88,5.37,1086,149.6
2026-09-04T15:45:31.299Z,22.69,5.33,1089.8,154.2
2026-09-04T15:45:44.995Z,23.75,5.31,1089.9,149
2026-09-04T15:45:59.139Z,-14.38,5.32,1090.2,709.3
2026-09-04T15:46:25.699Z,2.5,5.34,1085.8,253.3
2026-09-04T15:46:39.843Z,3.19,5.32,1089.6,241.6
2026-09-04T15:46:55.395Z,5.44,5.36,1084.2,229.3
2026-09-04T15:47:09.860Z,16.25,5.31,1089.4,171.2
2026-09-04T15:47:24.003Z,18.56,5.31,1085.8,165.6
2026-09-04T15:47:38.627Z,21.19,5.28,1089.6,159.7
2026-09-04T15:47:52.707Z,23.5,5.34,1085,153
2026-09-04T15:48:06.436Z,23.31,5.3,1089.2,149.4
2026-09-04T15:48:20.612Z,24.19,5.31,1089.7,145.4
2026-09-04T15:48:34.403Z,23.5,5.3,1089.4,150.6
2026-09-04T15:48:48.164Z,22.81,5.3,1088.2,151.4
2026-09-04T15:49:01.923Z,23.5,5.32,1087.8,151
2026-09-04T15:49:15.683Z,23.25,5.33,1087.2,152.2
2026-09-04T15:49:30.148Z,23.56,5.32,1090.3,151.2
2026-09-04T15:49:43.907Z,22.5,5.31,1090,153.4
2026-09-04T15:49:57.603Z,23.38,5.3,1090.6,145.7
2026-09-04T15:50:11.459Z,23.12,5.33,1090.3,148
2026-09-04T15:50:25.187Z,22.94,5.34,1090.4,149.4
2026-09-04T15:50:39.523Z,22.75,5.31,1090.9,155.5
2026-09-04T15:50:53.379Z,23.31,5.32,1090.2,149.1
2026-09-04T15:51:07.108Z,23.12,5.33,1090,148.4
2026-09-04T15:51:20.931Z,23.19,5.33,1091.5,148.3
2026-09-04T15:51:35.523Z,22.62,5.38,1085.4,152.2
2026-09-04T15:51:50.435Z,22.44,5.39,1087.6,146.9
2026-09-04T15:52:04.707Z,22.5,5.38,1092,143.4
2026-09-04T15:52:18.596Z,15.06,5.34,1091.9,171
2026-09-04T15:52:32.803Z,2.44,5.37,1086.3,250.9
2026-09-04T15:52:46.915Z,-27.81,5.39,1088.8,-27403.9
2026-09-04T15:53:02.339Z,-44.06,5.38,1091.4,-586.1
2026-09-04T15:53:17.508Z,-28.56,5.37,1089.5,-15034.2
2026-09-04T15:53:32.004Z,-27.94,5.39,1087,-23713
2026-09-04T15:53:46.596Z,-19.81,5.35,1092.4,2732.8
2026-09-04T15:54:01.188Z,-6.12,5.33,1092.6,347.3
2026-09-04T15:54:15.811Z,-2.06,5.33,1092.6,287.8
2026-09-04T15:54:30.019Z,-46.81,5.33,1092.9,-482.7
2026-09-04T15:54:45.059Z,-58.75,5.41,1088.9,-284.7
2026-09-04T15:55:00.387Z,-68.75,5.39,1090,-213.7
2026-09-04T15:55:16.355Z,-65.75,5.42,1087.8,-222.2
2026-09-04T15:55:32.163Z,-50.38,5.38,1093.2,-396.5
2026-09-04T15:55:46.787Z,-51.25,5.41,1094.2,-367.8
2026-09-04T15:56:01.315Z,-9.88,5.4,1088.4,448.5
2026-09-04T15:56:16.068Z,-2.25,5.33,1092.8,293.7
2026-09-04T15:56:30.243Z,-4.94,5.34,1093,334.4
2026-09-04T15:56:44.580Z,-6,5.34,1092.6,358.3
2026-09-04T15:56:58.820Z,0.19,5.36,1089,279.4
2026-09-04T15:57:13.668Z,1.38,5.34,1093.1,263.2
2026-09-04T15:57:28.164Z,-41.38,5.39,1091.4,-721.1
2026-09-04T15:57:42.756Z,-43.06,5.38,1088.5,-686.7
2026-09-04T15:57:57.347Z,-55.06,5.39,1092.8,-334.9
2026-09-04T15:58:12.004Z,-42.12,5.4,1089.8,-729.9
2026-09-04T15:58:27.939Z,-36.81,5.41,1086.6,-1334.5
2026-09-04T15:58:42.916Z,-64.12,5.35,1092.6,-239.2
2026-09-04T15:58:57.604Z,-50.19,5.4,1087.2,-433.1
2026-09-04T15:59:12.259Z,-55.25,5.4,1088.1,-341.9
2026-09-04T15:59:26.851Z,-11.44,5.39,1087.8,546.6
2026-09-04T15:59:42.563Z,4.81,5.34,1091.4,239.1
2026-09-04T16:00:08.867Z,20.81,5.3,1091.9,163
2026-09-04T16:00:23.139Z,24.25,5.33,1090.2,152.3
2026-09-04T16:00:36.931Z,23.19,5.33,1089,154.5
2026-09-04T16:00:51.940Z,22.38,5.29,1088,162.4
2026-09-04T16:01:06.147Z,22.44,5.31,1091.4,157.9
2026-09-04T16:01:20.132Z,21.75,5.32,1087,163.3
2026-09-04T16:01:34.403Z,22.94,5.32,1089,158.4
2026-09-04T16:01:48.227Z,22.19,5.28,1091.6,156.6
2026-09-04T16:02:02.120Z,22.12,5.3,1088.4,160.8
2026-09-04T16:02:16.964Z,22.62,5.29,1091.6,156.3
2026-09-04T16:02:30.724Z,21.62,5.26,1091.8,164.6
2026-09-04T16:02:44.932Z,21.75,5.27,1091.9,162.5
2026-09-04T16:02:59.140Z,21.94,5.32,1086.3,164.5
2026-09-04T16:03:13.315Z,21.94,5.27,1091.4,165
2026-09-04T16:03:29.060Z,21.88,5.29,1088,165.4
2026-09-04T16:03:43.267Z,22.38,5.29,1088.3,164
2026-09-04T16:03:57.092Z,21.44,5.29,1089,162.2
2026-09-04T16:04:11.396Z,21.62,5.29,1089,163.5
2026-09-04T16:04:25.667Z,22,5.27,1089.4,165.5
2026-09-04T16:04:39.843Z,22.19,5.28,1087.3,165.4
2026-09-04T16:04:53.731Z,21.88,5.28,1092,160.9
2026-09-04T16:05:07.971Z,21.56,5.31,1088,162
2026-09-04T16:05:22.275Z,21.75,5.26,1091.9,161.4
2026-09-04T16:05:37.251Z,22.06,5.32,1086.4,164
2026-09-04T16:05:52.355Z,22.19,5.31,1087.9,163.6
2026-09-04T16:06:06.020Z,22.25,5.28,1090.9,162.3
2026-09-04T16:06:19.748Z,-26.62,5.31,1092.8,-139740.8
2026-09-04T16:06:34.211Z,1.88,5.35,1086.8,267.5
2026-09-04T16:06:48.323Z,8.5,5.33,1088.4,220.5
2026-09-04T16:07:04.036Z,15.75,5.28,1092.4,184
2026-09-04T16:07:18.436Z,20.69,5.34,1086.4,167.1
2026-09-04T16:07:33.732Z,21.38,5.31,1089.1,163.7
2026-09-04T16:07:48.195Z,21.12,5.32,1091,159.9
2026-09-04T16:08:02.275Z,17.06,5.35,1088.9,175
2026-09-04T16:08:28.580Z,-30.75,5.33,1092.9,-5329.3
2026-09-04T16:08:50.307Z,-51.06,5.35,1092.8,-413.5
2026-09-04T16:09:04.932Z,-44.19,5.4,1089,-626.1
2026-09-04T16:09:19.812Z,-31.5,5.35,1090.2,-4231.7
2026-09-04T16:09:34.339Z,-21.94,5.36,1089.6,14913.8
2026-09-04T16:09:48.836Z,-6.31,5.36,1089.2,388.1
2026-09-04T16:10:02.980Z,-10.44,5.34,1092.9,503.3
2026-09-04T16:10:17.508Z,-4.81,5.35,1093,348.5
2026-09-04T16:10:32.036Z,-10.69,5.37,1089.7,521.1
2026-09-04T16:10:47.203Z,-66.12,5.4,1092.4,-236.7
2026-09-04T16:11:01.795Z,-68.75,5.44,1089.3,-222
2026-09-04T16:11:16.323Z,-66.75,5.39,1093.2,-231.8
2026-09-04T16:11:30.756Z,-61.56,5.41,1092.2,-266.8
2026-09-04T16:11:45.667Z,-43,5.38,1093.2,-678.1
2026-09-04T16:12:00.772Z,-13.12,5.4,1089.6,644.8
2026-09-04T16:12:15.331Z,-68.75,5.46,1087.8,-216.3
2026-09-04T16:12:29.827Z,-23.56,5.39,1093.4,137509.7
2026-09-04T16:12:44.355Z,-26.5,5.43,1089.2,-171138
2026-09-04T16:12:59.747Z,-19.81,5.44,1089.8,3134.2
2026-09-04T16:13:15.235Z,-18.06,5.4,1092.8,1578.4
2026-09-04T16:13:29.764Z,-39.25,5.43,1088.8,-939.1
2026-09-04T16:13:44.452Z,-68.75,5.43,1092.7,-210.9
2026-09-04T16:13:59.076Z,-65.19,5.46,1088.4,-235.3
2026-09-04T16:14:14.404Z,-33.56,5.4,1093.4,-2212
2026-09-04T16:14:29.028Z,-42.19,5.42,1093.2,-685.9
2026-09-04T16:14:44.163Z,-28.31,5.39,1093.2,-18835.4
2026-09-04T16:14:58.755Z,-16,5.36,1093.2,932.2
2026-09-04T16:15:14.628Z,-12.94,5.41,1088.1,629.6
2026-09-04T16:15:29.251Z,-14.81,5.37,1093,777.2
2026-09-04T16:15:44.739Z,-20.12,5.38,1093,3464.4
2026-09-04T16:16:00.259Z,-1.44,5.4,1087.6,299.7
2026-09-04T16:16:15.459Z,5.38,5.35,1091,233.9
2026-09-04T16:16:29.667Z,9.19,5.33,1092.6,208.4
2026-09-04T16:16:44.068Z,7.5,5.37,1087.2,220.7
2026-09-04T16:16:58.852Z,9,5.34,1090.8,213.8
2026-09-04T16:17:13.028Z,23.5,5.36,1089,151.7
2026-09-04T16:17:27.203Z,23.31,5.32,1091.8,154.5
2026-09-04T16:17:40.932Z,23.69,5.38,1087.6,154.1
2026-09-04T16:17:54.788Z,22.19,5.35,1092.6,156.9
2026-09-04T16:18:08.580Z,23.56,5.36,1092.9,152.1
2026-09-04T16:18:22.467Z,18.81,5.4,1091.8,166.1
2026-09-04T16:18:38.660Z,19.38,5.37,1093,164.3
2026-09-04T16:18:52.932Z,22,5.35,1093,157.3
2026-09-04T16:19:06.788Z,20.44,5.37,1087.8,164.5
2026-09-04T16:19:20.867Z,19.75,5.39,1087.6,164
2026-09-04T16:19:35.012Z,15.5,5.35,1092.6,177.9
2026-09-04T16:19:49.540Z,14.19,5.38,1086.6,187.6
2026-09-04T16:20:03.780Z,10.38,5.33,1092.4,202.2
2026-09-04T16:20:17.891Z,10.31,5.32,1092.4,204
2026-09-04T16:20:32.035Z,16.25,5.31,1092.4,175.6
2026-09-04T16:20:46.243Z,8.81,5.31,1092.3,215.7
2026-09-04T16:21:01.636Z,8.75,5.34,1086.8,220.9
2026-09-04T16:21:15.747Z,11.75,5.28,1092.4,200.4
2026-09-04T16:21:29.796Z,17.38,5.35,1086.6,177.3
2026-09-04T16:21:43.971Z,16.94,5.31,1092.2,175.2
2026-09-04T16:21:58.084Z,18.44,5.33,1089.6,173.8
2026-09-04T16:22:13.572Z,17.88,5.33,1089.7,175
2026-09-04T16:22:28.548Z,19,5.34,1088.2,169.5
2026-09-04T16:22:42.628Z,9.69,5.3,1091.3,213.8
2026-09-04T16:22:56.835Z,18,5.32,1087.8,174.6
2026-09-04T16:23:10.916Z,4.19,5.34,1088,249.7
2026-09-04T16:23:26.243Z,-44.38,5.33,1086.9,-642.9
2026-09-04T16:23:52.291Z,-68.75,5.37,1090.4,-214.4
2026-09-04T16:24:06.820Z,-34,5.33,1089.1,-2252
2026-09-04T16:24:21.251Z,-18.69,5.33,1090,2030.5
2026-09-04T16:24:37.092Z,-22.25,5.34,1088.2,20297.5
2026-09-04T16:24:51.716Z,-18.62,5.35,1087,2118.1
2026-09-04T16:25:06.339Z,-16.38,5.32,1090.4,1079.8
2026-09-04T16:25:20.931Z,-17.5,5.31,1092.4,1429.8
2026-09-04T16:25:35.459Z,-15.06,5.34,1087,878.6
2026-09-04T16:25:50.883Z,-12.44,5.33,1090.4,599.1
2026-09-04T16:26:06.179Z,-15.25,5.31,1092.2,889.3
2026-09-04T16:26:20.676Z,-12.25,5.32,1092,609.3
2026-09-04T16:26:35.203Z,-9.69,5.35,1087,485.5
2026-09-04T16:26:49.315Z,-13,5.33,1088.8,667.7
2026-09-04T16:27:05.347Z,-14.19,5.33,1092.5,744.6
2026-09-04T16:27:19.812Z,-5.44,5.36,1087,374.2
2026-09-04T16:27:34.083Z,-4.75,5.36,1090,358.3
2026-09-04T16:27:48.323Z,-9.56,5.34,1092.6,478.7
2026-09-04T16:28:02.467Z,-2.75,5.38,1087.3,327.8
2026-09-04T16:28:17.092Z,-8.06,5.32,1090.8,427.7
2026-09-04T16:28:31.267Z,-0.75,5.35,1087.8,301.9
2026-09-04T16:28:45.955Z,-29.69,5.35,1088.6,-8878.9
2026-09-04T16:29:01.124Z,-9.25,5.3,1092,476.6
2026-09-04T16:29:15.716Z,-5.06,5.32,1090.4,365
2026-09-04T16:29:30.275Z,-37.25,5.35,1087,-1325
2026-09-04T16:29:45.156Z,-28.81,5.35,1087.5,-15569
2026-09-04T16:29:59.748Z,-26.88,5.31,1091.8,-95964.7
2026-09-04T16:30:23.843Z,-24.75,5.3,1092.3,33219997.2
2026-09-04T16:30:38.724Z,-17.69,5.34,1086.6,1604.3
2026-09-04T16:30:53.476Z,-13.75,5.32,1090,717.7
2026-09-04T16:31:09.251Z,-20.94,5.31,1092,6708.4
2026-09-04T16:31:23.843Z,-10.69,5.33,1087.6,539.5
2026-09-04T16:31:38.788Z,-14.5,5.3,1092.1,801.4
2026-09-04T16:31:53.475Z,-11.12,5.31,1089.8,559.6
2026-09-04T16:32:08.804Z,-5.12,5.34,1086.8,383.1
2026-09-04T16:32:23.044Z,0.38,5.33,1087.9,295.5
2026-09-04T16:32:37.283Z,3.12,5.3,1088.4,272.6
2026-09-04T16:32:52.643Z,6.56,5.31,1086.8,245.8
2026-09-04T16:33:06.884Z,1.88,5.32,1087,285.8
2026-09-04T16:34:03.171Z,9.56,5.29,1090.2,224.1
2026-09-04T16:34:17.315Z,10,5.3,1086.4,224.3
2026-09-04T16:34:32.547Z,7.5,5.27,1090.4,238.4
2026-09-04T16:34:47.683Z,-0.56,5.27,1091.7,310.5
2026-09-04T16:35:02.019Z,15.81,5.32,1086.4,196.5
2026-09-04T16:35:16.643Z,6.62,5.27,1091,247.4
2026-09-04T16:35:30.852Z,-2.81,5.34,1088,343.8
2026-09-04T16:35:45.060Z,-8.12,5.34,1088.4,451.8
2026-09-04T16:35:59.203Z,-7.69,5.31,1092.6,443.6
2026-09-04T16:36:14.243Z,-7.62,5.33,1091.8,443.5
2026-09-04T16:36:28.931Z,-7.75,5.37,1089.2,440
2026-09-04T16:36:43.140Z,-1.5,5.34,1092.6,317.9
2026-09-04T16:36:57.347Z,4.62,5.36,1088.7,260.1
2026-09-04T16:37:11.620Z,5.62,5.34,1088.6,250.8
2026-09-04T16:37:25.859Z,-3.19,5.31,1091.4,345.7
2026-09-04T16:37:40.484Z,10.5,5.31,1090.1,219.7
2026-09-04T16:37:54.660Z,9.69,5.34,1088.5,224.5
2026-09-04T16:38:09.187Z,8.88,5.31,1087.4,232.8
2026-09-04T16:38:23.235Z,5.06,5.33,1088.7,254.7
2026-09-04T16:38:47.171Z,-1.38,5.33,1092.1,320.5
2026-09-04T16:39:08.931Z,-5.06,5.3,1092.4,384.3
2026-09-04T16:39:22.979Z,-1,5.33,1088.2,316.7
2026-09-04T16:39:37.156Z,-2.25,5.35,1087.8,336.7
2026-09-04T16:39:51.171Z,0.06,5.34,1087.4,309.2
2026-09-04T16:40:05.635Z,2,5.31,1091.7,286.5
2026-09-04T16:40:19.748Z,2.62,5.29,1092.2,279.7
2026-09-04T16:40:33.764Z,4,5.34,1086.8,271
2026-09-04T16:40:47.779Z,7.5,5.31,1091.9,237.5
2026-09-04T16:41:01.860Z,14.12,5.32,1092.4,199.4
2026-09-04T16:41:16.323Z,12.25,5.37,1087.8,212
2026-09-04T16:41:31.396Z,17,5.32,1092.6,188
2026-09-04T16:41:45.924Z,21.06,5.36,1092.6,172.2
2026-09-04T16:42:00.291Z,22.44,5.37,1087.5,170.8
2026-09-04T16:42:14.147Z,22.81,5.31,1087.6,169.9
2026-09-04T16:42:29.059Z,22.81,5.27,1091.7,168.3
2026-09-04T16:42:42.819Z,23.94,5.32,1087.9,164.5
2026-09-04T16:42:56.643Z,23.62,5.31,1086.2,167.2
2026-09-04T16:43:10.468Z,24.06,5.24,1091.6,164.4
2026-09-04T16:43:24.355Z,-4.81,5.28,1088.6,385.7
2026-09-04T16:43:39.939Z,-8,5.32,1086.4,457.8
2026-09-04T16:43:54.083Z,-5.5,5.28,1088.2,397.1
2026-09-04T16:44:09.315Z,4.94,5.29,1087.1,259.1
2026-09-04T16:44:23.492Z,2.31,5.3,1087.2,284.5
2026-09-04T16:44:38.339Z,7.38,5.26,1092.1,236.6
2026-09-04T16:44:52.836Z,9.38,5.3,1087.5,231.6
2026-09-04T16:45:06.980Z,11.94,5.31,1086.6,214.7
2026-09-04T16:45:21.091Z,11.06,5.27,1092,214.8
2026-09-04T16:45:35.267Z,14.31,5.29,1090.8,202.5
2026-09-04T16:45:49.347Z,10.94,5.32,1087.8,217.4
2026-09-04T16:46:03.843Z,7.5,5.32,1091.6,241.4
2026-09-04T16:46:18.627Z,10.06,5.33,1092,221
2026-09-04T16:46:32.707Z,14.31,5.35,1086.6,203
2026-09-04T16:46:46.819Z,14,5.27,1092.2,199.9
2026-09-04T16:47:02.211Z,17.06,5.3,1092.3,185.8
2026-09-04T16:47:17.955Z,20.06,5.33,1087.8,176.4
2026-09-04T16:47:32.131Z,24.06,5.31,1087.8,163.8
2026-09-04T16:47:46.211Z,24.38,5.29,1090.9,162.4
2026-09-04T16:47:59.940Z,24.06,5.27,1091.8,162.4
2026-09-04T16:48:13.795Z,12.81,5.32,1086.8,208.2
2026-09-04T16:48:28.644Z,17.38,5.27,1090.8,189.9
2026-09-04T16:48:42.660Z,14.81,5.3,1089.9,196.7
2026-09-04T16:48:56.995Z,-9,5.29,1092.2,485.8
2026-09-04T16:49:12.100Z,-3.88,5.3,1088,364.6
2026-09-04T16:49:26.852Z,-5.19,5.31,1088.7,382.1
2026-09-04T16:49:41.731Z,-4.5,5.3,1090,375.8
2026-09-04T16:49:56.195Z,5.5,5.32,1088.3,255.9
2026-09-04T16:50:10.468Z,-6.38,5.29,1089.6,415.5
2026-09-04T16:50:25.444Z,-7.44,5.3,1092,434
2026-09-04T16:50:39.587Z,-19.25,5.31,1088.9,3069.7
2026-09-04T16:50:54.532Z,-12.12,5.28,1092.4,627.2
2026-09-04T16:51:09.124Z,-7.75,5.31,1089.6,451
2026-09-04T16:51:23.331Z,-10.56,5.35,1086.8,555.6
2026-09-04T16:51:37.892Z,-11.94,5.33,1086.6,624.7
2026-09-04T16:51:53.251Z,-7.69,5.34,1087.8,431.5
2026-09-04T16:52:08.803Z,-6.31,5.31,1092.9,373.5
2026-09-04T16:52:23.203Z,-6.31,5.34,1089.4,372
2026-09-04T16:52:37.539Z,-4.06,5.35,1092,329.3
2026-09-04T16:52:51.779Z,-3.62,5.34,1092.1,323.4
2026-09-04T16:53:06.660Z,-1.56,5.34,1092.8,297.5
2026-09-04T16:53:21.283Z,11.44,5.36,1086.8,205
2026-09-04T16:53:35.524Z,-0.44,5.38,1087.1,292.8
2026-09-04T16:53:49.667Z,7.19,5.35,1092.7,225.7
2026-09-04T16:54:05.411Z,16.88,5.36,1086.8,179.7
2026-09-04T16:54:19.619Z,22.44,5.31,1091.6,159.8
2026-09-04T16:54:33.699Z,23.69,5.34,1088.1,157.1
2026-09-04T16:54:47.588Z,21.88,5.35,1092,159.7
2026-09-04T16:55:01.635Z,18.25,5.35,1090.7,173.4
2026-09-04T16:55:15.715Z,-68.75,5.37,1091.1,-223.2
2026-09-04T16:55:41.123Z,-23.31,5.31,1092.4,85903.8
2026-09-04T16:55:56.195Z,-22.94,5.34,1088.9,50309.5
2026-09-04T16:56:10.723Z,-18.06,5.34,1087.7,1736.7
2026-09-04T16:56:25.379Z,-15,5.38,1087.2,868.3
2026-09-04T16:56:39.940Z,-11.88,5.36,1086.6,588.9
2026-09-04T16:56:55.108Z,-10.25,5.31,1092.5,501.8
2026-09-04T16:57:10.915Z,-5.06,5.32,1088.2,369.7
2026-09-04T16:57:24.964Z,-2.88,5.35,1086.9,331.2
2026-09-04T16:57:39.171Z,-6.69,5.3,1090,398.4
2026-09-04T16:57:53.380Z,-6.62,5.33,1091.9,387.3
2026-09-04T16:58:07.523Z,-5.31,5.32,1092.4,363.5
2026-09-04T16:58:22.979Z,-1,5.32,1091.2,304.1
2026-09-04T16:58:37.155Z,2.5,5.36,1086.8,267.6
2026-09-04T16:58:51.428Z,1.69,5.31,1088.6,278.9
2026-09-04T16:59:07.172Z,8.38,5.3,1091.2,222.5
2026-09-04T16:59:21.347Z,6.25,5.29,1092.2,235.4
2026-09-04T16:59:35.908Z,7.5,5.33,1088.7,229.1
2026-09-04T16:59:50.115Z,5.62,5.31,1088.6,244.7
2026-09-04T17:00:05.347Z,5.31,5.29,1088.6,246.1
2026-09-04T17:00:19.555Z,6.62,5.3,1091.4,236.3
2026-09-04T17:00:44.067Z,8.12,5.35,1092.4,222
2026-09-04T17:00:58.596Z,6.69,5.35,1088.8,234.9
2026-09-04T17:01:12.964Z,7.94,5.37,1091.3,222.5
2026-09-04T17:01:28.163Z,2.75,5.36,1092.4,259.2
2026-09-04T17:01:42.371Z,0.25,5.36,1092.7,283.4
2026-09-04T17:01:56.484Z,-0.94,5.36,1089.2,303.8
2026-09-04T17:02:12.227Z,-4.75,5.34,1092.6,355.1
2026-09-04T17:02:26.500Z,-8.25,5.35,1089,438.1
2026-09-04T17:02:40.644Z,-10.62,5.34,1092.6,507.9
2026-09-04T17:02:55.203Z,-12.75,5.37,1088.6,629.5
2026-09-04T17:03:10.884Z,-12.38,5.35,1092,606.5
2026-09-04T17:03:25.860Z,-10.31,5.37,1086.8,508.1
2026-09-04T17:03:40.483Z,-5,5.32,1092.5,356.5
2026-09-04T17:03:54.692Z,1,5.37,1088.4,283.6
2026-09-04T17:04:11.140Z,7.75,5.37,1088.2,224.4
2026-09-04T17:04:25.732Z,11,5.36,1088.9,207.3
2026-09-04T17:04:39.972Z,12.31,5.31,1090.3,201.6
2026-09-04T17:04:55.076Z,21.5,5.29,1092.4,162.5
2026-09-04T17:05:09.251Z,16.06,5.33,1092.6,181.9
2026-09-04T17:05:23.395Z,15.19,5.38,1087.2,189.2
2026-09-04T17:05:38.083Z,18.56,5.38,1087.6,173.6
2026-09-04T17:05:52.227Z,22.5,5.34,1091.4,159.2
2026-09-04T17:06:05.987Z,21.94,5.38,1086.8,166.4
2026-09-04T17:06:20.227Z,24,5.33,1086.3,157.3
2026-09-04T17:06:34.051Z,20.62,5.33,1089,164.9
2026-09-04T17:06:48.547Z,20.19,5.3,1092,166.3
2026-09-04T17:07:03.523Z,-17.88,5.33,1087,1638.4
2026-09-04T17:07:18.051Z,22.5,5.27,1090.4,164.2
2026-09-04T17:07:31.875Z,22.81,5.31,1087.6,161.1
2026-09-04T17:07:45.700Z,22.12,5.26,1089,166.3
2026-09-04T17:07:59.844Z,20.75,5.26,1091.8,165.3
2026-09-04T17:08:14.116Z,19.62,5.29,1089.4,169.8
2026-09-04T17:08:28.867Z,17.75,5.27,1087.6,181.6
2026-09-04T17:08:43.043Z,16.56,5.27,1091.8,180.4
2026-09-04T17:09:05.219Z,17.19,5.27,1092,177.5
2026-09-04T17:09:27.203Z,19.25,5.3,1088.4,176.1
2026-09-04T17:09:41.379Z,20.81,5.32,1088,166.4
2026-09-04T17:09:55.523Z,21.25,5.3,1091.5,161.8
2026-09-04T17:10:10.595Z,19.38,5.32,1089.7,173.3
2026-09-04T17:10:25.219Z,12.88,5.35,1087.2,199.6
2026-09-04T17:10:39.492Z,16.88,5.35,1091.1,178
2026-09-04T17:10:54.884Z,19.69,5.32,1086.8,172.8
2026-09-04T17:11:08.931Z,18.62,5.3,1090.3,177
2026-09-04T17:11:23.171Z,21.06,5.33,1087.8,168.4
2026-09-04T17:11:37.827Z,22.31,5.33,1087.2,165.3
2026-09-04T17:11:51.651Z,19.31,5.27,1091.7,173.5
2026-09-04T17:12:05.860Z,3.38,5.32,1088.8,256.4
2026-09-04T17:12:20.131Z,7.88,5.26,1091.8,226.3
2026-09-04T17:12:34.339Z,-6.12,5.31,1090.8,387.3
2026-09-04T17:12:48.867Z,-1.38,5.3,1092.2,308.8
2026-09-04T17:13:04.035Z,-3.69,5.28,1092.2,343.9
2026-09-04T17:13:18.275Z,-1.31,5.34,1088.8,303.5
2026-09-04T17:13:32.548Z,14.44,5.28,1092.1,192.4
2026-09-04T17:13:46.595Z,7.56,5.31,1090.4,225.7
2026-09-04T17:14:02.339Z,-68.75,5.33,1092.4,-222.3
2026-09-04T17:14:17.251Z,-22.88,5.37,1088.8,44892.5
2026-09-04T17:14:31.779Z,-54.12,5.33,1092.7,-370.1
2026-09-04T17:14:46.307Z,-11.25,5.33,1092.6,537.7
2026-09-04T17:15:05.924Z,-3.5,5.36,1087,341.3
2026-09-04T17:15:20.484Z,1.5,5.31,1092.2,272.1
2026-09-04T17:15:34.627Z,0.38,5.33,1089.2,284.7
2026-09-04T17:15:48.644Z,12,5.31,1090.4,199.9
2026-09-04T17:16:03.043Z,15.44,5.29,1090.3,189.2
2026-09-04T17:16:17.219Z,24.31,5.28,1091.9,157.1
2026-09-04T17:16:31.235Z,23.5,5.27,1091.8,161
2026-09-04T17:16:45.059Z,22.81,5.27,1089.5,165.2
2026-09-04T17:16:59.844Z,23,5.28,1090.7,160.8
2026-09-04T17:17:14.180Z,22.88,5.27,1090.4,160.8
2026-09-04T17:17:28.035Z,23.56,5.32,1087.8,158.2
2026-09-04T17:17:41.827Z,23.62,5.3,1088.8,160.3
2026-09-04T17:17:55.683Z,14.5,5.32,1090.5,189.6
2026-09-04T17:18:11.267Z,8.12,5.29,1091.9,226.7
2026-09-04T17:18:25.828Z,1,5.33,1087,285.1
2026-09-04T17:18:39.940Z,-17.12,5.34,1087.4,1322.5
2026-09-04T17:18:55.331Z,-38,5.34,1087.3,-1197.8
2026-09-04T17:19:09.924Z,-33.25,5.35,1088.6,-2649.5
2026-09-04T17:19:24.900Z,-18.94,5.34,1088.6,2350.4
2026-09-04T17:19:40.995Z,-4.44,5.31,1087.3,357.5
2026-09-04T17:19:55.107Z,6.56,5.27,1092,232.9
2026-09-04T17:20:09.251Z,3.44,5.29,1092.2,259.6
2026-09-04T17:20:23.588Z,9.06,5.31,1090.2,216.8
2026-09-04T17:20:37.859Z,11.62,5.28,1092,202.8
2026-09-04T17:20:52.483Z,14.19,5.32,1088.8,193.3
2026-09-04T17:21:06.660Z,17.25,5.3,1092.2,180.4
2026-09-04T17:21:20.867Z,16,5.35,1087,187.3
2026-09-04T17:21:35.107Z,11.75,5.33,1086.7,208.2
2026-09-04T17:21:49.251Z,19.25,5.33,1086.5,175.7
2026-09-04T17:22:03.716Z,12.94,5.29,1089.4,201.1
2026-09-04T17:22:17.987Z,9.81,5.3,1090.8,218.5
2026-09-04T17:22:32.259Z,5.19,5.34,1086.4,248.6
2026-09-04T17:22:46.404Z,-21.94,5.33,1089.4,15223.2
2026-09-04T17:23:00.899Z,-22.06,5.34,1088.7,17528.2
2026-09-04T17:23:15.811Z,-18,5.32,1092,1726.9
2026-09-04T17:23:31.140Z,-18.06,5.29,1092.7,1717.6
2026-09-04T17:23:45.827Z,-8.56,5.3,1092.6,445.7
2026-09-04T17:24:00.067Z,-4.06,5.34,1087,349.9
2026-09-04T17:24:15.364Z,-6.12,5.35,1089.8,380.8
2026-09-04T17:24:29.891Z,-3.69,5.33,1089,347.9
2026-09-04T17:24:44.131Z,-5.31,5.32,1092.2,367.6
2026-09-04T17:24:58.307Z,4.69,5.33,1092.4,250.9
2026-09-04T17:25:12.452Z,6.62,5.34,1087.8,234.9
2026-09-04T17:25:27.267Z,13.94,5.37,1087.2,197.5
2026-09-04T17:25:41.796Z,17.5,5.33,1087.8,183.1
2026-09-04T17:25:55.939Z,11.38,5.38,1086.8,208.6
2026-09-04T17:26:10.051Z,6.81,5.34,1091.7,229.8
2026-09-04T17:26:24.323Z,6.5,5.3,1092,237.2
2026-09-04T17:26:38.532Z,-0.56,5.34,1086.7,303.1
2026-09-04T17:26:53.187Z,-2.69,5.31,1091.5,329.9
2026-09-04T17:27:07.363Z,-4.62,5.34,1087,363.9
2026-09-04T17:27:21.412Z,-10.5,5.29,1091.6,519.8
2026-09-04T17:27:45.795Z,-5.69,5.3,1092.2,374.1
2026-09-04T17:28:00.355Z,-4.31,5.34,1088.8,357.5
2026-09-04T17:28:14.627Z,-2.19,5.28,1091.6,326.4
2026-09-04T17:28:28.771Z,-0.75,5.26,1092,297.1
2026-09-04T17:28:44.035Z,-0.44,5.33,1088.6,295.4
2026-09-04T17:28:58.275Z,-0.19,5.3,1091.9,292.9
2026-09-04T17:29:12.803Z,6.31,5.34,1086.6,241.7
2026-09-04T17:29:27.908Z,11.56,5.31,1087.3,211.2
2026-09-04T17:29:42.115Z,17.5,5.31,1087.2,183.2
2026-09-04T17:29:56.323Z,18.94,5.31,1088.8,178.9
2026-09-04T17:30:11.620Z,22.44,5.3,1087.2,168.4
2026-09-04T17:30:25.795Z,18.5,5.34,1086.8,181.3
2026-09-04T17:30:40.003Z,12.81,5.27,1092.1,200.4
2026-09-04T17:31:03.652Z,16.38,5.31,1092.1,182.8
2026-09-04T17:31:17.891Z,20.62,5.3,1090,169.4
2026-09-04T17:31:32.579Z,15.31,5.33,1089.4,190.3
2026-09-04T17:31:46.756Z,20.38,5.3,1092.4,166.9
2026-09-04T17:32:00.932Z,22.56,5.29,1088,168.8
2026-09-04T17:32:14.788Z,22,5.28,1088.4,169.8
2026-09-04T17:32:28.643Z,22.81,5.27,1088.4,167.6
2026-09-04T17:32:43.907Z,23,5.25,1086.4,169.9
2026-09-04T17:32:57.764Z,22.56,5.23,1089,171.2
2026-09-04T17:33:11.523Z,22.62,5.23,1090.8,165.9
2026-09-04T17:33:27.555Z,22.69,5.23,1091,167.5
2026-09-04T17:33:41.315Z,23.31,5.25,1091.6,165.9
2026-09-04T17:33:56.323Z,23.12,5.23,1091.5,163.8
2026-09-04T17:34:10.947Z,24.31,5.24,1091.6,161.7
2026-09-04T17:34:24.804Z,23.88,5.28,1087,165.5
2026-09-04T17:34:38.659Z,22.94,5.27,1089.8,163.1
2026-09-04T17:34:53.539Z,22.75,5.25,1090.4,163.8
2026-09-04T17:35:07.747Z,22.44,5.23,1091.8,163.6
2026-09-04T17:35:21.699Z,22.5,5.3,1086.6,168.4
2026-09-04T17:35:36.452Z,23.06,5.3,1087.8,166.2
2026-09-04T17:35:50.211Z,23.44,5.31,1088.8,161.1
2026-09-04T17:36:04.035Z,23.94,5.33,1086.7,162.8
2026-09-04T17:36:19.012Z,23.19,5.28,1090.6,165.2
2026-09-04T17:36:32.835Z,22.69,5.28,1092.2,162.2
2026-09-04T17:36:46.659Z,22.44,5.3,1092.1,164.7
2026-09-04T17:37:00.388Z,23.12,5.32,1091.2,159.5
2026-09-04T17:37:14.147Z,22.69,5.3,1092.1,163.1
2026-09-04T17:37:29.251Z,22.5,5.29,1092.2,162.5
2026-09-04T17:37:43.076Z,23.31,5.27,1090.2,164.7
2026-09-04T17:37:56.900Z,24.12,5.3,1086.2,163.8
2026-09-04T17:38:10.691Z,6.69,5.26,1091.7,238.1
2026-09-04T17:38:24.900Z,-4,5.31,1087.8,352.6
2026-09-04T17:38:39.748Z,-6.44,5.31,1090.6,396.9
2026-09-04T17:38:53.955Z,7.94,5.25,1092,230.4
2026-09-04T17:39:17.476Z,17.88,5.26,1089.6,183
2026-09-04T17:39:40.323Z,18.94,5.27,1088.4,177.8
2026-09-04T17:39:54.884Z,21.75,5.27,1090.1,170.9
2026-09-04T17:40:09.379Z,21.81,5.26,1092,166.2
2026-09-04T17:40:23.459Z,20.88,5.3,1088,170.1
2026-09-04T17:40:38.115Z,21.06,5.29,1086.9,173.7
2026-09-04T17:40:52.259Z,24.38,5.29,1086.5,163.2
2026-09-04T17:41:06.467Z,23.12,5.25,1091.9,161.7
2026-09-04T17:41:21.027Z,16.88,5.25,1091.8,184.3
2026-09-04T17:41:35.107Z,12.44,5.28,1090.6,204.1
2026-09-04T17:41:49.219Z,18.19,5.29,1088,180
2026-09-04T17:42:03.331Z,17.25,5.26,1092,183.4
2026-09-04T17:42:17.764Z,19.19,5.25,1092,176
2026-09-04T17:42:32.163Z,20.69,5.27,1092,169.5
2026-09-04T17:42:46.371Z,23.06,5.27,1090.1,165.8
2026-09-04T17:43:00.227Z,21.75,5.3,1086.8,170.1
2026-09-04T17:43:14.724Z,21.56,5.3,1088.8,167.5
2026-09-04T17:43:29.156Z,22.12,5.26,1092,166.6
2026-09-04T17:43:43.012Z,24.19,5.28,1091.6,158.2
2026-09-04T17:43:57.604Z,-1.44,5.3,1088.8,319.6
2026-09-04T17:44:11.780Z,-45.75,5.32,1091.9,-602.4
2026-09-04T17:44:26.312Z,5.56,5.34,1088,247.1
2026-09-04T17:44:42.339Z,1.44,5.27,1092.2,278.1
2026-09-04T17:44:56.516Z,-5,5.31,1089.4,367.4
2026-09-04T17:45:10.692Z,8.88,5.29,1089,228.1
2026-09-04T17:45:24.740Z,6.12,5.3,1089.2,246.8
2026-09-04T17:45:38.852Z,6.62,5.32,1090.2,236.4
2026-09-04T17:45:54.275Z,10.31,5.31,1089.2,214.2
2026-09-04T17:46:08.355Z,15.06,5.3,1092.4,191.4
2026-09-04T17:46:22.596Z,16.31,5.32,1092.6,185.8
2026-09-04T17:46:37.347Z,21.75,5.34,1088.4,165.9
2026-09-04T17:46:51.555Z,20.38,5.3,1089,172.1
2026-09-04T17:47:06.083Z,23.81,5.32,1086.6,164.5
2026-09-04T17:47:19.875Z,24.31,5.3,1088.8,160.4
2026-09-04T17:47:33.668Z,24.12,5.3,1091.2,156
2026-09-04T17:47:48.259Z,23.81,5.25,1092.2,160.4
2026-09-04T17:48:02.019Z,24.25,5.28,1090.6,160.1
2026-09-04T17:48:16.195Z,18,5.29,1087,182
2026-09-04T17:48:30.307Z,15.44,5.3,1089.4,188.7
2026-09-04T17:48:44.548Z,14.25,5.27,1092.4,193
2026-09-04T17:48:59.363Z,13.06,5.3,1090,202.6
2026-09-04T17:49:13.540Z,21.19,5.32,1089.8,166.3
2026-09-04T17:49:28.132Z,17.88,5.32,1088.9,178.1
2026-09-04T17:49:42.536Z,17.12,5.3,1088.8,184.4
2026-09-04T17:49:56.707Z,14.5,5.33,1092,191.4
2026-09-04T17:50:10.883Z,22,5.29,1091.3,166.2
2026-09-04T17:50:24.675Z,22.69,5.32,1091.2,161.2
2026-09-04T17:50:38.883Z,22.81,5.32,1092.3,161.9
2026-09-04T17:50:54.083Z,22.31,5.31,1087,167.1
2026-09-04T17:51:07.843Z,23.94,5.3,1089.6,156.7
2026-09-04T17:51:21.796Z,23.75,5.26,1091,162.2
2026-09-04T17:51:35.587Z,20.94,5.33,1087.3,169.7
2026-09-04T17:51:50.115Z,17.88,5.25,1092.3,177.3
2026-09-04T17:52:04.932Z,14.75,5.28,1092.2,190.3
2026-09-04T17:52:19.108Z,18.5,5.27,1089.4,179.8
2026-09-04T17:52:33.411Z,23.19,5.31,1092.5,161.2
2026-09-04T17:52:47.299Z,23.06,5.3,1092.8,161.1
2026-09-04T17:53:01.507Z,23.94,5.36,1091.8,156.2
2026-09-04T17:53:15.363Z,24.12,5.31,1092.8,156.3
2026-09-04T17:53:29.187Z,23.94,5.34,1093,158.2
2026-09-04T17:53:43.875Z,23.06,5.32,1089.5,162
2026-09-04T17:53:57.731Z,22.56,5.39,1087.3,164.5
2026-09-04T17:54:11.939Z,22.25,5.3,1092.8,164.6
2026-09-04T17:54:25.795Z,22.31,5.35,1087.2,165.4
2026-09-04T17:54:39.715Z,23.12,5.31,1092.3,160.7
2026-09-04T17:54:54.564Z,12.69,5.32,1089.4,203.8
2026-09-04T17:55:08.708Z,-39.44,5.32,1089.8,-1033.1
2026-09-04T17:55:23.748Z,-27.88,5.33,1092.4,-30049
2026-09-04T17:55:38.371Z,-46.25,5.34,1092.9,-570.8
2026-09-04T17:55:52.900Z,-29.12,5.31,1092.6,-12580.2
2026-09-04T17:56:07.843Z,-23,5.33,1092.7,56653.5
2026-09-04T17:56:22.500Z,-20.12,5.35,1089.2,4114
2026-09-04T17:56:37.572Z,-18.5,5.36,1087.8,2172.3
2026-09-04T17:56:53.476Z,6.25,5.3,1092.2,241.8
2026-09-04T17:57:07.651Z,5.56,5.35,1087.9,246.1
2026-09-04T17:57:21.764Z,5.06,5.32,1088.6,247.2
2026-09-04T17:57:37.732Z,12.25,5.24,1091.8,203.9
2026-09-04T17:57:51.940Z,12.81,5.27,1090.6,200.8
2026-09-04T17:58:06.019Z,-5.06,5.3,1086.4,378.9
2026-09-04T17:58:20.323Z,-18.5,5.32,1088.5,2044.1
2026-09-04T17:58:43.651Z,-16.25,5.32,1088.2,1139.5
2026-09-04T17:58:58.692Z,-19.94,5.34,1088.5,3825.2
2026-09-04T17:59:13.988Z,-27.25,5.35,1089.2,-60647.9
2026-09-04T17:59:28.388Z,-15.19,5.31,1092.8,917.8
2026-09-04T17:59:42.851Z,-10.38,5.35,1088.8,521.1
2026-09-04T17:59:57.251Z,4.12,5.31,1090.7,252.4
2026-09-04T18:00:11.747Z,22.19,5.3,1087.8,165.4
2026-09-04T18:00:25.507Z,23.62,5.29,1086.4,163.9
2026-09-04T18:00:39.299Z,24,5.26,1091.9,159.1
2026-09-04T18:00:53.187Z,23.25,5.26,1086.6,167.6
2026-09-04T18:01:06.916Z,10.81,5.26,1092,213.8
2026-09-04T18:01:32.579Z,13.44,5.27,1091.5,200.5
2026-09-04T18:01:46.692Z,15.25,5.33,1087.2,194.8
2026-09-04T18:02:00.868Z,12.06,5.28,1087.7,207.7
2026-09-04T18:02:15.076Z,16.56,5.25,1092.1,186.2
2026-09-04T18:02:29.540Z,17.25,5.27,1092.1,184.8
2026-09-04T18:02:43.620Z,11.38,5.31,1091.1,206.9
2026-09-04T18:02:57.859Z,-11,5.34,1089,539
2026-09-04T18:03:12.548Z,-65.69,5.38,1087.9,-251.9
2026-09-04T18:03:28.164Z,-61.06,5.34,1092.8,-288.9
2026-09-04T18:03:43.139Z,-47,5.34,1090.6,-535.7
2026-09-04T18:03:58.660Z,-39.19,5.34,1093,-1022.7
2026-09-04T18:04:13.219Z,-41,5.39,1088.3,-871.7
2026-09-04T18:04:27.779Z,-37.31,5.38,1089.3,-1287.1
2026-09-04T18:04:42.371Z,-19.62,5.37,1087.2,3278
2026-09-04T18:04:58.083Z,-11.44,5.36,1092.7,555.1
2026-09-04T18:05:12.675Z,4.56,5.37,1087.5,252.1
2026-09-04T18:05:26.851Z,19.25,5.32,1087.8,172.6
2026-09-04T18:05:41.956Z,17.38,5.32,1088.3,180.7
2026-09-04T18:05:56.100Z,11.12,5.32,1092.2,206.8
2026-09-04T18:06:10.692Z,6.25,5.28,1092.2,236.8
2026-09-04T18:06:24.995Z,-19.12,5.31,1090.2,2523
2026-09-04T18:06:39.683Z,-68.75,5.31,1093,-223.1
2026-09-04T18:06:54.788Z,-68.75,5.37,1087.8,-228.7
2026-09-04T18:07:09.283Z,-68.75,5.42,1088,-227.9
2026-09-04T18:07:24.388Z,-51.5,5.35,1091,-415.7
2026-09-04T18:07:40.099Z,-22.75,5.33,1087.9,40741.7
2026-09-04T18:07:54.660Z,-11.69,5.28,1092.4,574.2
2026-09-04T18:08:09.283Z,-5.44,5.28,1092.4,371.6
2026-09-04T18:08:23.331Z,1.88,5.28,1092.4,271.4
2026-09-04T18:08:37.923Z,-3.94,5.3,1092.5,343.7
2026-09-04T18:08:52.323Z,16.69,5.27,1092.5,180.7
2026-09-04T18:09:06.467Z,-0.19,5.34,1090.1,291.2
2026-09-04T18:09:30.852Z,-5,5.3,1092.4,364.1
2026-09-04T18:09:53.219Z,-15.06,5.31,1087.8,902.4
2026-09-04T18:10:07.716Z,-21.12,5.35,1088,7783.1
2026-09-04T18:10:22.307Z,-33,5.32,1091.8,-2792.2
2026-09-04T18:10:36.900Z,-33.88,5.32,1092,-2372.1
2026-09-04T18:10:51.940Z,-35.94,5.34,1087.4,-1620.3
2026-09-04T18:11:06.532Z,-39.69,5.34,1088.2,-995.8
2026-09-04T18:11:21.251Z,-44.94,5.36,1087.5,-629.6
2026-09-04T18:11:35.844Z,-54.38,5.3,1092.8,-366.5
2026-09-04T18:11:51.460Z,-59.38,5.33,1093,-298.1
2026-09-04T18:12:06.884Z,-58.81,5.37,1089.2,-305.5
2026-09-04T18:12:21.572Z,-63.19,5.36,1092.8,-260.9
2026-09-04T18:12:36.195Z,-62,5.4,1087.8,-278.9
2026-09-04T18:12:50.820Z,-66.75,5.39,1087.4,-241.3
2026-09-04T18:13:05.796Z,-67.69,5.38,1087.8,-235.4
2026-09-04T18:13:20.804Z,-68.75,5.39,1089.8,-226.8
2026-09-04T18:13:35.524Z,-68.75,5.39,1089.3,-226.3
2026-09-04T18:13:50.052Z,-68.75,5.4,1088.5,-226.5
2026-09-04T18:14:04.612Z,-68.75,5.35,1093,-224.5
2026-09-04T18:14:19.239Z,-68.75,5.41,1089.2,-223.7
2026-09-04T18:14:35.299Z,-68.75,5.34,1090.9,-228.1
2026-09-04T18:14:49.892Z,-58.75,5.36,1093,-303
2026-09-04T18:15:04.772Z,-53.88,5.38,1088.2,-375.1
2026-09-04T18:15:20.068Z,-39.38,5.34,1092.7,-996.5
2026-09-04T18:15:35.012Z,-39.75,5.33,1092.2,-938.8
2026-09-04T18:15:49.667Z,-17.88,5.35,1089.2,1611.9
2026-09-04T18:16:04.163Z,-8.06,5.31,1092.4,433.1
2026-09-04T18:16:19.587Z,-6.94,5.31,1092.2,398.5
2026-09-04T18:16:33.667Z,-11.19,5.32,1092.2,558.5
2026-09-04T18:16:56.611Z,-19.06,5.34,1088.5,2501.1
2026-09-04T18:17:11.235Z,-21.5,5.33,1092.4,10617.9
2026-09-04T18:17:25.699Z,-28.38,5.32,1092.5,-19911
2026-09-04T18:17:40.323Z,-32.25,5.35,1092.8,-3360.6
2026-09-04T18:17:55.171Z,-32.62,5.3,1092.6,-3122.5
2026-09-04T18:18:10.052Z,-38.31,5.37,1089.4,-1136.7
2026-09-04T18:18:25.347Z,-49.25,5.35,1090.6,-479.8
2026-09-04T18:18:39.908Z,-50,5.34,1093,-449.3
2026-09-04T18:18:54.472Z,-43.81,5.38,1089.2,-668.9
2026-09-04T18:19:09.540Z,-48.88,5.39,1090.6,-474.4
2026-09-04T18:19:24.132Z,-49.69,5.32,1093,-462.9
2026-09-04T18:19:38.788Z,-40.12,5.3,1092.8,-935
2026-09-04T18:19:53.283Z,-40.44,5.33,1092.8,-894.5
2026-09-04T18:20:08.195Z,-32.44,5.35,1093,-3213.5
2026-09-04T18:20:23.139Z,-36.25,5.33,1092.8,-1520.5
2026-09-04T18:20:37.700Z,-19.69,5.36,1089.2,3329.7
2026-09-04T18:20:53.475Z,-19.06,5.38,1089.3,2473.7
2026-09-04T18:21:08.131Z,-26.06,5.38,1087.4,-497760.5
2026-09-04T18:21:23.108Z,-36.62,5.38,1087.8,-1453.2
2026-09-04T18:21:38.436Z,-37.19,5.38,1087.6,-1322
2026-09-04T18:21:52.900Z,-40.12,5.37,1092.9,-919.6
2026-09-04T18:22:07.523Z,-31.94,5.39,1088.8,-3813.6
2026-09-04T18:22:23.619Z,-32.31,5.39,1088.2,-3468.1
2026-09-04T18:22:38.179Z,-17.19,5.37,1092.8,1349.6
2026-09-04T18:22:52.772Z,-24.62,5.36,1092.6,9408346.7
2026-09-04T18:23:08.515Z,-31.38,5.39,1090.8,-4708.9
2026-09-04T18:23:23.203Z,-37,5.37,1093.2,-1350.7
2026-09-04T18:23:38.211Z,-29.75,5.39,1090.4,-8737.4
2026-09-04T18:23:53.603Z,-19.5,5.38,1088,3007.3
2026-09-04T18:24:08.131Z,-9.88,5.34,1092.8,497.5
2026-09-04T18:24:22.243Z,-6.62,5.37,1088.2,399.5
2026-09-04T18:24:36.419Z,5.06,5.34,1088.1,246.6
2026-09-04T18:24:51.043Z,-1.12,5.34,1088.2,311.1
2026-09-04T18:25:05.315Z,-4.38,5.34,1088.2,354
2026-09-04T18:25:19.491Z,-1.38,5.3,1091.7,314
2026-09-04T18:25:34.243Z,12.56,5.32,1091.8,203.7
2026-09-04T18:25:48.452Z,0.25,5.32,1091.7,287.7
2026-09-04T18:26:03.044Z,-17.44,5.35,1088.9,1441.5
2026-09-04T18:26:18.500Z,-22.31,5.37,1087.4,23301.9
2026-09-04T18:26:33.027Z,-13.94,5.37,1087.4,761.5
2026-09-04T18:26:47.748Z,-8.06,5.38,1087.4,438.2
2026-09-04T18:27:01.988Z,-16.12,5.35,1093,1037.9
2026-09-04T18:27:17.795Z,-4.5,5.39,1087.4,358.8
2026-09-04T18:27:32.003Z,-11.81,5.34,1091.6,584.1
2026-09-04T18:27:46.371Z,-20.88,5.39,1088.6,6702.3
2026-09-04T18:28:01.731Z,-20.81,5.4,1088,6121
2026-09-04T18:28:16.323Z,-13.62,5.36,1092,707.6
2026-09-04T18:28:31.140Z,-4.75,5.3,1092.6,355.7
2026-09-04T18:28:45.155Z,-2.69,5.35,1087.2,330.4
2026-09-04T18:28:59.267Z,-0.56,5.35,1086.8,302.8
2026-09-04T18:29:13.924Z,-9.69,5.37,1087.1,491
2026-09-04T18:29:28.100Z,-10.12,5.34,1092,492.1
2026-09-04T18:29:42.788Z,-15.31,5.36,1087,922.9
2026-09-04T18:30:04.868Z,-8.81,5.35,1089.4,454.3
2026-09-04T18:30:18.980Z,-11.38,5.31,1092.8,565.9
2026-09-04T18:30:33.507Z,-3.44,5.37,1087.9,343
2026-09-04T18:30:48.099Z,6.31,5.34,1092.9,237.2
2026-09-04T18:31:03.331Z,-1.44,5.38,1087.8,312.9
2026-09-04T18:31:17.475Z,-9.75,5.33,1092.9,480.9
2026-09-04T18:31:31.811Z,-17.5,5.38,1088,1476.8
2026-09-04T18:31:55.492Z,-19.62,5.36,1092.2,3246.6
2026-09-04T18:32:10.436Z,-9.5,5.35,1091.7,481.5
2026-09-04T18:32:24.612Z,-5.94,5.32,1092.3,388.6
2026-09-04T18:32:38.628Z,-2.88,5.36,1089,327
2026-09-04T18:32:52.836Z,-3,5.33,1088.6,333
2026-09-04T18:33:06.980Z,-3.44,5.34,1089.6,340.8
2026-09-04T18:33:21.571Z,-8.25,5.32,1092.2,433.5
2026-09-04T18:33:35.843Z,-7.25,5.32,1091.4,412.9
2026-09-04T18:33:50.051Z,-11.56,5.31,1092.4,571.7
2026-09-04T18:34:04.579Z,-8.31,5.35,1091.8,436.5
2026-09-04T18:34:18.724Z,-10.56,5.31,1092.6,513.8
2026-09-04T18:34:33.636Z,3.62,5.36,1087.2,261.8
2026-09-04T18:34:47.684Z,-5.94,5.34,1091.2,376.5
2026-09-04T18:35:02.532Z,-1.25,5.32,1091.4,309.9
2026-09-04T18:35:17.123Z,6.12,5.34,1092.8,235.9
2026-09-04T18:35:31.396Z,16.62,5.35,1088.2,183.6
2026-09-04T18:35:46.019Z,22.94,5.3,1092.8,160.4
2026-09-04T18:35:59.780Z,22.69,5.31,1092.7,161.1
2026-09-04T18:36:14.404Z,24.06,5.33,1092.8,156.8
2026-09-04T18:36:28.131Z,22.94,5.36,1087.1,160.8
2026-09-04T18:36:41.923Z,23.5,5.36,1091.3,158.4
2026-09-04T18:36:56.067Z,22.31,5.36,1087,163.8
2026-09-04T18:37:09.859Z,21.25,5.31,1092.4,165.7
2026-09-04T18:37:24.035Z,18.81,5.35,1088.2,174.6
2026-09-04T18:37:38.275Z,22.94,5.33,1088.4,159.7
2026-09-04T18:37:52.035Z,11.06,5.34,1087.6,213.6
2026-09-04T18:38:06.628Z,13.19,5.33,1087.9,200.9
2026-09-04T18:38:20.644Z,21.88,5.33,1086.9,168.3
2026-09-04T18:38:35.683Z,23.38,5.27,1091.9,160.2
2026-09-04T18:38:50.307Z,23.94,5.28,1091.4,157.6
2026-09-04T18:39:04.007Z,22.25,5.3,1086.4,168.5
2026-09-04T18:39:18.564Z,21.69,5.28,1090.8,166.4
2026-09-04T18:39:41.924Z,22.69,5.27,1090.9,161.3
2026-09-04T18:40:04.068Z,23.56,5.29,1091.6,159.7
2026-09-04T18:40:17.988Z,23.5,5.28,1087.4,166.2
2026-09-04T18:40:33.251Z,24.06,5.25,1091.8,161.8
2026-09-04T18:40:47.172Z,23.31,5.3,1086.3,166.5
2026-09-04T18:41:01.060Z,23.69,5.28,1088.8,163.5
2026-09-04T18:41:14.788Z,18.19,5.33,1086.6,182.8
2026-09-04T18:41:28.996Z,24.19,5.25,1092.2,160
2026-09-04T18:41:43.363Z,23.88,5.31,1087.7,160.9
2026-09-04T18:41:58.148Z,21.75,5.3,1088.3,166.8
2026-09-04T18:42:12.516Z,23.5,5.27,1090.2,159
2026-09-04T18:42:26.307Z,23.5,5.25,1089.1,163.9
2026-09-04T18:42:40.132Z,23.88,5.25,1091.8,160.2
2026-09-04T18:42:54.275Z,23.88,5.26,1092,160.1
2026-09-04T18:43:08.100Z,22.44,5.29,1086.3,168.7
2026-09-04T18:43:21.796Z,22.19,5.26,1091.2,167.4
2026-09-04T18:43:35.651Z,22.5,5.27,1092.4,165.8
2026-09-04T18:43:49.539Z,23,5.31,1088.8,163.3
2026-09-04T18:44:03.939Z,24.06,5.3,1092.5,159.3
2026-09-04T18:44:17.732Z,24.12,5.33,1087,161.3
2026-09-04T18:44:31.587Z,23.94,5.27,1092.4,157.8
2026-09-04T18:44:45.572Z,22.5,5.32,1089.5,163
2026-09-04T18:44:59.683Z,22.06,5.28,1093.4,163.7
2026-09-04T18:45:13.796Z,22.25,5.32,1093,162.2
2026-09-04T18:45:27.588Z,21.81,5.32,1088.2,166.3
2026-09-04T18:45:42.884Z,22.06,5.3,1093.2,161.6
2026-09-04T18:45:56.708Z,21.75,5.33,1091.3,163.6
2026-09-04T18:46:10.852Z,22.19,5.3,1091.5,164.7
2026-09-04T18:46:25.060Z,24.25,5.31,1093.2,156.5
2026-09-04T18:46:38.756Z,23.12,5.33,1087.8,160.5
2026-09-04T18:46:52.676Z,24.38,5.28,1093,154.8
2026-09-04T18:47:06.403Z,23.94,5.3,1087.4,160.9
2026-09-04T18:47:20.164Z,23.19,5.31,1088.2,160.3
2026-09-04T18:47:34.403Z,23.5,5.25,1092.9,158.1
2026-09-04T18:47:48.291Z,23.5,5.31,1088,160.6
2026-09-04T18:48:02.116Z,24.62,5.26,1091.3,156.7
2026-09-04T18:48:15.908Z,24.38,5.25,1093.1,156.4
2026-09-04T18:48:29.703Z,23.94,5.31,1088.6,158.2
2026-09-04T18:48:43.779Z,24,5.29,1091,156.3
2026-09-04T18:48:58.435Z,23.25,5.26,1092,164
2026-09-04T18:49:12.387Z,22.38,5.3,1087.5,168
2026-09-04T18:49:27.555Z,22.44,5.28,1088.2,166.7
2026-09-04T18:49:41.444Z,21.69,5.27,1090.6,166.4
2026-09-04T18:49:56.387Z,21.69,5.28,1092.6,167.8
2026-09-04T18:50:10.500Z,22.62,5.27,1093.4,163.5
2026-09-04T18:50:24.355Z,21.88,5.31,1088.4,167.4
2026-09-04T18:50:38.564Z,21.25,5.29,1093,164.4
2026-09-04T18:50:52.676Z,21.88,5.28,1093.2,163.5
2026-09-04T18:51:07.108Z,21.81,5.29,1093.4,165.8
2026-09-04T18:51:21.283Z,22.12,5.3,1093.4,163
2026-09-04T18:51:35.107Z,21.81,5.33,1088,165.9
2026-09-04T18:51:49.251Z,22.06,5.3,1092.8,161.8
2026-09-04T18:52:02.884Z,22.62,5.28,1093.2,160.1
2026-09-04T18:52:16.996Z,23.06,5.32,1089.5,160.3
2026-09-04T18:52:30.692Z,23.12,5.33,1087.8,163
2026-09-04T18:52:44.388Z,23.38,5.28,1089.8,162.9
2026-09-04T18:52:58.115Z,22.88,5.28,1093.2,159.3
2026-09-04T18:53:11.843Z,22.81,5.3,1089.2,163.3
2026-09-04T18:53:25.923Z,22.81,5.29,1092.1,157.7
2026-09-04T18:53:39.908Z,21.81,5.28,1093.4,163.1
2026-09-04T18:53:54.083Z,21.5,5.29,1093.4,163.2
2026-09-04T18:54:08.867Z,22,5.31,1093.2,160.8
2026-09-04T18:54:22.756Z,22.12,5.3,1093.4,163.1
2026-09-04T18:54:37.987Z,21.44,5.34,1088.7,165.5
2026-09-04T18:54:52.068Z,21.88,5.34,1088.9,163.8
2026-09-04T18:55:06.211Z,22.06,5.33,1090,164.4
2026-09-04T18:55:20.067Z,22.06,5.33,1088.4,164.3
2026-09-04T18:55:34.019Z,22,5.3,1091.8,163.5
2026-09-04T18:55:48.195Z,21.94,5.29,1090.7,164.6
2026-09-04T18:56:02.404Z,22.25,5.28,1093.4,160.6
2026-09-04T18:56:16.163Z,22.38,5.29,1093,161.7
2026-09-04T18:56:29.956Z,23.19,5.26,1093.2,159.5
2026-09-04T18:56:43.684Z,21.88,5.3,1093.2,164.6
2026-09-04T18:56:58.371Z,22,5.28,1093.4,163
2026-09-04T18:57:12.195Z,21.88,5.33,1089.4,165.2
2026-09-04T18:57:26.307Z,22,5.33,1089.2,166.7
2026-09-04T18:57:40.068Z,22.19,5.33,1088.4,163.7
2026-09-04T18:57:53.796Z,22.31,5.31,1093.2,160.5
2026-09-04T18:58:08.068Z,22.19,5.32,1090,163.1
2026-09-04T18:58:21.764Z,22.06,5.28,1093.2,163
2026-09-04T18:58:35.620Z,21.62,5.29,1089,169.8
2026-09-04T18:58:49.828Z,21.62,5.27,1091.4,163.9
2026-09-04T18:59:04.932Z,21.88,5.29,1088.5,166.5
2026-09-04T18:59:19.492Z,22,5.26,1092.6,163.6
2026-09-04T18:59:34.307Z,22.06,5.25,1092.9,164.8
2026-09-04T18:59:48.772Z,21.94,5.22,1092.6,165.4
2026-09-04T19:00:03.908Z,22,5.24,1090.9,169.1
2026-09-04T19:00:17.767Z,22.19,5.27,1090.8,163.7
2026-09-04T19:00:32.483Z,22.56,5.27,1090.6,161.1
2026-09-04T19:00:46.307Z,22.38,5.28,1088.2,166.2
2026-09-04T19:01:00.996Z,22.38,5.24,1092.8,161.2
2026-09-04T19:01:14.915Z,22.19,5.3,1087.8,166.8
2026-09-04T19:01:28.612Z,22.56,5.28,1090.2,162.6
2026-09-04T19:01:42.820Z,22.38,5.27,1090.9,162
2026-09-04T19:01:56.771Z,22.19,5.28,1089.2,165.6
2026-09-04T19:02:10.531Z,22.44,5.28,1088,166
2026-09-04T19:02:24.291Z,22.25,5.25,1093,164
2026-09-04T19:02:38.435Z,22,5.27,1092.4,162.7
2026-09-04T19:02:53.539Z,21.69,5.25,1090.8,169.4
2026-09-04T19:03:16.963Z,22.12,5.29,1088.3,165.9
2026-09-04T19:03:30.755Z,22,5.28,1089.6,165.8
2026-09-04T19:03:44.451Z,21.81,5.3,1088.1,167.6
2026-09-04T19:03:59.907Z,23,5.26,1093.1,159.4
2026-09-04T19:04:13.731Z,23.94,5.26,1090.6,161.1
2026-09-04T19:04:27.427Z,23.88,5.27,1092.5,160.8
2026-09-04T19:04:41.219Z,6.25,5.27,1089.9,244.4
2026-09-04T19:04:55.491Z,22.25,5.27,1089.2,167.5
2026-09-04T19:05:09.636Z,23.5,5.25,1091.2,163.2
2026-09-04T19:05:23.363Z,23.31,5.24,1092.7,160.7
2026-09-04T19:05:37.507Z,22.94,5.24,1092.1,161.2
2026-09-04T19:05:51.203Z,22.69,5.24,1089.4,168.7
2026-09-04T19:06:04.899Z,23.56,5.21,1092.8,162.4
2026-09-04T19:06:19.331Z,23.19,5.26,1089.6,163.4
2026-09-04T19:06:33.187Z,23.44,5.26,1091,163.9
2026-09-04T19:06:46.979Z,22.94,5.27,1087.4,168.5
2026-09-04T19:07:01.764Z,23.25,5.24,1090.7,167
2026-09-04T19:07:15.620Z,23.44,5.25,1090.7,166.3
2026-09-04T19:07:29.732Z,23.25,5.26,1093,160.7
2026-09-04T19:07:43.619Z,23.5,5.28,1087.6,163.6
2026-09-04T19:07:57.444Z,23.19,5.28,1088.3,167.2
2026-09-04T19:08:12.100Z,21.94,5.27,1087.8,169.2
2026-09-04T19:08:26.307Z,22.31,5.28,1089.3,165.7
2026-09-04T19:08:40.804Z,23.31,5.28,1089,163.4
2026-09-04T19:08:54.724Z,22.62,5.24,1093,165.6
2026-09-04T19:09:08.548Z,22.62,5.24,1092.9,164.3
2026-09-04T19:09:22.307Z,22.75,5.26,1089.6,168.8
2026-09-04T19:09:36.131Z,22.88,5.28,1087.7,169.3
2026-09-04T19:09:58.883Z,22.5,5.25,1092,167.1
2026-09-04T19:10:19.363Z,22.69,5.25,1092.7,166.3
2026-09-04T19:10:33.251Z,23.19,5.26,1093.2,163.1
2026-09-04T19:10:47.907Z,22.88,5.28,1090.6,166.9
2026-09-04T19:11:02.211Z,22.81,5.26,1091.2,166.9
2026-09-04T19:11:15.939Z,23.06,5.25,1093.2,162.9
2026-09-04T19:11:29.731Z,22.5,5.25,1093.1,162.4
2026-09-04T19:11:44.836Z,21.69,5.27,1091.2,167.2
2026-09-04T19:11:59.139Z,21.94,5.28,1088.8,169.3
2026-09-04T19:12:14.435Z,21.25,5.22,1092.7,167.7
2026-09-04T19:12:28.611Z,22.06,5.22,1093,169
2026-09-04T19:12:42.371Z,21.81,5.3,1087.8,170.7
2026-09-04T19:12:56.547Z,21.62,5.27,1090.4,170
2026-09-04T19:13:10.788Z,21.38,5.27,1088.4,170.8
2026-09-04T19:13:25.315Z,21.38,5.23,1091.6,171.4
2026-09-04T19:13:39.427Z,21.75,5.27,1088,171
2026-09-04T19:13:53.571Z,21.75,5.26,1088.8,171.3
2026-09-04T19:14:08.548Z,21.88,5.25,1088.1,171.6
2026-09-04T19:14:22.627Z,21.81,5.23,1092.6,168.8
2026-09-04T19:14:37.123Z,21.19,5.25,1091,172.5
2026-09-04T19:14:55.491Z,21.75,5.22,1092.8,170
2026-09-04T19:15:10.435Z,21.31,5.21,1092.6,172.9
2026-09-04T19:15:24.547Z,21.81,5.26,1087.7,172.1
2026-09-04T19:15:39.108Z,21.94,5.27,1088.1,170.4
2026-09-04T19:15:53.315Z,21.12,5.24,1092,169.9
2026-09-04T19:16:07.523Z,21.94,5.23,1091.2,172
2026-09-04T19:16:23.076Z,21.19,5.25,1089.8,175.1
2026-09-04T19:16:37.220Z,21.88,5.29,1089.2,167.6
2026-09-04T19:16:51.811Z,22.06,5.27,1093.2,165.8
2026-09-04T19:17:05.635Z,21.94,5.27,1092.8,167.3
2026-09-04T19:17:19.715Z,21.5,5.28,1093.2,170.5
2026-09-04T19:17:34.020Z,22.12,5.26,1090.8,168
2026-09-04T19:17:48.484Z,22.12,5.29,1088.3,169.6
2026-09-04T19:18:02.724Z,21.94,5.27,1092.4,169.4
2026-09-04T19:18:16.899Z,21.38,5.29,1089.4,167.6
2026-09-04T19:18:31.076Z,21.81,5.27,1089.4,171.3
2026-09-04T19:18:45.219Z,21.81,5.25,1093,165.9
2026-09-04T19:18:59.396Z,21.88,5.25,1092.8,165.9
2026-09-04T19:19:14.051Z,21.75,5.25,1091.4,171
2026-09-04T19:19:28.259Z,21.44,5.23,1092,169.4
2026-09-04T19:19:43.235Z,21.81,5.26,1093.2,167.3
2026-09-04T19:19:57.347Z,22,5.25,1091.4,170.4
2026-09-04T19:20:11.140Z,21.94,5.27,1089.8,169.9
2026-09-04T19:20:26.564Z,21.81,5.3,1089.6,168.6
2026-09-04T19:20:40.643Z,21.81,5.26,1089.8,169.6
2026-09-04T19:20:54.820Z,21.62,5.26,1091.6,169.9
2026-09-04T19:21:09.027Z,21.38,5.31,1089.1,171.1
2026-09-04T19:21:23.171Z,21.88,5.27,1090.6,170.7
2026-09-04T19:21:37.763Z,21.81,5.29,1088.2,170.7
2026-09-04T19:21:52.291Z,21.88,5.28,1091.9,168.4
2026-09-04T19:22:07.620Z,21.88,5.26,1090,168.4
2026-09-04T19:22:21.732Z,21.88,5.23,1093,170.1
2026-09-04T19:22:35.939Z,21.88,5.25,1089.5,174
2026-09-04T19:22:50.436Z,21.38,5.27,1091.7,173.9
2026-09-04T19:23:04.772Z,21.88,5.28,1087.8,172.5
2026-09-04T19:23:18.883Z,22,5.26,1093.2,169.4
2026-09-04T19:23:32.676Z,21.88,5.3,1089.4,169.7
2026-09-04T19:23:46.820Z,21.88,5.29,1089.3,168.4
2026-09-04T19:24:02.692Z,21.94,5.29,1089.4,170.6
2026-09-04T19:24:16.804Z,21.88,5.28,1089.6,167.7
2026-09-04T19:24:30.916Z,21.88,5.25,1091.4,170.3
2026-09-04T19:24:45.027Z,21.81,5.3,1089.4,168.1
2026-09-04T19:24:59.299Z,21.94,5.29,1089.2,165.2
2026-09-04T19:25:13.796Z,21.88,5.28,1093.4,163.5
2026-09-04T19:25:27.940Z,21.81,5.28,1093.3,162.3
2026-09-04T19:25:42.084Z,21.31,5.28,1091.3,167.1
2026-09-04T19:25:56.388Z,21.31,5.27,1093.4,166.5
2026-09-04T19:26:10.435Z,21.94,5.29,1091,164.6
2026-09-04T19:26:25.092Z,21.38,5.31,1089,167.6
2026-09-04T19:26:39.267Z,21.94,5.32,1089.3,164.6
2026-09-04T19:26:53.571Z,21.94,5.31,1088.4,165.8
2026-09-04T19:27:07.652Z,21.88,5.29,1089.2,164.4
2026-09-04T19:27:21.859Z,21.94,5.26,1090,167.9
2026-09-04T19:27:36.355Z,21.94,5.23,1093,164.7
2026-09-04T19:27:51.523Z,24.06,5.25,1093,155.7
2026-09-04T19:28:05.412Z,22.19,5.26,1089.8,166.4
2026-09-04T19:28:20.067Z,22,5.28,1087.9,167.6
2026-09-04T19:28:33.827Z,21.88,5.25,1093.1,160.7
2026-09-04T19:28:48.291Z,22.25,5.28,1092.8,160.1
2026-09-04T19:29:01.987Z,22.25,5.29,1087.8,165.1
2026-09-04T19:29:16.804Z,21.94,5.28,1088.7,166.8
2026-09-04T19:29:30.916Z,21.75,5.28,1091.9,159.7
2026-09-04T19:29:46.116Z,22.12,5.29,1091.4,160.6
2026-09-04T19:30:00.195Z,21.94,5.29,1089.4,163.8
2026-09-04T19:30:14.564Z,21.31,5.31,1088.2,165.5
2026-09-04T19:30:28.708Z,21.88,5.29,1092,159.8
2026-09-04T19:30:42.820Z,21.31,5.27,1093.2,164.3
2026-09-04T19:30:57.603Z,21.81,5.28,1093.2,161.6
2026-09-04T19:31:12.195Z,21.94,5.27,1091.1,163.5
2026-09-04T19:31:26.307Z,21.75,5.32,1089.6,162.1
2026-09-04T19:31:40.515Z,21.81,5.31,1090.6,164.5
2026-09-04T19:31:54.691Z,21.38,5.3,1089.5,164.4
2026-09-04T19:32:08.835Z,21.81,5.27,1093.4,163.5
2026-09-04T19:32:23.396Z,21.88,5.3,1092.6,167.2
2026-09-04T19:32:37.475Z,21.81,5.32,1091.2,159.8
2026-09-04T19:32:51.875Z,21.25,5.3,1091.8,164
2026-09-04T19:33:06.820Z,21.94,5.3,1090,165.2
2026-09-04T19:33:30.275Z,21.94,5.27,1091.3,165.3
2026-09-04T19:33:44.643Z,21.44,5.29,1088,169.1
2026-09-04T19:33:58.915Z,21.88,5.25,1093.2,164.1
2026-09-04T19:34:13.092Z,22.12,5.22,1093.1,169.1
2026-09-04T19:34:26.947Z,21.94,5.28,1089.6,167.7
2026-09-04T19:34:41.060Z,21.94,5.27,1092.9,165.5
2026-09-04T19:34:55.651Z,21.44,5.27,1089.8,170
2026-09-04T19:35:09.796Z,21.94,5.3,1088.2,166.9
2026-09-04T19:35:23.971Z,21.38,5.28,1088.3,170.1
2026-09-04T19:35:38.307Z,21.44,5.3,1088.2,169.4
2026-09-04T19:35:52.355Z,21.81,5.26,1092.2,167.6
2026-09-04T19:36:06.884Z,21.94,5.29,1088.6,168.7
2026-09-04T19:36:21.091Z,21.81,5.29,1088.2,170.8
2026-09-04T19:36:35.299Z,21.81,5.28,1092.2,165.8
2026-09-04T19:36:49.507Z,21.31,5.29,1091.5,164.4
2026-09-04T19:37:04.515Z,21.31,5.3,1091.2,168.8
2026-09-04T19:37:19.203Z,21.94,5.26,1093.5,167.4
2026-09-04T19:37:33.507Z,22.06,5.27,1091.1,167.3
2026-09-04T19:37:47.395Z,21.38,5.27,1093.2,166.7
2026-09-04T19:38:01.411Z,21.88,5.32,1089.2,165.7
2026-09-04T19:38:15.555Z,21.88,5.32,1089.9,164.9
2026-09-04T19:38:30.275Z,21.19,5.34,1088.8,166.7
2026-09-04T19:38:44.451Z,21.94,5.34,1089.8,168.6
2026-09-04T19:38:58.596Z,21.88,5.31,1088.1,170.1
2026-09-04T19:39:12.739Z,19.19,5.33,1088.4,177.4
2026-09-04T19:39:26.851Z,12.06,5.33,1088.8,208.2
2026-09-04T19:39:41.379Z,24.19,5.29,1093.6,155.8
2026-09-04T19:39:55.235Z,22.56,5.31,1091.6,160.6
2026-09-04T19:40:17.604Z,20.06,5.31,1093.9,168
2026-09-04T19:40:41.443Z,20.06,5.32,1093.8,169.7
2026-09-04T19:40:55.908Z,22.56,5.35,1088.4,163.2
2026-09-04T19:41:09.636Z,-9.81,5.32,1092,482.9
2026-09-04T19:41:23.812Z,-37.69,5.38,1089.1,-1290.5
2026-09-04T19:41:47.076Z,-36.25,5.39,1090,-1525.8
2026-09-04T19:42:02.052Z,-4.75,5.32,1093.6,350
2026-09-04T19:42:16.163Z,16.81,5.34,1089.6,180.3
2026-09-04T19:42:30.307Z,23.5,5.33,1090.6,157.1
2026-09-04T19:42:44.067Z,22.12,5.3,1090.1,166.6
2026-09-04T19:42:57.956Z,21.88,5.31,1089.6,167.2
2026-09-04T19:43:12.484Z,22.62,5.31,1091.8,162.9
2026-09-04T19:43:26.211Z,-63.69,5.36,1088.6,-263.1
2026-09-04T19:43:41.092Z,-30.75,5.34,1091.4,-6040.1
2026-09-04T19:43:55.587Z,-37.19,5.35,1093.6,-1345.8
2026-09-04T19:44:10.211Z,-14.88,5.31,1094,835.4
2026-09-04T19:44:25.060Z,10.25,5.3,1093.8,211.1
2026-09-04T19:44:39.203Z,23.69,5.34,1088.4,162.6
2026-09-04T19:44:52.996Z,22.06,5.33,1089.1,165.9
2026-09-04T19:45:06.756Z,22.25,5.32,1089.6,165.1
2026-09-04T19:45:20.547Z,21.81,5.26,1093.2,167.3
2026-09-04T19:45:35.203Z,21.94,5.28,1091.1,168.8
2026-09-04T19:45:49.444Z,22.19,5.31,1089.1,162.8
2026-09-04T19:46:03.907Z,-0.81,5.3,1093,312.7
2026-09-04T19:46:18.083Z,-16.75,5.34,1090.2,1186.3
2026-09-04T19:46:32.708Z,4.38,5.34,1088.6,252.2
2026-09-04T19:46:47.299Z,16.94,5.34,1088.4,184.8
2026-09-04T19:47:01.764Z,21.25,5.29,1093.5,168.6
2026-09-04T19:47:16.772Z,24.5,5.28,1092.6,157.4
2026-09-04T19:47:30.564Z,23.5,5.32,1089.7,157.5
2026-09-04T19:47:44.387Z,23,5.28,1093.4,162.7
2026-09-04T19:47:58.691Z,23,5.27,1093.4,162.1
2026-09-04T19:48:13.091Z,22.94,5.28,1093.6,161.3
2026-09-04T19:48:26.819Z,22.62,5.33,1090,161.9
2026-09-04T19:48:40.675Z,23.69,5.3,1093.2,160.5
2026-09-04T19:48:54.436Z,-43.81,5.36,1089.3,-682.1
2026-09-04T19:49:09.315Z,-49.81,5.33,1093.2,-460
2026-09-04T19:49:23.875Z,13.12,5.31,1092.2,197.5
2026-09-04T19:49:38.147Z,21.69,5.3,1093.4,161.8
2026-09-04T19:49:52.323Z,22.12,5.3,1089.8,165.5
2026-09-04T19:50:06.083Z,24.25,5.28,1091.2,161.6
2026-09-04T19:50:20.259Z,23.12,5.3,1088.2,162.4
2026-09-04T19:50:34.084Z,22.75,5.25,1093.2,160.7
2026-09-04T19:50:47.908Z,22.81,5.29,1089,163.3
2026-09-04T19:51:01.732Z,22.44,5.3,1088.4,167.3
2026-09-04T19:51:15.427Z,21.94,5.3,1088.1,170.3
2026-09-04T19:51:30.051Z,22.25,5.3,1088,169.5
2026-09-04T19:51:43.907Z,22.31,5.27,1092.6,166.2
2026-09-04T19:51:57.572Z,22,5.29,1088.4,170.1
2026-09-04T19:52:12.227Z,21.44,5.28,1090.8,168.3
2026-09-04T19:52:26.339Z,21.94,5.29,1089.2,170
2026-09-04T19:52:40.867Z,21.94,5.3,1088.8,164.3
2026-09-04T19:52:55.076Z,21.5,5.29,1090.6,169.7
2026-09-04T19:53:09.251Z,21.44,5.33,1088.5,168.6
2026-09-04T19:53:23.363Z,23.94,5.3,1093.7,161.5
2026-09-04T19:53:37.124Z,18.69,5.34,1088.8,177
2026-09-04T19:53:51.652Z,-19.62,5.33,1094.2,3174.4
2026-09-04T19:54:06.148Z,-8.19,5.35,1092.8,431.8
2026-09-04T19:54:20.388Z,-4.38,5.35,1088.8,350.6
2026-09-04T19:54:34.499Z,1,5.35,1091.6,290.8
2026-09-04T19:54:48.676Z,21.38,5.33,1093.8,164.7
2026-09-04T19:55:03.235Z,23.75,5.32,1093.8,157.3
2026-09-04T19:55:17.092Z,22.69,5.33,1090,164.5
2026-09-04T19:55:30.884Z,22.31,5.3,1093.6,165.7
2026-09-04T19:55:44.643Z,21.88,5.34,1089.1,167.8
2026-09-04T19:55:59.011Z,21.88,5.33,1088.4,170.1
2026-09-04T19:56:14.660Z,21.88,5.33,1088.5,166.4
2026-09-04T19:56:29.604Z,22,5.29,1093.2,168.2
2026-09-04T19:56:43.363Z,22,5.31,1088.8,164.9
2026-09-04T19:56:57.188Z,22.19,5.32,1088.4,163.4
2026-09-04T19:57:11.267Z,22.19,5.3,1089,165.2
2026-09-04T19:57:25.347Z,22.38,5.29,1090.2,165.5
2026-09-04T19:57:39.108Z,22.25,5.27,1093.5,163.2
2026-09-04T19:57:52.900Z,21.94,5.3,1092.5,166.4
2026-09-04T19:58:07.140Z,22.06,5.32,1089.8,166.2
2026-09-04T19:58:20.803Z,22.06,5.3,1093.8,166
2026-09-04T19:58:34.948Z,21.69,5.31,1094,164.7
2026-09-04T19:58:49.219Z,21.94,5.35,1088.7,169.1
2026-09-04T19:59:03.331Z,21.81,5.3,1092,167.8
2026-09-04T19:59:17.539Z,22,5.32,1090.2,167.4
2026-09-04T19:59:31.299Z,21.5,5.31,1091.6,167.4
2026-09-04T19:59:47.172Z,22.12,5.3,1093.6,166.5
2026-09-04T20:00:00.900Z,21.62,5.3,1091.4,166.4
2026-09-04T20:00:15.779Z,22.31,5.3,1090.2,166.4
2026-09-04T20:00:29.443Z,22.25,5.28,1093.4,165.3
2026-09-04T20:00:44.419Z,21.81,5.31,1093.6,160.4
2026-09-04T20:00:59.012Z,21.75,5.31,1093,167.1
2026-09-04T20:01:13.924Z,22.12,5.33,1090.8,163.8
2026-09-04T20:01:27.651Z,22,5.34,1088.6,167.6
2026-09-04T20:01:41.443Z,22.06,5.32,1089.6,169.3
2026-09-04T20:01:55.267Z,22.12,5.33,1088.6,165.8
2026-09-04T20:02:10.211Z,22.12,5.3,1093.7,161.3
2026-09-04T20:02:24.004Z,21.69,5.29,1093.9,164.5
2026-09-04T20:02:38.692Z,21.88,5.33,1088.4,169.5
2026-09-04T20:02:52.835Z,21.31,5.27,1093.3,166.8
2026-09-04T20:03:07.939Z,23.75,5.29,1091.3,160.9
2026-09-04T20:03:22.115Z,-6,5.34,1090,384
2026-09-04T20:03:47.843Z,-7.31,5.35,1089,420.8
2026-09-04T20:04:01.956Z,-4.81,5.31,1093.9,363.6
2026-09-04T20:04:16.163Z,11.94,5.31,1093.8,202.8
2026-09-04T20:04:30.660Z,23.88,5.28,1093.3,158.8
2026-09-04T20:04:44.387Z,24.06,5.31,1090,159.6
2026-09-04T20:04:58.148Z,24.06,5.28,1093.4,155.5
2026-09-04T20:05:11.907Z,23.62,5.27,1092,160.1
2026-09-04T20:05:25.699Z,24,5.31,1089.3,156.3
2026-09-04T20:05:39.811Z,23.38,5.31,1090.7,156.2
2026-09-04T20:05:53.475Z,23.12,5.32,1089.2,161.6
2026-09-04T20:06:07.971Z,24.19,5.29,1093.4,158.4
2026-09-04T20:06:22.243Z,3.94,5.3,1091.8,252.7
2026-09-04T20:06:37.124Z,18.69,5.32,1089.6,181.1
2026-09-04T20:06:51.652Z,23.56,5.28,1091.2,160.5
2026-09-04T20:07:05.347Z,22.94,5.26,1093.5,163.7
2026-09-04T20:07:19.108Z,20.5,5.3,1093.1,167.2
2026-09-04T20:07:33.315Z,19.94,5.29,1093.2,168.1
2026-09-04T20:07:47.460Z,21.19,5.34,1088.4,168.7
2026-09-04T20:08:01.988Z,23.19,5.29,1093.6,160.1
2026-09-04T20:08:15.748Z,23.94,5.32,1089.4,159.9
2026-09-04T20:08:29.476Z,24.25,5.28,1093.6,155.4
2026-09-04T20:08:43.235Z,23.94,5.28,1093.5,154.3
2026-09-04T20:08:56.964Z,23.75,5.3,1090.3,161.1
2026-09-04T20:09:11.140Z,23.31,5.31,1091.4,157.7
2026-09-04T20:09:24.900Z,23.31,5.28,1093.1,161.6
2026-09-04T20:09:39.396Z,23.88,5.29,1092.8,159.8
2026-09-04T20:09:53.443Z,23.5,5.33,1090.5,157.8
2026-09-04T20:10:07.140Z,22.62,5.28,1093.5,162.2
2026-09-04T20:10:31.108Z,24.19,5.28,1093.6,153.2
2026-09-04T20:10:52.739Z,23.5,5.29,1093.6,157.6
2026-09-04T20:11:07.460Z,22.56,5.33,1088.4,163.6
2026-09-04T20:11:21.571Z,22.06,5.25,1093,164.2
2026-09-04T20:11:35.363Z,21.81,5.29,1090.7,167.1
2026-09-04T20:11:49.603Z,21.94,5.25,1093.2,168.6
2026-09-04T20:12:04.804Z,21.38,5.28,1089.4,173.8
2026-09-04T20:12:18.915Z,21.56,5.22,1091.1,178.7
2026-09-04T20:12:33.476Z,22.25,5.25,1087.8,177.9
2026-09-04T20:12:47.139Z,22.19,5.23,1088.8,177.5
2026-09-04T20:13:00.964Z,22.12,5.24,1089,175.5
2026-09-04T20:13:14.755Z,21.56,5.24,1088.8,180.3
2026-09-04T20:13:28.963Z,21.62,5.23,1087.9,184.5
2026-09-04T20:13:43.492Z,22,5.23,1088.3,180.4
2026-09-04T20:13:57.251Z,21.81,5.2,1091.2,177.2
2026-09-04T20:14:12.259Z,22.06,5.23,1087.7,180.7
2026-09-04T20:14:25.892Z,22.31,5.18,1092.6,173.7
2026-09-04T20:14:40.676Z,22.19,5.17,1092,182
2026-09-04T20:14:55.172Z,22.12,5.19,1092.6,182.6
2026-09-04T20:15:08.900Z,21.81,5.19,1091.3,181.8
2026-09-04T20:15:23.044Z,22.19,5.19,1092.6,175.9
2026-09-04T20:15:36.836Z,22.19,5.21,1089.2,178.7
2026-09-04T20:15:50.596Z,22,5.18,1092.3,177.1
2026-09-04T20:16:04.676Z,21.25,5.2,1088.3,186.3
2026-09-04T20:16:22.660Z,21.94,5.24,1089.6,175.9
2026-09-04T20:16:36.643Z,22.12,5.27,1090.2,171.5
2026-09-04T20:16:50.403Z,22,5.26,1089.2,178.2
2026-09-04T20:17:04.164Z,21.94,5.24,1093,171
2026-09-04T20:17:19.619Z,21.44,5.26,1092.1,173.3
2026-09-04T20:17:33.796Z,22.12,5.25,1092.2,176.6
2026-09-04T20:17:47.555Z,21.56,5.24,1093.1,175.8
2026-09-04T20:18:01.699Z,21.94,5.28,1088.5,175.6
2026-09-04T20:18:15.907Z,22.12,5.28,1088.7,173.1
2026-09-04T20:18:30.115Z,21.88,5.27,1088.2,177.5
2026-09-04T20:18:44.164Z,22.31,5.26,1088.2,175.5
2026-09-04T20:18:57.988Z,22.12,5.25,1091.7,171.2
2026-09-04T20:19:11.715Z,22.19,5.24,1093.1,170.2
2026-09-04T20:19:25.444Z,22.12,5.24,1093.4,166.1
2026-09-04T20:19:39.620Z,21.88,5.25,1092.6,172.1
2026-09-04T20:19:53.764Z,21.75,5.27,1092.8,167.8
2026-09-04T20:20:07.876Z,22.12,5.27,1091.1,166.6
2026-09-04T20:20:21.636Z,21.94,5.29,1088.4,173.3
2026-09-04T20:20:35.716Z,21.88,5.26,1093.2,168
2026-09-04T20:20:50.147Z,21.94,5.27,1093.8,166.4
2026-09-04T20:21:04.227Z,21.94,5.31,1089.5,170.6
2026-09-04T20:21:18.596Z,22.06,5.31,1089,167
2026-09-04T20:21:32.804Z,24.25,5.3,1089.4,163.8
2026-09-04T20:21:46.499Z,23.94,5.3,1089.8,160.8
2026-09-04T20:22:00.643Z,23.88,5.28,1093.5,159.5
2026-09-04T20:22:14.435Z,23.75,5.3,1090.2,162.6
2026-09-04T20:22:28.195Z,23.44,5.27,1091.2,165.2
2026-09-04T20:22:42.243Z,22.44,5.28,1093.5,167.7
2026-09-04T20:22:56.003Z,22.06,5.25,1093.7,169
2026-09-04T20:23:10.211Z,22.31,5.28,1093.1,165.4
2026-09-04T20:23:23.971Z,22.25,5.27,1093.4,167.4
2026-09-04T20:23:37.699Z,22.12,5.29,1089,174.5
2026-09-04T20:23:51.395Z,22.12,5.28,1090.3,171.8
2026-09-04T20:24:05.060Z,21.38,5.31,1088.7,171.4
2026-09-04T20:24:19.524Z,21.94,5.29,1093,167.2
2026-09-04T20:24:34.436Z,21.94,5.29,1093.4,166.5
2026-09-04T20:24:48.612Z,22,5.28,1093.7,164.7
2026-09-04T20:25:02.371Z,21.94,5.31,1088.5,170.6
2026-09-04T20:25:16.451Z,22.25,5.29,1089,168.1
2026-09-04T20:25:30.692Z,21.62,5.25,1093.4,163.7
2026-09-04T20:25:44.835Z,22.25,5.27,1092.4,164
2026-09-04T20:25:58.564Z,21.69,5.25,1090,175.7
2026-09-04T20:26:13.283Z,21.75,5.22,1093.2,167.1
2026-09-04T20:26:27.492Z,21.62,5.26,1092.5,164
2026-09-04T20:26:42.692Z,22.06,5.28,1088.4,170
2026-09-04T20:26:56.516Z,22.12,5.28,1090.1,166.6
2026-09-04T20:27:10.307Z,22.19,5.24,1091.4,169.1
2026-09-04T20:27:24.036Z,22,5.27,1089.8,172.6
2026-09-04T20:27:37.828Z,21.81,5.28,1089.5,167
2026-09-04T20:27:52.388Z,22,5.26,1092.2,161.2
2026-09-04T20:28:06.148Z,22,5.27,1093.4,166.1
2026-09-04T20:28:20.388Z,21.88,5.26,1093.4,168.9
2026-09-04T20:28:34.532Z,21.81,5.27,1092.4,163.9
2026-09-04T20:28:48.612Z,22,5.26,1091.8,170.8
2026-09-04T20:29:02.755Z,21.5,5.25,1093.4,165.1
2026-09-04T20:29:16.836Z,21.75,5.29,1089,168.9
2026-09-04T20:29:30.916Z,21.25,5.25,1092,172.5
2026-09-04T20:29:45.028Z,22.06,5.25,1093.4,162.9
2026-09-04T20:29:58.756Z,22.06,5.25,1093.3,164.6
2026-09-04T20:30:12.964Z,21.88,5.26,1093,164.7
2026-09-04T20:30:27.108Z,21.44,5.26,1092.6,168.2
2026-09-04T20:30:41.379Z,21.88,5.25,1090.2,173.2
2026-09-04T20:30:56.099Z,21.94,5.24,1093.3,167.6
2026-09-04T20:31:10.211Z,21.44,5.26,1093.6,171.8
2026-09-04T20:31:24.643Z,21.94,5.27,1093,164.9
2026-09-04T20:31:39.076Z,22.06,5.24,1093.2,170.1
2026-09-04T20:31:52.772Z,22,5.28,1088.4,170.4
2026-09-04T20:32:06.532Z,21.94,5.26,1093.4,169.6
2026-09-04T20:32:20.643Z,22,5.25,1093.4,168.9
2026-09-04T20:32:34.724Z,21.81,5.29,1090,167.1
2026-09-04T20:32:48.804Z,22,5.27,1088.4,172
2026-09-04T20:33:02.500Z,21.94,5.27,1089.2,173
2026-09-04T20:33:16.868Z,21.31,5.28,1092.4,169.5
2026-09-04T20:33:30.948Z,22.06,5.29,1088.6,170.6
2026-09-04T20:33:45.027Z,21.88,5.29,1090,166.9
2026-09-04T20:34:09.315Z,21.88,5.25,1093.5,165.1
2026-09-04T20:34:24.900Z,21.88,5.28,1090.8,167
2026-09-04T20:34:39.075Z,21.94,5.29,1089.8,166.3
2026-09-04T20:34:54.884Z,22,5.26,1093.6,162.5
2026-09-04T20:35:08.611Z,21.31,5.3,1088.5,169
2026-09-04T20:35:22.755Z,21.94,5.3,1091.3,163.8
2026-09-04T20:35:36.867Z,21.94,5.28,1093,161.2
2026-09-04T20:35:50.883Z,21.94,5.26,1093.5,166.3
2026-09-04T20:36:05.379Z,22.69,5.26,1093.8,165.5
2026-09-04T20:36:19.140Z,22.38,5.3,1090.6,164
2026-09-04T20:36:32.899Z,22.19,5.32,1090.2,166.5
2026-09-04T20:36:46.819Z,22.06,5.32,1088.8,165.7
2026-09-04T20:37:00.612Z,21.56,5.27,1093.3,169
2026-09-04T20:37:15.235Z,22.12,5.32,1089.7,167
2026-09-04T20:37:29.027Z,22.12,5.29,1092.8,165.4
2026-09-04T20:37:42.820Z,22.12,5.27,1093.8,164.9
2026-09-04T20:37:56.579Z,22.06,5.33,1089.7,163.3
2026-09-04T20:38:10.307Z,22.12,5.29,1093.8,163.7
2026-09-04T20:38:25.187Z,22.12,5.31,1093.4,162.3
2026-09-04T20:38:39.011Z,22.12,5.3,1093,165.7
2026-09-04T20:38:52.772Z,22.25,5.32,1092.1,161.1
2026-09-04T20:39:06.472Z,21.81,5.34,1088.8,167
2026-09-04T20:39:20.547Z,21.75,5.29,1094,164.8
2026-09-04T20:39:35.971Z,22.31,5.33,1092.6,161.7
2026-09-04T20:39:49.764Z,22.19,5.32,1094,158.9
2026-09-04T20:40:03.524Z,22.31,5.29,1093.8,162.5
2026-09-04T20:40:17.347Z,22.12,5.34,1088.8,163.3
2026-09-04T20:40:39.587Z,22.25,5.32,1093.9,158
2026-09-04T20:41:01.795Z,21.38,5.29,1094,164.5
2026-09-04T20:41:15.843Z,21.94,5.3,1092.2,163.5
2026-09-04T20:41:30.116Z,22.12,5.35,1090.6,159.5
2026-09-04T20:41:43.907Z,21.62,5.34,1089.1,161.5
2026-09-04T20:41:58.499Z,22.25,5.3,1094.1,160.1
2026-09-04T20:42:12.867Z,21.5,5.34,1090.3,164.3
2026-09-04T20:42:27.043Z,21.44,5.35,1089.3,168.7
2026-09-04T20:42:42.147Z,21.69,5.3,1093.8,163.8
2026-09-04T20:42:56.259Z,21.56,5.36,1089,161.2
2026-09-04T20:43:10.883Z,22,5.35,1090.4,161.1
2026-09-04T20:43:24.612Z,22.06,5.32,1094,157.9
2026-09-04T20:43:38.339Z,21.81,5.33,1092.8,159.7
2026-09-04T20:43:52.452Z,-13.69,5.36,1090.2,712.4
2026-09-04T20:44:17.347Z,-16.56,5.34,1089.8,1193.6
2026-09-04T20:44:32.931Z,-55.62,5.31,1094.1,-350.6
2026-09-04T20:44:47.427Z,-68.62,5.34,1092.4,-222
2026-09-04T20:45:02.851Z,-68.75,5.35,1091.2,-217.8
2026-09-04T20:45:17.379Z,-24.81,5.32,1093.8,72136093.3
2026-09-04T20:45:31.907Z,-9.69,5.31,1093.8,464.4
2026-09-04T20:45:46.371Z,-6.25,5.34,1088.9,387.5
2026-09-04T20:46:00.516Z,-0.62,5.3,1093.8,292.4
2026-09-04T20:46:14.628Z,4.44,5.28,1092.4,253
2026-09-04T20:46:28.772Z,6.5,5.32,1089.4,238
2026-09-04T20:46:42.884Z,5.19,5.28,1091.4,246.9
2026-09-04T20:46:57.380Z,2.62,5.31,1090.6,271.5
2026-09-04T20:47:11.587Z,1.31,5.32,1092.6,281.3
2026-09-04T20:47:25.731Z,-1.5,5.34,1088.9,316
2026-09-04T20:47:39.779Z,6.75,5.3,1093.9,231.9
2026-09-04T20:47:53.923Z,20.81,5.28,1093.8,163.7
2026-09-04T20:48:08.515Z,23.25,5.32,1089.8,161.5
2026-09-04T20:48:22.243Z,24,5.31,1093.8,154.3
2026-09-04T20:48:36.067Z,24.31,5.28,1093.8,152
2026-09-04T20:48:49.859Z,23.75,5.33,1089.6,154.8
2026-09-04T20:49:03.587Z,24.38,5.33,1091.8,151.1
2026-09-04T20:49:18.532Z,23.88,5.33,1093,152.1
2026-09-04T20:49:32.291Z,22.88,5.33,1089.2,159.7
2026-09-04T20:49:45.955Z,22.06,5.29,1092.9,163.8
2026-09-04T20:49:59.907Z,22.25,5.33,1089,163.6
2026-09-04T20:50:13.667Z,21.94,5.27,1093.5,165.4
2026-09-04T20:50:28.516Z,21.38,5.29,1091.2,161.9
2026-09-04T20:50:42.564Z,21.81,5.25,1093.4,162.8
2026-09-04T20:50:56.675Z,21.38,5.27,1090.1,172.4
2026-09-04T20:51:10.756Z,21.38,5.26,1091.2,170.4
2026-09-04T20:51:24.836Z,21.94,5.3,1089.6,166.6
2026-09-04T20:51:39.427Z,22,5.32,1089,164.1
2026-09-04T20:51:53.283Z,21.5,5.28,1093.8,163.1
2026-09-04T20:52:07.363Z,22,5.32,1090.6,160.2
2026-09-04T20:52:21.092Z,22,5.27,1093.7,161.1
2026-09-04T20:52:36.131Z,21.25,5.31,1089.5,166
2026-09-04T20:52:50.628Z,21.88,5.32,1089.3,164
2026-09-04T20:53:04.740Z,22,5.3,1093.1,158.9
2026-09-04T20:53:18.436Z,22,5.33,1089,162.4
2026-09-04T20:53:32.132Z,21.88,5.3,1092.2,163.5
2026-09-04T20:53:46.211Z,21.81,5.27,1093.6,162
2026-09-04T20:54:00.675Z,22.31,5.31,1089.1,165
2026-09-04T20:54:14.468Z,21.44,5.28,1088.9,169
2026-09-04T20:54:28.547Z,21.88,5.26,1088.3,171
2026-09-04T20:54:42.628Z,21.94,5.26,1088,171.1
2026-09-04T20:54:56.740Z,21.88,5.28,1089,169.2
2026-09-04T20:55:11.171Z,22.5,5.28,1091.8,164.3
2026-09-04T20:55:25.923Z,21.81,5.25,1093.2,170
2026-09-04T20:55:40.291Z,21.31,5.23,1093.1,170.6
2026-09-04T20:55:55.428Z,21.94,5.22,1093.3,167.4
2026-09-04T20:56:09.476Z,21.81,5.29,1089.1,167.6
2026-09-04T20:56:24.868Z,22,5.24,1093.4,164
2026-09-04T20:56:38.596Z,21.62,5.25,1093.4,169.8
2026-09-04T20:56:52.708Z,22,5.29,1089.9,163.2
2026-09-04T20:57:06.436Z,22,5.3,1089.9,165
2026-09-04T20:57:20.131Z,21.88,5.29,1093.4,164.9
2026-09-04T20:57:34.627Z,22.19,5.26,1093.8,163
2026-09-04T20:57:48.323Z,21.75,5.31,1090.4,164.9
2026-09-04T20:58:02.436Z,23.06,5.3,1092.7,161.4
2026-09-04T20:58:16.195Z,20.81,5.32,1093.6,164.6
2026-09-04T20:58:30.403Z,2.88,5.34,1088.9,265.9
2026-09-04T20:58:45.571Z,20.31,5.3,1094,168.7
2026-09-04T20:58:59.651Z,9,5.33,1094.2,217.6
2026-09-04T20:59:13.732Z,18.06,5.35,1089.2,179.5
2026-09-04T20:59:27.715Z,22.5,5.33,1090.2,162.8
2026-09-04T20:59:41.412Z,21.94,5.32,1091.9,165.5
2026-09-04T20:59:55.875Z,22.19,5.31,1093.8,163.3
2026-09-04T21:00:09.635Z,21.94,5.34,1088.8,166.5
2026-09-04T21:00:24.772Z,22.12,5.33,1091.5,164.3
2026-09-04T21:00:38.532Z,22.31,5.31,1093.2,159.5
2026-09-04T21:00:52.323Z,23.38,5.32,1093.9,156.7
2026-09-04T21:01:06.472Z,22.75,5.31,1093.8,160.7
2026-09-04T21:01:20.163Z,22.88,5.31,1093.9,159.8
2026-09-04T21:01:33.860Z,22.25,5.29,1093.9,158.9
2026-09-04T21:01:47.639Z,22.31,5.32,1093.6,160.7
2026-09-04T21:02:01.764Z,22.38,5.31,1094,163.4
2026-09-04T21:02:15.876Z,22.12,5.28,1093.4,161.5
2026-09-04T21:02:29.604Z,-58.19,5.34,1092.8,-305.6
2026-09-04T21:02:44.068Z,-68.75,5.36,1093.3,-216.4
2026-09-04T21:02:58.788Z,-68.75,5.34,1094.4,-216.8
2026-09-04T21:03:13.315Z,-68.75,5.36,1094.5,-221.8
2026-09-04T21:03:28.195Z,-62.06,5.36,1091.6,-272.5
2026-09-04T21:03:42.787Z,11.44,5.29,1092.4,207.2
2026-09-04T21:03:57.635Z,23.19,5.29,1093.6,159.7
2026-09-04T21:04:11.399Z,22.44,5.29,1091.2,164.3
2026-09-04T21:04:25.155Z,22.62,5.29,1093.6,158.3
2026-09-04T21:04:40.163Z,23,5.3,1094,158.3
2026-09-04T21:04:53.891Z,23.25,5.34,1092.1,158.2
2026-09-04T21:05:07.683Z,22.31,5.29,1093.6,159.5
2026-09-04T21:05:21.411Z,23.88,5.33,1090.3,155.7
2026-09-04T21:05:35.139Z,21.62,5.31,1093.4,167.3
2026-09-04T21:05:56.931Z,-8.94,5.3,1094,454.8
2026-09-04T21:06:10.980Z,24.25,5.32,1094,151.3
2026-09-04T21:06:25.476Z,17.75,5.37,1089.6,177.7
2026-09-04T21:06:39.523Z,24.06,5.37,1089.7,155.9
2026-09-04T21:06:54.564Z,22.75,5.32,1093.6,158.9
2026-09-04T21:07:08.547Z,-68.75,5.37,1092.2,-219.1
2026-09-04T21:07:23.011Z,-68.75,5.4,1092.1,-218.3
2026-09-04T21:07:37.508Z,-31.5,5.38,1089.6,-4331.5
2026-09-04T21:07:51.971Z,23.31,5.34,1089.2,162.4
2026-09-04T21:08:08.932Z,23.81,5.34,1089.4,156.8
2026-09-04T21:08:22.628Z,22.06,5.3,1089.4,166.4
2026-09-04T21:08:36.419Z,22.56,5.26,1093.6,162.1
2026-09-04T21:08:50.179Z,22.75,5.28,1093.6,158
2026-09-04T21:09:03.843Z,22.31,5.28,1093.5,158.9
2026-09-04T21:09:17.923Z,22.31,5.31,1090.6,163.6
2026-09-04T21:09:31.779Z,22.5,5.31,1090.4,163.6
2026-09-04T21:09:45.508Z,22.81,5.33,1089.2,161.3
2026-09-04T21:09:59.203Z,21.94,5.3,1092.9,163.8
2026-09-04T21:10:13.315Z,21.88,5.29,1093.8,162.8
2026-09-04T21:10:27.779Z,21.94,5.28,1093.7,159.3
2026-09-04T21:10:53.411Z,21.94,5.26,1092.4,168.2
2026-09-04T21:11:13.187Z,21.94,5.3,1088.4,168
2026-09-04T21:11:27.299Z,21.94,5.25,1093.3,163.9
2026-09-04T21:11:42.500Z,21.94,5.31,1092.2,162.9
2026-09-04T21:11:56.579Z,22.12,5.26,1093.8,161.6
2026-09-04T21:12:15.779Z,22,5.29,1093.8,164
2026-09-04T21:12:29.507Z,21.81,5.3,1089,167.5
2026-09-04T21:12:44.003Z,22,5.28,1092.2,166.6
2026-09-04T21:12:57.827Z,21.31,5.3,1088.5,167.2
2026-09-04T21:13:11.907Z,21.38,5.24,1093.7,165.5
2026-09-04T21:13:25.955Z,22.06,5.31,1089.5,165.2
2026-09-04T21:13:39.651Z,22.06,5.27,1092.9,163.3
2026-09-04T21:13:53.699Z,22.06,5.25,1093.6,165.1
2026-09-04T21:14:07.395Z,22,5.24,1093.4,164.2
2026-09-04T21:14:21.123Z,21.81,5.29,1089.4,169.5
2026-09-04T21:14:35.203Z,22.06,5.27,1093.6,162.7
2026-09-04T21:14:48.900Z,21.88,5.29,1090.6,169.1
2026-09-04T21:15:03.363Z,21.88,5.3,1091.2,164.8
2026-09-04T21:15:17.411Z,21.62,5.33,1091.2,164.1
2026-09-04T21:15:31.491Z,22.19,5.29,1094,163.8
2026-09-04T21:15:45.187Z,22.25,5.33,1090.8,162.3
2026-09-04T21:15:58.916Z,23.5,5.29,1093.9,156.3
2026-09-04T21:16:13.124Z,22,5.31,1093.9,159.7
2026-09-04T21:16:26.852Z,19.81,5.29,1092.6,171.6
2026-09-04T21:16:40.900Z,19.19,5.32,1090.6,169.2
2026-09-04T21:16:55.876Z,21.44,5.29,1094,163.3
2026-09-04T21:17:09.988Z,21.25,5.33,1088.8,164.9
2026-09-04T21:17:24.452Z,14.19,5.29,1094,189.7
2026-09-04T21:17:38.532Z,13.81,5.3,1093.6,193.2
2026-09-04T21:17:52.740Z,21.06,5.33,1088.9,168.3
2026-09-04T21:18:06.820Z,19.38,5.31,1091,171.7
2026-09-04T21:18:20.963Z,22.44,5.33,1090.9,159.9
2026-09-04T21:18:35.140Z,23.94,5.31,1093.9,152.9
2026-09-04T21:18:48.836Z,23.06,5.31,1092.2,164.2
2026-09-04T21:19:02.628Z,22.81,5.34,1091.4,157.1
2026-09-04T21:19:16.323Z,22.44,5.35,1090.6,160.9
2026-09-04T21:19:30.116Z,22.31,5.32,1092.8,162.5
2026-09-04T21:19:44.516Z,22,5.3,1093.6,164.4
2026-09-04T21:19:58.243Z,21.94,5.33,1089.7,163.9
2026-09-04T21:20:13.732Z,22.56,5.29,1093.6,158.7
2026-09-04T21:20:27.460Z,22.69,5.32,1088.8,162.8
2026-09-04T21:20:41.187Z,22.44,5.29,1093.6,161.3
2026-09-04T21:20:55.299Z,22.62,5.3,1090.2,164.5
2026-09-04T21:21:08.995Z,23.19,5.31,1090,158.7
2026-09-04T21:21:22.788Z,23,5.25,1091.6,165.3
2026-09-04T21:21:36.484Z,22.5,5.31,1088.5,164.7
2026-09-04T21:21:50.243Z,22.56,5.27,1091.2,165.6
2026-09-04T21:22:04.323Z,22.5,5.27,1091.9,166.7
2026-09-04T21:22:18.500Z,22.44,5.28,1090.4,167.5
2026-09-04T21:22:32.259Z,22.06,5.25,1093.6,160.6
2026-09-04T21:22:45.955Z,22.06,5.3,1090.6,162.5
2026-09-04T21:23:00.516Z,21.44,5.31,1089.4,166.2
2026-09-04T21:23:14.980Z,21.94,5.32,1090.3,161.2
2026-09-04T21:23:29.412Z,22.56,5.32,1093,163.4
2026-09-04T21:23:43.139Z,22.19,5.33,1090.8,163.1
2026-09-04T21:23:56.872Z,22,5.31,1090.8,168.2
2026-09-04T21:24:10.627Z,21.94,5.32,1090,166.1
2026-09-04T21:24:25.092Z,22.12,5.31,1089.6,167.2
2026-09-04T21:24:39.587Z,21.5,5.31,1090,165.6
2026-09-04T21:24:53.731Z,21.94,5.29,1092.2,164.5
2026-09-04T21:25:07.747Z,22.38,5.3,1092,160.8
2026-09-04T21:25:21.411Z,21.88,5.26,1093,168.7
2026-09-04T21:25:35.875Z,21.94,5.25,1093.5,163.5
2026-09-04T21:25:50.051Z,21.94,5.26,1093.2,163.8
2026-09-04T21:26:04.195Z,21.62,5.3,1090.4,163.7
2026-09-04T21:26:18.339Z,22.38,5.28,1092.8,162.3
2026-09-04T21:26:32.068Z,22.94,5.29,1091.7,159.8
2026-09-04T21:26:46.948Z,23.19,5.26,1093.8,156.6
2026-09-04T21:27:00.676Z,23.19,5.29,1091.2,159
2026-09-04T21:27:14.403Z,23.12,5.29,1090.7,159.8
2026-09-04T21:27:28.132Z,22.25,5.3,1088.8,163.8
2026-09-04T21:27:41.892Z,21.94,5.28,1093.1,159
2026-09-04T21:27:57.412Z,21.62,5.3,1090.7,163.2
2026-09-04T21:28:11.556Z,21.5,5.3,1088.6,166.9
2026-09-04T21:28:25.732Z,22,5.3,1088.8,169.3
2026-09-04T21:28:39.492Z,21.94,5.3,1088.6,166.5
2026-09-04T21:28:53.636Z,21.88,5.27,1091.2,168.2
2026-09-04T21:29:08.131Z,21.94,5.29,1090.4,166.1
2026-09-04T21:29:22.243Z,21.94,5.28,1091.8,166.1
2026-09-04T21:29:37.060Z,22,5.25,1093.6,167.8
2026-09-04T21:29:50.820Z,21.94,5.3,1089,170.3
2026-09-04T21:30:06.020Z,21.88,5.25,1093.6,167.1
2026-09-04T21:30:20.547Z,22,5.27,1093.6,164.5
2026-09-04T21:30:34.339Z,21.56,5.3,1090.4,166.1
2026-09-04T21:30:48.484Z,21.5,5.27,1091.8,168.2
2026-09-04T21:31:02.595Z,21.94,5.34,1088.8,169.5
2026-09-04T21:31:17.027Z,21.5,5.3,1090.8,170.8
2026-09-04T21:31:31.491Z,22.06,5.33,1089.2,165.3
2026-09-04T21:31:45.187Z,22,5.27,1091.3,171.2
2026-09-04T21:31:58.915Z,22.06,5.28,1089.2,168
2026-09-04T21:32:12.707Z,21.5,5.29,1088.2,173.9
2026-09-04T21:32:27.587Z,21.44,5.27,1089.4,172.6
2026-09-04T21:32:42.019Z,21.5,5.24,1093.2,173.5
2026-09-04T21:32:56.131Z,22,5.27,1088.3,168.2
2026-09-04T21:33:09.891Z,22.06,5.28,1088.4,171.4
2026-09-04T21:33:23.656Z,23.81,5.29,1088.8,164.8
2026-09-04T21:33:37.347Z,23.31,5.25,1093.6,163.4
2026-09-04T21:33:51.427Z,22.69,5.25,1093.2,161.7
2026-09-04T21:34:05.091Z,22.12,5.31,1088.8,166.1
2026-09-04T21:34:18.852Z,24.06,5.27,1093.6,155.7
2026-09-04T21:34:32.548Z,10.5,5.29,1094.1,209.4
2026-09-04T21:34:46.563Z,22.06,5.32,1093.4,162
2026-09-04T21:35:00.675Z,24.25,5.28,1094,155.1
2026-09-04T21:35:14.500Z,-43.38,5.33,1091.4,-714.7
2026-09-04T21:35:38.307Z,22.5,5.31,1093,163.9
2026-09-04T21:35:51.971Z,22.31,5.32,1093.8,161.5
2026-09-04T21:36:06.084Z,22.69,5.29,1093.2,164.3
2026-09-04T21:36:19.812Z,22.38,5.32,1094,161.2
2026-09-04T21:36:33.571Z,22.88,5.32,1091.4,162.1
2026-09-04T21:36:47.299Z,21.94,5.31,1093.3,165.6
2026-09-04T21:37:09.668Z,21.56,5.3,1094,167.1
2026-09-04T21:37:24.195Z,21.88,5.31,1093.8,164
2026-09-04T21:37:38.339Z,22.12,5.32,1089.8,166.1
2026-09-04T21:37:52.035Z,22.06,5.3,1088.6,168.2
2026-09-04T21:38:05.731Z,22.19,5.27,1093.6,162.9
2026-09-04T21:38:19.523Z,21.38,5.32,1088.7,166.1
2026-09-04T21:38:33.987Z,19.69,5.3,1093.8,166.8
2026-09-04T21:38:48.739Z,22.56,5.32,1088.8,166.9
2026-09-04T21:39:02.403Z,21.81,5.3,1092,162.5
2026-09-04T21:39:16.515Z,22.38,5.31,1088.9,161.8
2026-09-04T21:39:30.243Z,22,5.26,1093.6,165.9
2026-09-04T21:39:44.387Z,21.94,5.32,1088.8,164.9
2026-09-04T21:39:59.363Z,22.12,5.29,1094,157.9
2026-09-04T21:40:13.123Z,22,5.31,1094.5,162.5
2026-09-04T21:40:26.883Z,-68.75,5.39,1091.8,-225.1
2026-09-04T21:40:41.443Z,-64.62,5.41,1090,-252.4
2026-09-04T21:41:07.299Z,21.5,5.35,1089.1,165.7
2026-09-04T21:41:30.660Z,22.25,5.27,1093.8,162.8
2026-09-04T21:41:44.388Z,22,5.26,1093.7,161.3
2026-09-04T21:41:59.267Z,22.06,5.3,1090.8,165.5
2026-09-04T21:42:12.932Z,21.88,5.33,1090,164.9
2026-09-04T21:42:27.043Z,22.12,5.29,1093.6,166.9
2026-09-04T21:42:40.771Z,21.5,5.28,1093.8,166
2026-09-04T21:42:54.916Z,22.06,5.31,1093.8,159.3
2026-09-04T21:43:09.059Z,21.5,5.33,1089.9,163.2
2026-09-04T21:43:23.171Z,21.75,5.3,1094,162.8
2026-09-04T21:43:37.347Z,21.5,5.31,1093.2,166.5
2026-09-04T21:43:51.492Z,22,5.31,1094.2,159.3
2026-09-04T21:44:05.859Z,22,5.33,1094.2,160.1
2026-09-04T21:44:20.035Z,22.12,5.32,1094.3,163.1
2026-09-04T21:44:33.795Z,22.06,5.34,1093.3,163.2
2026-09-04T21:44:47.555Z,21.94,5.34,1092,162.6
2026-09-04T21:45:01.732Z,21.88,5.28,1093.8,165.2
2026-09-04T21:45:15.844Z,22.12,5.32,1090.4,161.3
2026-09-04T21:45:29.827Z,22.19,5.31,1089.6,164.6
2026-09-04T21:45:43.587Z,10.31,5.34,1089,210.9
2026-09-04T21:45:57.763Z,16.81,5.32,1091.8,179.3
2026-09-04T21:46:11.907Z,23.06,5.27,1092.2,160.9
2026-09-04T21:46:25.668Z,22.44,5.34,1088.7,164.5
2026-09-04T21:46:39.908Z,22.12,5.33,1089,163.2
2026-09-04T21:46:54.116Z,22.25,5.32,1091.8,158.5
2026-09-04T21:47:07.844Z,22.06,5.3,1094,160.4
2026-09-04T21:47:21.636Z,22.25,5.33,1090.4,159.9
2026-09-04T21:47:35.908Z,22.19,5.33,1089.8,164.2
2026-09-04T21:47:50.020Z,21.88,5.34,1092.4,160.6
2026-09-04T21:48:04.164Z,21.88,5.32,1092.2,160.8
2026-09-04T21:48:18.307Z,22.31,5.33,1091.7,163.2
2026-09-04T21:48:32.036Z,22.31,5.29,1092.2,165.3
2026-09-04T21:48:46.371Z,-61.69,5.33,1094.8,-270.4
2026-09-04T21:49:01.892Z,-53.19,5.33,1094.5,-376.9
2026-09-04T21:49:16.995Z,19,5.31,1094,167.8
2026-09-04T21:49:31.107Z,24.69,5.29,1093.8,152.4
2026-09-04T21:49:44.771Z,23.69,5.33,1091.2,155.3
2026-09-04T21:49:58.531Z,23.31,5.32,1091.1,156.1
2026-09-04T21:50:12.675Z,22.56,5.31,1090.7,166.3
2026-09-04T21:50:27.171Z,23.75,5.34,1089.2,157.2
2026-09-04T21:50:40.899Z,23.44,5.31,1093.4,162.2
2026-09-04T21:50:54.691Z,22.06,5.33,1089.4,164.2
2026-09-04T21:51:08.419Z,-68.75,5.38,1089.8,-227.7
2026-09-04T21:51:23.267Z,12.25,5.35,1094,200.9
2026-09-04T21:51:37.539Z,-68.75,5.34,1094.7,-222.7
2026-09-04T21:51:51.939Z,-9.25,5.35,1089.8,462.7
2026-09-04T21:52:07.012Z,23.19,5.33,1093.6,158
2026-09-04T21:52:20.772Z,22.25,5.33,1093.1,164.4
2026-09-04T21:52:34.916Z,-9.81,5.38,1094.6,490.5
2026-09-04T21:52:49.028Z,-68.75,5.43,1090.2,-221
2026-09-04T21:53:03.459Z,6.19,5.36,1089.6,237.6
2026-09-04T21:53:17.603Z,18.62,5.29,1093.6,175.4
2026-09-04T21:53:31.811Z,12.25,5.32,1093.8,203.6
2026-09-04T21:53:46.307Z,14.38,5.35,1089,189.7
2026-09-04T21:54:00.355Z,22.44,5.32,1093.7,157.2
2026-09-04T21:54:14.115Z,22.81,5.34,1091,156.4
2026-09-04T21:54:27.843Z,21.44,5.29,1093.7,161.4
2026-09-04T21:54:41.955Z,22.12,5.31,1091.4,161.8
2026-09-04T21:54:56.067Z,-62.94,5.38,1091.4,-262
2026-09-04T21:55:10.499Z,-68.75,5.34,1094.2,-224
2026-09-04T21:55:25.060Z,-68.75,5.4,1094.4,-217
2026-09-04T21:55:39.587Z,-68.75,5.41,1090,-223.9
2026-09-04T21:55:54.084Z,-68.75,5.38,1093.4,-223.7
2026-09-04T21:56:09.091Z,15.81,5.35,1088.8,186.4
2026-09-04T21:56:23.235Z,23.19,5.32,1091.6,161.1
2026-09-04T21:56:36.932Z,22.88,5.31,1092.6,157.9
2026-09-04T21:56:51.492Z,21.94,5.32,1093.8,163.4
2026-09-04T21:57:05.667Z,22.31,5.3,1094,162.7
2026-09-04T21:57:19.779Z,22.12,5.34,1088.9,163.6
2026-09-04T21:57:33.604Z,-31.38,5.34,1092.8,-4571.4
2026-09-04T21:57:48.068Z,-53.56,5.39,1090.2,-380.3
2026-09-04T21:58:02.627Z,-63.25,5.34,1094.5,-253.7
2026-09-04T21:58:17.987Z,-68.75,5.38,1092.8,-227.7
2026-09-04T21:58:32.867Z,-68.75,5.39,1090,-217.3
2026-09-04T21:58:48.195Z,-68.75,5.33,1094.7,-217.8
2026-09-04T21:59:02.755Z,-68.75,5.39,1090.6,-218.5
2026-09-04T21:59:17.283Z,21.12,5.32,1094,162.3
2026-09-04T21:59:31.427Z,24.19,5.33,1093,153.3
2026-09-04T21:59:45.572Z,22.81,5.37,1090.6,155.6
2026-09-04T22:00:00.419Z,22.31,5.37,1091.4,159.7
2026-09-04T22:00:14.211Z,22.62,5.35,1092.2,160.7
2026-09-04T22:00:27.876Z,22.31,5.35,1093.5,158.7
2026-09-04T22:00:41.604Z,22.31,5.38,1090.4,160.2
2026-09-04T22:00:55.812Z,22.19,5.35,1088.9,163.3
2026-09-04T22:01:09.572Z,22,5.32,1089.8,163.9
2026-09-04T22:01:23.299Z,22.06,5.25,1091.8,164.5
2026-09-04T22:01:37.732Z,23.62,5.33,1089,156.8
2026-09-04T22:01:51.460Z,-23.44,5.32,1090.9,118146.8
2026-09-04T22:02:07.620Z,-50.94,5.35,1089.8,-417.1
2026-09-04T22:02:22.148Z,-60.88,5.35,1089.4,-279.3
2026-09-04T22:02:37.283Z,-68.75,5.37,1089.4,-222.7
2026-09-04T22:02:51.908Z,-68.75,5.37,1091.8,-223.1
2026-09-04T22:03:07.652Z,-68.75,5.37,1093,-217.1
2026-09-04T22:03:22.275Z,-68.75,5.39,1090,-218.4
2026-09-04T22:03:36.836Z,-60.88,5.36,1094,-279
2026-09-04T22:03:51.396Z,-68.75,5.39,1091,-219
2026-09-04T22:04:05.923Z,-68.75,5.38,1094,-218.3
2026-09-04T22:04:20.835Z,-67.94,5.39,1089.9,-223.7
2026-09-04T22:04:35.331Z,-24.25,5.35,1090.2,1106652.4
2026-09-04T22:04:49.827Z,-38.94,5.32,1094.4,-1041.9
2026-09-04T22:05:04.355Z,-41.81,5.38,1089.3,-756.5
2026-09-04T22:05:20.484Z,-26.25,5.37,1090.8,-277280.2
2026-09-04T22:05:35.363Z,-15.31,5.3,1094,856.3
2026-09-04T22:05:56.740Z,15.44,5.3,1093,187.5
2026-09-04T22:06:10.852Z,6.38,5.27,1093.9,234.1
2026-09-04T22:06:24.964Z,6.5,5.29,1093.9,235.8
2026-09-04T22:06:39.492Z,9.31,5.33,1089,219.4
2026-09-04T22:06:54.179Z,1.25,5.3,1092.9,276.9
2026-09-04T22:07:08.355Z,2,5.29,1092.8,272
2026-09-04T22:07:34.115Z,20.94,5.33,1088.9,168.1
2026-09-04T22:07:49.092Z,23.94,5.31,1092.9,154.6
2026-09-04T22:08:02.852Z,14,5.3,1093,194.5
2026-09-04T22:08:16.963Z,13.5,5.3,1094.1,189.9
2026-09-04T22:08:32.068Z,22.81,5.33,1091.2,155.7
2026-09-04T22:08:45.796Z,23.88,5.3,1089.9,158
2026-09-04T22:08:59.939Z,20.69,5.29,1092.8,166.2
2026-09-04T22:09:14.084Z,20.62,5.33,1090.3,162.3
2026-09-04T22:09:28.195Z,19.5,5.33,1088.9,173
2026-09-04T22:09:42.339Z,14.62,5.36,1090,189.8
2026-09-04T22:09:56.484Z,17.5,5.36,1089,177.7
2026-09-04T22:10:10.948Z,21.94,5.31,1094.2,158.7
2026-09-04T22:10:26.563Z,20.06,5.28,1093.8,165.9
2026-09-04T22:10:40.644Z,14.88,5.28,1093.9,183.9
2026-09-04T22:10:55.043Z,15.44,5.33,1089.9,187.4
2026-09-04T22:11:16.803Z,18.56,5.3,1091.6,177.5
2026-09-04T22:11:38.531Z,21.06,5.32,1090.6,165.9
2026-09-04T22:11:52.675Z,17.5,5.32,1094.2,178.9
2026-09-04T22:12:06.851Z,23.06,5.27,1093.8,155.2
2026-09-04T22:12:21.571Z,20.12,5.29,1093.5,163.2
2026-09-04T22:12:36.707Z,16.44,5.31,1090.4,183.7
2026-09-04T22:12:50.852Z,24.19,5.32,1092.1,154.6
2026-09-04T22:13:04.579Z,23.12,5.29,1090.4,163.1
2026-09-04T22:13:18.211Z,24.5,5.29,1092.6,151.9
2026-09-04T22:13:31.939Z,24.31,5.27,1093.8,150.9
2026-09-04T22:13:46.628Z,24.31,5.33,1092,152.8
2026-09-04T22:14:01.027Z,24.31,5.28,1094.2,153.1
2026-09-04T22:14:14.755Z,24.31,5.27,1094,154.9
2026-09-04T22:14:28.483Z,22.94,5.27,1094,161.7
2026-09-04T22:14:42.243Z,22.62,5.31,1088.9,162.8
2026-09-04T22:14:56.419Z,24,5.29,1092.1,157
2026-09-04T22:15:10.147Z,24.25,5.29,1092.8,154.2
2026-09-04T22:15:23.843Z,24,5.32,1088.8,157.5
2026-09-04T22:15:37.635Z,24.25,5.28,1091.8,159.9
2026-09-04T22:15:51.971Z,24.56,5.3,1094,153.2
2026-09-04T22:16:06.083Z,24,5.34,1089,157.7
2026-09-04T22:16:20.484Z,24.38,5.3,1092.7,157.4
2026-09-04T22:16:34.147Z,23.19,5.32,1093.8,156.8
2026-09-04T22:16:47.875Z,22.19,5.3,1094,159.9
2026-09-04T22:17:01.732Z,21.94,5.32,1088.8,166.4
2026-09-04T22:17:16.323Z,22.44,5.31,1092.4,159.6
2026-09-04T22:17:30.019Z,22.31,5.31,1088.8,162.5
2026-09-04T22:17:43.747Z,23.12,5.28,1093.9,160.7
2026-09-04T22:17:58.052Z,23.88,5.28,1092.6,157.8
2026-09-04T22:18:12.676Z,24.5,5.28,1094,156.5
2026-09-04T22:18:26.788Z,23.88,5.29,1090.9,162.9
2026-09-04T22:18:40.420Z,23.62,5.28,1092.6,158.8
2026-09-04T22:18:54.147Z,22.88,5.32,1093.6,157.2
2026-09-04T22:19:07.875Z,22.75,5.33,1091.1,159.6
2026-09-04T22:19:21.635Z,21.31,5.34,1089,163.4
2026-09-04T22:19:36.227Z,23.81,5.3,1092.4,161.4
2026-09-04T22:19:49.956Z,24.31,5.32,1090.2,157.2
2026-09-04T22:20:03.716Z,24.44,5.27,1094,153.9
2026-09-04T22:20:17.507Z,23.69,5.32,1091.2,155.9
2026-09-04T22:20:31.235Z,23.88,5.33,1089,156.4
2026-09-04T22:20:45.347Z,23.19,5.32,1093.6,156.4
2026-09-04T22:20:59.076Z,22.75,5.34,1089,160.1
2026-09-04T22:21:12.772Z,22.12,5.33,1088.8,161.8
2026-09-04T22:21:26.472Z,22.06,5.32,1091.8,158.9
2026-09-04T22:21:40.227Z,21.56,5.28,1094,161.6
2026-09-04T22:21:54.628Z,22.38,5.3,1090.6,161
2026-09-04T22:22:09.187Z,24,5.34,1089.2,156.5
2026-09-04T22:22:22.916Z,22.94,5.32,1092.8,158.7
2026-09-04T22:22:36.644Z,22.38,5.34,1089.1,160.8
2026-09-04T22:22:50.404Z,22.44,5.28,1094,161.2
2026-09-04T22:23:04.451Z,21.5,5.33,1090.9,162.2
2026-09-04T22:23:18.564Z,22.06,5.33,1089.5,165
2026-09-04T22:23:32.291Z,23.06,5.33,1093.2,160.4
2026-09-04T22:23:46.019Z,22.19,5.32,1091.8,159.8
2026-09-04T22:23:59.684Z,22.56,5.3,1094,157.7
2026-09-04T22:24:13.827Z,24.25,5.32,1092.8,155.8
2026-09-04T22:24:27.555Z,24.19,5.3,1094,151.4
2026-09-04T22:24:41.283Z,22.62,5.34,1091.9,160
2026-09-04T22:24:55.108Z,22.19,5.35,1089.4,161.6
2026-09-04T22:25:08.772Z,22.06,5.31,1094.2,161.8
2026-09-04T22:25:22.915Z,21.94,5.36,1089.6,160.8
2026-09-04T22:25:37.060Z,21.5,5.32,1093.6,160.2
2026-09-04T22:25:51.267Z,22.06,5.3,1093.7,162.1
2026-09-04T22:26:05.891Z,22.31,5.31,1094.4,161.6
2026-09-04T22:26:19.620Z,22.12,5.34,1089.6,161.1
2026-09-04T22:26:33.667Z,22.19,5.29,1094,159.3
2026-09-04T22:26:47.331Z,22.19,5.3,1093,162.7
2026-09-04T22:27:01.091Z,21.69,5.33,1091,161.6
2026-09-04T22:27:15.172Z,21.94,5.34,1089.6,163.2
2026-09-04T22:27:29.219Z,22.06,5.34,1093,160
2026-09-04T22:27:43.267Z,21.5,5.31,1092,165.5
2026-09-04T22:27:57.411Z,22,5.33,1094.6,159.5
2026-09-04T22:28:11.139Z,22,5.33,1094.4,159.4
2026-09-04T22:28:24.835Z,22.19,5.35,1090,166.7
2026-09-04T22:28:38.563Z,22.06,5.33,1093.9,161.6
2026-09-04T22:28:52.676Z,22,5.32,1094.2,157.9
2026-09-04T22:29:06.404Z,22.06,5.31,1093.6,163.3
2026-09-04T22:29:20.036Z,22.62,5.32,1093.4,156.1
2026-09-04T22:29:33.732Z,22.19,5.34,1091.2,158.5
2026-09-04T22:29:47.427Z,21.94,5.33,1090,164.1
2026-09-04T22:30:01.955Z,22.38,5.33,1094,156.5
2026-09-04T22:30:15.844Z,-55.38,5.37,1089.7,-352.2
2026-09-04T22:30:30.243Z,-60.44,5.39,1090.2,-283.2
2026-09-04T22:30:44.707Z,4.06,5.3,1092.5,253.2
2026-09-04T22:30:58.820Z,21.06,5.3,1094.2,167.4
2026-09-04T22:31:14.212Z,22.88,5.33,1091.8,160.5
2026-09-04T22:31:27.875Z,21.88,5.32,1090.2,163.7
2026-09-04T22:31:41.955Z,23,5.34,1088.8,161.6
2026-09-04T22:31:55.619Z,22.75,5.3,1091.4,165.4
2026-09-04T22:32:09.347Z,23.19,5.28,1093.8,157.5
2026-09-04T22:32:23.459Z,23.12,5.28,1092.8,161.3
2026-09-04T22:32:37.092Z,22.38,5.28,1093.7,157.9
2026-09-04T22:32:50.756Z,22.25,5.28,1093.8,160.5
2026-09-04T22:33:05.059Z,22,5.25,1091.8,169.4
2026-09-04T22:33:18.787Z,22.69,5.28,1093.8,161.2
2026-09-04T22:33:32.963Z,23.44,5.3,1089,163.6
2026-09-04T22:33:46.692Z,22.19,5.26,1093.4,163.5
2026-09-04T22:34:00.419Z,21.56,5.28,1090,168.4
2026-09-04T22:34:14.532Z,21.94,5.24,1093.6,168.3
2026-09-04T22:34:29.380Z,22.62,5.3,1089,170.9
2026-09-04T22:34:43.363Z,22.06,5.26,1093.1,165.5
2026-09-04T22:34:57.092Z,22,5.29,1092.1,166.8
2026-09-04T22:35:10.820Z,14.44,5.27,1094,192.6
2026-09-04T22:35:24.900Z,22.12,5.29,1092.6,164.4
2026-09-04T22:35:38.692Z,22.44,5.26,1093.8,160.4
2026-09-04T22:35:53.476Z,23,5.28,1092.6,160.7
2026-09-04T22:36:07.204Z,22.5,5.3,1091.9,161.5
2026-09-04T22:36:20.900Z,23.06,5.33,1089.5,162.4
2026-09-04T22:36:34.627Z,23.62,5.3,1090.5,157.3
2026-09-04T22:36:48.387Z,12.75,5.32,1089.1,200.9
2026-09-04T22:37:02.819Z,14.5,5.3,1093.9,188.7
2026-09-04T22:37:17.027Z,7.44,5.32,1090.9,228.1
2026-09-04T22:37:31.075Z,13.56,5.32,1089,200.2
2026-09-04T22:37:55.299Z,17.25,5.32,1090.4,185.4
2026-09-04T22:38:10.051Z,24.44,5.31,1089.6,159.2
2026-09-04T22:38:23.780Z,16.25,5.33,1090.4,182.9
2026-09-04T22:38:38.531Z,22.31,5.32,1090.9,162.5
2026-09-04T22:38:52.259Z,21.62,5.28,1093.6,164.6
2026-09-04T22:39:06.339Z,23.12,5.33,1091.3,157.2
2026-09-04T22:39:20.419Z,-68.75,5.34,1094.8,-222
2026-09-04T22:39:45.572Z,-68.75,5.38,1094.9,-217.8
2026-09-04T22:40:00.068Z,-68.75,5.38,1094.8,-220.3
2026-09-04T22:40:14.596Z,-58,5.34,1093,-314.4
2026-09-04T22:40:29.412Z,8.69,5.28,1094,217.7
2026-09-04T22:40:43.427Z,21,5.33,1090.8,165.2
2026-09-04T22:40:57.603Z,22.44,5.32,1093.9,159.2
2026-09-04T22:41:11.203Z,22,5.28,1094,161.7
2026-09-04T22:41:34.691Z,21.44,5.32,1092.7,163.7
2026-09-04T22:41:56.579Z,22.12,5.31,1094.3,157.2
2026-09-04T22:42:10.243Z,22.19,5.36,1089.7,163
2026-09-04T22:42:23.939Z,22.12,5.29,1093.6,164.8
2026-09-04T22:42:37.635Z,22.19,5.3,1088.7,168.5
2026-09-04T22:42:51.747Z,21.75,5.31,1090.1,165.9
2026-09-04T22:43:05.827Z,22.19,5.3,1089.2,169.1
2026-09-04T22:43:19.492Z,22.06,5.29,1090.2,165.9
2026-09-04T22:43:33.283Z,21.81,5.29,1088.8,169.4
2026-09-04T22:43:47.331Z,22.12,5.24,1093.6,169.3
2026-09-04T22:44:02.500Z,22.19,5.29,1089.8,165.5
2026-09-04T22:44:16.259Z,18.81,5.23,1093.7,174.6
2026-09-04T22:44:30.371Z,18.19,5.3,1091.2,179.7
2026-09-04T22:44:44.451Z,22.38,5.27,1090.4,162.5
2026-09-04T22:44:58.147Z,22.12,5.24,1093.6,163.5
2026-09-04T22:45:12.355Z,21.44,5.25,1093.7,166.1
2026-09-04T22:45:27.203Z,21.44,5.25,1093.6,163.6
2026-09-04T22:45:41.315Z,22.06,5.28,1089.2,169.7
2026-09-04T22:45:55.064Z,21.75,5.26,1093.7,167.5
2026-09-04T22:46:09.155Z,22.25,5.26,1092.1,166
2026-09-04T22:46:23.267Z,21.81,5.27,1090.6,166.7
2026-09-04T22:46:37.347Z,21.94,5.3,1088.8,167.8
2026-09-04T22:46:52.195Z,22.06,5.27,1093.4,165.5
2026-09-04T22:47:05.955Z,22.12,5.28,1090.6,164.8
2026-09-04T22:47:19.779Z,22.12,5.27,1089.4,170
2026-09-04T22:47:33.923Z,22,5.26,1088.5,174.8
2026-09-04T22:47:47.587Z,22.06,5.26,1088.4,172.9
2026-09-04T22:48:02.019Z,22.38,5.24,1091.2,169.3
2026-09-04T22:48:15.779Z,21.94,5.21,1093.3,168.2
2026-09-04T22:48:29.859Z,22.19,5.19,1093.2,171.4
2026-09-04T22:48:44.036Z,22.12,5.21,1089.8,178.1
2026-09-04T22:48:57.732Z,21.94,5.23,1089,177.8
2026-09-04T22:49:12.772Z,22,5.23,1090,176.2
2026-09-04T22:49:26.564Z,22,5.27,1089,175.9
2026-09-04T22:49:40.291Z,22.06,5.23,1093.6,172.2
2026-09-04T22:49:54.371Z,22.06,5.27,1088.6,174.4
2026-09-04T22:50:08.067Z,22.06,5.24,1092.8,170.4
2026-09-04T22:50:21.828Z,22.12,5.29,1088.8,168.7
2026-09-04T22:50:35.523Z,18.25,5.27,1093,177.6
2026-09-04T22:50:49.508Z,22.06,5.22,1093,172.3
2026-09-04T22:51:03.619Z,21.56,5.26,1088.5,175.1
2026-09-04T22:51:17.731Z,22.06,5.19,1093.6,168.7
2026-09-04T22:51:31.427Z,21.94,5.25,1088.4,175.8
2026-09-04T22:51:45.507Z,22,5.23,1090.7,170.9
2026-09-04T22:52:00.163Z,21.5,5.21,1093.2,173.8
2026-09-04T22:52:14.628Z,21.69,5.25,1089.4,175.6
2026-09-04T22:52:28.708Z,22.12,5.24,1088.4,178.2
2026-09-04T22:52:42.472Z,22.19,5.22,1091,171
2026-09-04T22:52:56.867Z,21.62,5.23,1088.2,180.8
2026-09-04T22:53:10.948Z,22.06,5.21,1093,175.4
2026-09-04T22:53:25.060Z,22.12,5.24,1089.6,174.4
2026-09-04T22:53:39.811Z,22.62,5.22,1092.8,169.1
2026-09-04T22:53:53.539Z,22.62,5.19,1093.2,173.2
2026-09-04T22:54:07.235Z,22.12,5.21,1091,177.2
2026-09-04T22:54:20.931Z,22.06,5.2,1093.4,176
2026-09-04T22:54:34.979Z,21.56,5.19,1092.1,181.8
2026-09-04T22:54:48.996Z,22.06,5.2,1093.1,178.7
2026-09-04T22:55:02.723Z,22,5.24,1088.2,180.2
2026-09-04T22:55:16.419Z,21.88,5.18,1093.2,178.1
2026-09-04T22:55:30.531Z,22.12,5.24,1089,175.7
2026-09-04T22:55:44.611Z,22.12,5.22,1088.8,180.4
2026-09-04T22:55:58.371Z,21.94,5.19,1093.6,174
2026-09-04T22:56:12.387Z,-18.06,5.27,1094,1835
2026-09-04T22:56:27.811Z,-7,5.24,1093.8,417.5
2026-09-04T22:56:42.756Z,0.81,5.29,1089,301.6
2026-09-04T22:56:57.187Z,-0.56,5.28,1091.8,303.9
2026-09-04T22:57:11.267Z,23.38,5.27,1090.2,165
2026-09-04T22:57:24.963Z,22.69,5.28,1092.1,164.6
2026-09-04T22:57:38.691Z,22.31,5.31,1088.9,173.4
2026-09-04T22:57:52.388Z,22.12,5.29,1088.8,170.6
2026-09-04T22:58:06.468Z,22.12,5.22,1093.8,167.7
2026-09-04T22:58:20.067Z,22.19,5.25,1093.9,165.9
2026-09-04T22:58:33.763Z,21.81,5.28,1088.8,171.8
2026-09-04T22:58:47.811Z,21.69,5.26,1090.9,169.6
2026-09-04T22:59:02.691Z,22.25,5.27,1091.6,168.9
2026-09-04T22:59:16.707Z,21.94,5.31,1089.2,167.1
2026-09-04T22:59:30.787Z,22.56,5.3,1090.9,162.4
2026-09-04T22:59:44.547Z,19.94,5.34,1089.3,174.3
2026-09-04T22:59:58.627Z,22.62,5.28,1092.8,163.5
2026-09-04T23:00:13.539Z,22.69,5.29,1094.4,161
2026-09-04T23:00:27.555Z,22.88,5.32,1090.4,160.8
2026-09-04T23:00:41.283Z,23.5,5.31,1094.4,157.7
2026-09-04T23:00:55.012Z,1.25,5.32,1093.8,280.1
2026-09-04T23:01:09.796Z,7.38,5.35,1091.2,228.5
2026-09-04T23:01:23.876Z,2.44,5.34,1094.6,263.5
2026-09-04T23:01:38.339Z,-0.75,5.32,1091.4,302.4
2026-09-04T23:01:52.483Z,7.06,5.35,1092,228.8
2026-09-04T23:02:06.564Z,17.62,5.32,1090.1,180.1
2026-09-04T23:02:20.675Z,23.06,5.3,1092.8,162.7
2026-09-04T23:02:34.307Z,21.12,5.34,1092.4,162.3
2026-09-04T23:02:48.740Z,13.88,5.29,1094.6,192.1
2026-09-04T23:03:02.851Z,11.5,5.37,1089.9,208.9
2026-09-04T23:03:16.996Z,15.56,5.33,1091.8,188.7
2026-09-04T23:03:31.396Z,20.25,5.28,1094.2,167.3
2026-09-04T23:03:45.476Z,25.06,5.29,1092.8,155.3
2026-09-04T23:03:59.620Z,22.38,5.28,1094.2,160.9
2026-09-04T23:04:14.243Z,-46.69,5.31,1091,-552.5
2026-09-04T23:04:28.740Z,7.31,5.31,1094.3,225.1
2026-09-04T23:04:42.756Z,-68.75,5.37,1091,-224
2026-09-04T23:04:57.251Z,-68.75,5.32,1095,-218.7
2026-09-04T23:05:12.068Z,-68.75,5.38,1094.8,-227.5
2026-09-04T23:05:26.692Z,-4.25,5.35,1091.2,348.5
2026-09-04T23:05:40.772Z,11.94,5.33,1094.6,198.1
2026-09-04T23:05:55.908Z,13.94,5.36,1091.5,192.5
2026-09-04T23:06:09.956Z,17.62,5.33,1090.2,177.9
2026-09-04T23:06:24.420Z,23.75,5.27,1094.1,156.3
2026-09-04T23:06:38.115Z,-68.75,5.38,1090.1,-218.9
2026-09-04T23:06:52.580Z,-8.69,5.35,1092,443.3
2026-09-04T23:07:06.660Z,-24.31,5.34,1091.1,1449202.8
2026-09-04T23:07:21.156Z,-67.81,5.38,1090.4,-225
2026-09-04T23:07:35.971Z,-67.81,5.35,1093.5,-229.2
2026-09-04T23:07:50.436Z,-63,5.36,1090,-268.3
2026-09-04T23:08:14.692Z,8.94,5.32,1090.6,221.9
2026-09-04T23:08:28.771Z,10.75,5.33,1093.2,205.5
2026-09-04T23:08:43.204Z,12.06,5.31,1094.4,202
2026-09-04T23:08:57.283Z,-6.19,5.32,1093.6,374.2
2026-09-04T23:09:11.331Z,-6,5.32,1092.2,386.3
2026-09-04T23:09:25.412Z,14,5.29,1094.2,190.4
2026-09-04T23:09:39.524Z,10.75,5.34,1089.2,212.9
2026-09-04T23:09:53.987Z,7.44,5.35,1090.6,229.8
2026-09-04T23:10:07.971Z,13.94,5.35,1090.7,191.6
2026-09-04T23:10:22.051Z,22,5.34,1089.8,160.3
2026-09-04T23:10:35.779Z,22.56,5.32,1094.2,157.7
2026-09-04T23:10:49.955Z,21.88,5.32,1094.3,162.8
2026-09-04T23:11:05.507Z,4.38,5.37,1090.6,244.4
2026-09-04T23:11:19.619Z,-12.12,5.32,1094.3,591
2026-09-04T23:11:43.140Z,-46.12,5.34,1094.8,-546.9
2026-09-04T23:12:05.123Z,6.06,5.3,1094.2,233.8
2026-09-04T23:12:19.587Z,-68.06,5.32,1093.7,-227.4
2026-09-04T23:12:34.051Z,-54.19,5.31,1094.3,-355.1
2026-09-04T23:12:48.484Z,-54.56,5.36,1090,-357.6
2026-09-04T23:13:03.043Z,-35.69,5.35,1091.4,-1653.8
2026-09-04T23:13:17.443Z,-36.62,5.36,1091.2,-1443.8
2026-09-04T23:13:32.387Z,-36.94,5.36,1089.8,-1334.8
2026-09-04T23:13:46.787Z,-38.62,5.37,1090.8,-1115.2
2026-09-04T23:14:01.251Z,-36.69,5.34,1089.3,-1397.1
2026-09-04T23:14:15.747Z,-31.75,5.31,1092.9,-3916.6
2026-09-04T23:14:30.275Z,-36.19,5.31,1094.4,-1469.4
2026-09-04T23:14:45.379Z,-35.81,5.32,1091.3,-1636.7
2026-09-04T23:15:00.452Z,-28.94,5.3,1094.2,-13604
2026-09-04T23:15:14.916Z,-23.06,5.33,1093.1,57059.4
2026-09-04T23:15:29.380Z,-11.12,5.35,1090.5,529.9
2026-09-04T23:15:43.843Z,-28.25,5.32,1094.5,-21955.9
2026-09-04T23:15:58.691Z,-28.62,5.31,1094.5,-16385.6
2026-09-04T23:16:13.219Z,-27.38,5.3,1094.4,-46256
2026-09-04T23:16:27.683Z,-30.94,5.34,1091.2,-5128.9
2026-09-04T23:16:42.884Z,-26.19,5.31,1093.2,-329057
2026-09-04T23:16:57.379Z,-13.31,5.35,1090.7,659.5
2026-09-04T23:17:12.195Z,-15.06,5.32,1093.8,818.9
2026-09-04T23:17:27.459Z,-20.06,5.3,1094.4,3687.8
2026-09-04T23:17:41.987Z,-19.19,5.32,1091.4,2512
2026-09-04T23:17:56.419Z,-20.25,5.36,1089.4,4646.3
2026-09-04T23:18:11.715Z,-18.38,5.3,1094.5,1817.6
2026-09-04T23:18:26.532Z,-19.5,5.34,1094,2762.9
2026-09-04T23:18:41.636Z,-25.69,5.37,1089.8,-1680227.8
2026-09-04T23:18:56.227Z,-27.56,5.36,1091.2,-39654.5
2026-09-04T23:19:10.692Z,2.44,5.33,1094,262
2026-09-04T23:19:24.772Z,6.56,5.34,1091.8,226.2
2026-09-04T23:19:39.235Z,14.56,5.33,1092,183.9
2026-09-04T23:19:53.347Z,17.12,5.29,1094.2,173.4
2026-09-04T23:20:07.396Z,19.19,5.34,1090.4,172.6
2026-09-04T23:20:21.507Z,24,5.3,1092.6,159
2026-09-04T23:20:36.195Z,24.19,5.3,1094,154.2
2026-09-04T23:20:50.243Z,22.31,5.32,1089.9,164.2
2026-09-04T23:21:04.995Z,23.69,5.32,1093,156.5
2026-09-04T23:21:18.660Z,23.62,5.3,1094.1,156.6
2026-09-04T23:21:32.388Z,23.81,5.33,1089.2,158.6
2026-09-04T23:21:46.116Z,23.25,5.28,1094.2,158.6
2026-09-04T23:22:00.227Z,23.31,5.28,1092.4,161.8
2026-09-04T23:22:14.628Z,23.19,5.32,1089.5,165.5
2026-09-04T23:22:28.355Z,23.5,5.32,1090.9,156.5
2026-09-04T23:22:42.147Z,23.38,5.34,1089.9,158.9
2026-09-04T23:22:55.811Z,23.56,5.3,1093.4,159.9
2026-09-04T23:23:09.923Z,23.06,5.34,1089.4,160.2
2026-09-04T23:23:23.619Z,21.94,5.33,1094.2,161.4
2026-09-04T23:23:37.732Z,21,5.31,1092.2,169.7
2026-09-04T23:23:52.740Z,9.12,5.34,1094.2,214.6
2026-09-04T23:24:06.820Z,15.06,5.36,1090.4,190.6
2026-09-04T23:24:21.283Z,21.06,5.36,1090.1,166.5
2026-09-04T23:24:35.396Z,23.88,5.36,1089.6,158
2026-09-04T23:24:49.092Z,23.44,5.32,1094.6,158.3
2026-09-04T23:25:02.819Z,23.88,5.36,1090.3,155.9
2026-09-04T23:25:16.548Z,24.19,5.33,1091.6,156.1
2026-09-04T23:25:30.660Z,24.06,5.35,1091.2,157.1
2026-09-04T23:25:45.283Z,23.88,5.32,1093.8,155.6
2026-09-04T23:25:59.011Z,23,5.35,1091.8,157.9
2026-09-04T23:26:12.740Z,24.38,5.29,1094.4,150.5
2026-09-04T23:26:26.436Z,23.5,5.33,1091.7,158.2
2026-09-04T23:26:41.476Z,23.81,5.32,1094.6,152.3
2026-09-04T23:26:55.235Z,23.38,5.36,1093,159
2026-09-04T23:27:08.964Z,23.94,5.3,1094.2,155.3
2026-09-04T23:27:22.692Z,23.69,5.28,1094.3,156.2
2026-09-04T23:27:36.420Z,12.94,5.35,1091.2,193.6
2026-09-04T23:27:50.852Z,17.19,5.33,1090.6,178.7
2026-09-04T23:28:05.027Z,24,5.32,1092.3,157.3
2026-09-04T23:28:18.692Z,19.94,5.29,1093.6,168.8
2026-09-04T23:28:33.540Z,20.38,5.3,1094.4,163.3
2026-09-04T23:28:48.164Z,19.31,5.31,1094.2,172.3
2026-09-04T23:29:02.660Z,23.94,5.34,1092.9,152.9
2026-09-04T23:29:16.419Z,24.44,5.28,1094.2,151.6
2026-09-04T23:29:30.243Z,24.5,5.29,1094.3,154.8
2026-09-04T23:29:43.972Z,24.44,5.34,1089.6,154.7
2026-09-04T23:29:57.700Z,23.75,5.35,1091.1,155.7
2026-09-04T23:30:12.420Z,24,5.34,1094.2,152.9
2026-09-04T23:30:26.083Z,12.81,5.31,1094.4,193.7
2026-09-04T23:30:40.259Z,-11.81,5.32,1094.6,567.7
2026-09-04T23:30:54.852Z,-17.44,5.32,1094.6,1409.6
2026-09-04T23:31:09.379Z,0.75,5.36,1089.4,287.8
2026-09-04T23:31:23.843Z,-6.56,5.29,1093.6,392.5
2026-09-04T23:31:37.923Z,-9.5,5.34,1093.5,472.7
2026-09-04T23:31:52.996Z,-6.25,5.33,1094.6,379
2026-09-04T23:32:06.980Z,-5,5.33,1094.5,360.2
2026-09-04T23:32:20.995Z,-3.5,5.34,1093.4,340.1
2026-09-04T23:32:35.396Z,9.25,5.31,1094.5,217.6
2026-09-04T23:32:49.475Z,14.44,5.36,1089.8,189.6
2026-09-04T23:33:03.588Z,6.5,5.35,1089.8,234.2
2026-09-04T23:33:17.732Z,-37.31,5.37,1089.8,-1285.5
2026-09-04T23:33:32.195Z,-25.19,5.34,1094.4,-70079691.8
2026-09-04T23:33:47.044Z,-22.25,5.32,1094.6,19430.2
2026-09-04T23:34:01.571Z,-7.19,5.32,1092.2,411.2
2026-09-04T23:34:15.843Z,-6.06,5.35,1093.2,381.1
2026-09-04T23:34:30.052Z,-5.44,5.36,1090.4,369.7
2026-09-04T23:34:44.099Z,-9.19,5.33,1092,458
2026-09-04T23:34:58.627Z,-0.94,5.35,1092.8,297
2026-09-04T23:35:13.476Z,11.56,5.36,1089.6,203.2
2026-09-04T23:35:27.684Z,7,5.35,1091.4,228.2
2026-09-04T23:35:41.796Z,17.25,5.32,1094.4,177.8
2026-09-04T23:35:55.908Z,-25.38,5.34,1093.4,-9366315.9
2026-09-04T23:36:10.755Z,-19,5.34,1094.6,2228.5
2026-09-04T23:36:25.219Z,-24.81,5.32,1094.6,67894999.6
2026-09-04T23:36:39.715Z,-20.25,5.37,1089.7,4204.9
2026-09-04T23:36:54.820Z,-15.81,5.32,1094.6,964.6
2026-09-04T23:37:09.251Z,0.44,5.36,1089.6,286
2026-09-04T23:37:23.716Z,12.06,5.34,1094.6,197
2026-09-04T23:37:37.764Z,19.62,5.37,1091.2,167.5
2026-09-04T23:37:51.907Z,22.81,5.36,1093,157.4
2026-09-04T23:38:06.403Z,-15.5,5.35,1092,916.7
2026-09-04T23:38:29.699Z,-29.88,5.36,1094.8,-7827.8
2026-09-04T23:38:44.644Z,-5.94,5.34,1094.6,373.8
2026-09-04T23:38:58.756Z,-7.81,5.35,1094.7,411.6
2026-09-04T23:39:13.860Z,-11.25,5.36,1091.8,545.9
2026-09-04T23:39:28.452Z,7.38,5.33,1094.6,223.7
2026-09-04T23:39:42.532Z,12.62,5.38,1089.6,197
2026-09-04T23:39:57.027Z,12.38,5.38,1091,203
2026-09-04T23:40:12.291Z,17.5,5.37,1094.8,172.7
2026-09-04T23:40:26.404Z,21.25,5.39,1090.1,163
2026-09-04T23:40:40.484Z,24.38,5.4,1090.8,152.5
2026-09-04T23:40:54.371Z,17,5.38,1094,173.3
2026-09-04T23:41:08.772Z,-68.75,5.4,1090.8,-219.9
2026-09-04T23:41:23.235Z,-31.5,5.37,1094.8,-4092.8
2026-09-04T23:41:37.732Z,-5.38,5.34,1094.6,353.8
2026-09-04T23:41:53.507Z,0.06,5.34,1094.2,283.8
2026-09-04T23:42:15.971Z,-0.5,5.32,1094.5,289
2026-09-04T23:42:30.435Z,-0.44,5.36,1091.4,290.5
2026-09-04T23:42:44.579Z,15.69,5.36,1091.2,180.6
2026-09-04T23:42:58.723Z,24.25,5.34,1092.4,155.5
2026-09-04T23:43:13.251Z,19.44,5.37,1090.2,168.5
2026-09-04T23:43:27.363Z,-10.12,5.34,1092.8,492.1
2026-09-04T23:43:41.891Z,24,5.38,1091.8,152
2026-09-04T23:43:55.780Z,18.44,5.38,1091.7,169.6
2026-09-04T23:44:09.860Z,16.81,5.37,1089.8,179.5
2026-09-04T23:44:23.844Z,14.75,5.36,1092,186.8
2026-09-04T23:44:38.020Z,19.75,5.36,1090.6,167.2
2026-09-04T23:44:53.219Z,22.12,5.31,1093.1,162.3
2026-09-04T23:45:06.948Z,19.44,5.35,1089.5,170.5
2026-09-04T23:45:21.059Z,17.31,5.33,1094.4,175.2
2026-09-04T23:45:35.203Z,22.88,5.35,1091.6,153.2
2026-09-04T23:45:49.028Z,24.44,5.28,1094.3,152.6
2026-09-04T23:46:03.108Z,23.62,5.3,1093.5,155
2026-09-04T23:46:16.803Z,20.25,5.32,1094,164.6
2026-09-04T23:46:31.683Z,19.69,5.34,1089.6,167.4
2026-09-04T23:46:45.795Z,19.81,5.31,1094.2,163.4
2026-09-04T23:47:01.156Z,23.56,5.31,1092.1,155.3
2026-09-04T23:47:15.235Z,24.06,5.32,1094.4,152.1
2026-09-04T23:47:28.932Z,23.69,5.32,1094.5,156
2026-09-04T23:47:43.140Z,22.94,5.34,1093.2,155.1
2026-09-04T23:47:56.899Z,22.56,5.32,1094.6,158.7
2026-09-04T23:48:11.399Z,22.19,5.36,1091.6,160.2
2026-09-04T23:48:25.507Z,21.5,5.29,1094.5,162.4
2026-09-04T23:48:39.523Z,22,5.32,1093.1,163.1
2026-09-04T23:48:53.283Z,22.06,5.33,1094.4,157
2026-09-04T23:49:07.076Z,22,5.33,1094,155.9
2026-09-04T23:49:20.804Z,22.06,5.32,1094.6,162.2
2026-09-04T23:49:34.884Z,21.5,5.3,1094.3,164.7
2026-09-04T23:49:49.060Z,22.06,5.33,1092.5,164.8
2026-09-04T23:50:02.788Z,21.94,5.35,1089.2,160.2
2026-09-04T23:50:16.900Z,21.94,5.32,1093.7,161.6
2026-09-04T23:50:30.980Z,22.25,5.32,1093.8,160.5
2026-09-04T23:50:45.060Z,22.06,5.29,1093.1,163
2026-09-04T23:50:58.787Z,22.44,5.33,1089.8,164.3
2026-09-04T23:51:12.580Z,22.5,5.32,1090.6,161.6
2026-09-04T23:51:26.275Z,20.62,5.28,1094.4,166.7
2026-09-04T23:51:40.355Z,-1.75,5.29,1094.2,308.2
2026-09-04T23:51:54.724Z,21.56,5.31,1092.8,162
2026-09-04T23:52:08.836Z,24.12,5.32,1089.6,157.1
2026-09-04T23:52:22.532Z,24.38,5.32,1090.8,153.8
2026-09-04T23:52:36.195Z,24.25,5.31,1090.8,159.5
2026-09-04T23:52:49.892Z,23.88,5.28,1094.2,154.9
2026-09-04T23:53:03.972Z,23.56,5.28,1093,160.3
2026-09-04T23:53:18.532Z,23.69,5.26,1092.4,162.4
2026-09-04T23:53:32.227Z,23.06,5.32,1089.3,160.9
2026-09-04T23:53:45.924Z,23.69,5.32,1089.4,158.8
2026-09-04T23:54:00.355Z,23.25,5.29,1090.6,162.2
2026-09-04T23:54:14.500Z,22.94,5.31,1092,161.1
2026-09-04T23:54:28.195Z,22.44,5.3,1092.6,160.2
2026-09-04T23:54:41.891Z,22,5.27,1094.2,161.3
2026-09-04T23:54:55.619Z,22.06,5.27,1094.2,164.8
2026-09-04T23:55:09.315Z,21.62,5.29,1094.2,166.5
2026-09-04T23:55:23.747Z,22.31,5.31,1093.6,160.9
2026-09-04T23:55:39.140Z,22.12,5.29,1094.6,163.3
2026-09-04T23:55:52.868Z,21.62,5.36,1089.6,167.7
2026-09-04T23:56:06.948Z,21.94,5.3,1094.6,164.3
2026-09-04T23:56:21.059Z,22.25,5.3,1094.6,158.6
2026-09-04T23:56:35.139Z,23.88,5.33,1094.6,155.1
2026-09-04T23:56:48.836Z,17,5.33,1095,179.4
2026-09-04T23:57:02.916Z,23.12,5.3,1094.4,156.1
2026-09-04T23:57:16.516Z,22.94,5.31,1093.6,158.1
2026-09-04T23:57:30.179Z,22.69,5.3,1090.2,164.6
2026-09-04T23:57:44.291Z,22.75,5.3,1094.2,157.2
2026-09-04T23:57:57.988Z,22.69,5.32,1091.2,160.9
2026-09-04T23:58:11.748Z,23.69,5.29,1093.6,159.1
2026-09-04T23:58:25.507Z,22.62,5.29,1093.6,162.6
2026-09-04T23:58:39.203Z,22.25,5.29,1092.4,165.3
2026-09-04T23:58:54.339Z,23.88,5.33,1092.6,154.6
2026-09-04T23:59:08.387Z,22.19,5.33,1091,161.9
2026-09-04T23:59:22.404Z,22.62,5.31,1094.6,159.7
2026-09-04T23:59:36.100Z,22.38,5.35,1091.2,161
2026-09-04T23:59:49.828Z,23.12,5.33,1093.3,158.8
2026-09-05T00:00:03.908Z,23.12,5.34,1089.5,160.3
2026-09-05T00:00:17.571Z,22.69,5.34,1089.6,162.6
2026-09-05T00:00:31.299Z,22.69,5.3,1092.3,161.3
2026-09-05T00:00:45.028Z,22.56,5.33,1090.2,163.7
2026-09-05T00:00:58.723Z,22.56,5.29,1094.2,160
2026-09-05T00:01:12.867Z,22.56,5.27,1094.4,161.1
2026-09-05T00:01:26.531Z,22.06,5.32,1090.8,160.9
2026-09-05T00:01:40.259Z,22.19,5.3,1093.6,158.5
2026-09-05T00:01:53.987Z,22.25,5.3,1094.4,161
2026-09-05T00:02:07.651Z,22.12,5.27,1094.5,164.6
2026-09-05T00:02:21.731Z,24.19,5.33,1093.6,155.9
2026-09-05T00:02:35.395Z,22.38,5.32,1094.5,163.5
2026-09-05T00:02:49.091Z,21.56,5.32,1093.3,165.6
2026-09-05T00:03:03.523Z,21.44,5.29,1094.3,164.2
2026-09-05T00:03:17.603Z,22.06,5.27,1093.8,163.4
2026-09-05T00:03:32.131Z,22.19,5.27,1094.2,162.2
2026-09-05T00:03:45.859Z,21.94,5.28,1091.1,168.6
2026-09-05T00:03:59.971Z,22.12,5.29,1090.3,165.9
2026-09-05T00:04:14.371Z,22.06,5.33,1090.6,164.6
2026-09-05T00:04:28.035Z,22.19,5.28,1094.6,164.7
2026-09-05T00:04:42.051Z,22.62,5.33,1090.8,165.4
2026-09-05T00:04:55.747Z,24.19,5.26,1093.6,156.6
2026-09-05T00:05:09.443Z,23.19,5.25,1092,162.6
2026-09-05T00:05:23.171Z,22.31,5.21,1093.8,164.3
2026-09-05T00:05:36.900Z,22.12,5.21,1094,167.7
2026-09-05T00:05:50.915Z,22.25,5.27,1090,167.9
2026-09-05T00:06:04.675Z,22.31,5.24,1094,167.2
2026-09-05T00:06:18.404Z,21.56,5.23,1094,164.5
2026-09-05T00:06:33.795Z,22.31,5.27,1089.5,169.4
2026-09-05T00:06:47.491Z,22.19,5.27,1090.7,166
2026-09-05T00:07:01.571Z,22.12,5.22,1094.1,164.5
2026-09-05T00:07:16.003Z,22.12,5.28,1089.2,172.4
2026-09-05T00:07:29.700Z,22.38,5.24,1094.2,165.9
2026-09-05T00:07:43.427Z,22.31,5.29,1089.7,168.3
2026-09-05T00:07:57.092Z,22.25,5.28,1090.6,169.2
2026-09-05T00:08:11.203Z,22.5,5.25,1094.2,164
2026-09-05T00:08:24.900Z,22.19,5.23,1093.2,169.8
2026-09-05T00:08:38.595Z,22.12,5.26,1090.4,170.8
2026-09-05T00:08:52.355Z,22,5.27,1090.8,167.4
2026-09-05T00:09:06.884Z,22.06,5.24,1094.2,165.9
2026-09-05T00:09:20.963Z,22.19,5.29,1089.6,167.8
2026-09-05T00:09:34.691Z,22.19,5.24,1092.8,171.4
2026-09-05T00:09:48.387Z,21.5,5.28,1091.4,166.6
2026-09-05T00:10:10.531Z,22,5.26,1093.6,163.5
2026-09-05T00:10:24.643Z,22.38,5.24,1092,170.5
2026-09-05T00:10:40.739Z,22.44,5.26,1094.2,163.1
2026-09-05T00:10:54.500Z,24.19,5.29,1089.4,161.2
2026-09-05T00:11:12.420Z,23.06,5.28,1094.2,161.9
2026-09-05T00:11:26.472Z,23.62,5.3,1089.4,164.5
2026-09-05T00:11:40.195Z,21.56,5.24,1094.2,169.6
2026-09-05T00:11:54.275Z,22.12,5.23,1094.1,165.9
2026-09-05T00:12:08.004Z,21.94,5.25,1094.1,163.3
2026-09-05T00:12:30.627Z,22.19,5.27,1093,163.6
2026-09-05T00:12:44.707Z,22.31,5.24,1093.4,164.8
2026-09-05T00:12:58.435Z,22.06,5.28,1092.6,166.9
2026-09-05T00:13:13.027Z,22.06,5.25,1094.4,169.5
2026-09-05T00:13:26.787Z,22,5.25,1092.4,170
2026-09-05T00:13:40.483Z,23.31,5.3,1091.2,160.9
2026-09-05T00:13:54.563Z,-5.75,5.33,1090.1,383.2
2026-09-05T00:14:09.572Z,-1.69,5.32,1094.8,313.2
2026-09-05T00:14:23.747Z,22.88,5.3,1092.4,162.4
2026-09-05T00:14:38.307Z,21.62,5.27,1091.8,171.1
2026-09-05T00:14:52.420Z,22.19,5.25,1093.6,168.3
2026-09-05T00:15:06.531Z,22.12,5.29,1089.6,165.2
2026-09-05T00:15:20.227Z,22.12,5.29,1090.8,165
2026-09-05T00:15:34.787Z,18.69,5.26,1092.4,178.9
2026-09-05T00:15:48.900Z,23.19,5.28,1094.2,164.1
2026-09-05T00:16:03.011Z,23.25,5.29,1091,162.9
2026-09-05T00:16:17.155Z,22.75,5.25,1094.2,161.3
2026-09-05T00:16:30.820Z,22.19,5.29,1093,163.8
2026-09-05T00:16:44.484Z,22.31,5.28,1094.3,162.9
2026-09-05T00:16:58.243Z,22.19,5.28,1090,169.2
2026-09-05T00:17:11.940Z,21.56,5.24,1092.8,169.6
2026-09-05T00:17:26.471Z,22.06,5.25,1094.3,164.7
2026-09-05T00:17:40.195Z,22.12,5.28,1092.4,166
2026-09-05T00:17:53.859Z,-32,5.33,1090.8,-3919.7
2026-09-05T00:18:18.148Z,-61.88,5.35,1094.5,-273.9
2026-09-05T00:18:32.996Z,-68.75,5.36,1094.4,-223.1
2026-09-05T00:18:47.459Z,-68.75,5.35,1093.4,-228
2026-09-05T00:19:01.988Z,-68.75,5.37,1091.7,-226.1
2026-09-05T00:19:16.419Z,-68.75,5.33,1095.1,-224.7
2026-09-05T00:19:30.884Z,-62.94,5.34,1092,-267.7
2026-09-05T00:19:45.604Z,23.69,5.3,1093.9,159.1
2026-09-05T00:19:59.331Z,22.25,5.3,1092,163.4
2026-09-05T00:20:13.092Z,22.75,5.33,1089.8,161.1
2026-09-05T00:20:26.852Z,22.44,5.34,1090.2,162.2
2026-09-05T00:20:40.548Z,24,5.34,1090.2,157.7
2026-09-05T00:20:54.596Z,23.5,5.29,1091.6,162
2026-09-05T00:21:08.291Z,22.88,5.3,1092.9,163.2
2026-09-05T00:21:21.956Z,23.06,5.27,1094.5,163.6
2026-09-05T00:21:35.652Z,23.12,5.29,1093.4,164.9
2026-09-05T00:21:49.347Z,22.88,5.27,1093,163.8
2026-09-05T00:22:03.396Z,22.75,5.31,1091.6,162.5
2026-09-05T00:22:17.092Z,22.5,5.32,1089.8,165.3
2026-09-05T00:22:31.267Z,22.19,5.32,1090.4,162.8
2026-09-05T00:22:44.995Z,22.12,5.3,1093,164.2
2026-09-05T00:22:58.755Z,22.38,5.29,1092.6,161.9
2026-09-05T00:23:12.836Z,22.25,5.31,1091.2,161.7
2026-09-05T00:23:26.564Z,21.88,5.27,1093.2,166.9
2026-09-05T00:23:40.740Z,22.44,5.3,1089.4,169.6
2026-09-05T00:23:55.107Z,22.06,5.28,1089.7,168.3
2026-09-05T00:24:08.867Z,22.19,5.21,1093.8,165.9
2026-09-05T00:24:23.172Z,22.25,5.25,1090,169.4
2026-09-05T00:24:36.868Z,22.12,5.27,1090.6,168.8
2026-09-05T00:24:50.723Z,21.56,5.26,1091.8,173.7
2026-09-05T00:25:04.868Z,22.12,5.21,1093.8,172.3
2026-09-05T00:25:19.524Z,22.19,5.25,1090.3,170.1
2026-09-05T00:25:33.700Z,22.12,5.23,1092.9,173
2026-09-05T00:25:48.420Z,21.44,5.26,1089.8,175.3
2026-09-05T00:26:03.140Z,19.44,5.25,1091,183.2
2026-09-05T00:26:17.251Z,23.25,5.24,1093.3,165.3
2026-09-05T00:26:30.980Z,22.56,5.24,1091,170.2
2026-09-05T00:26:45.091Z,22.25,5.21,1089.4,183.8
2026-09-05T00:26:59.811Z,21.44,5.25,1089.1,181.2
2026-09-05T00:27:13.860Z,21.44,5.19,1091.8,182
2026-09-05T00:27:27.939Z,22.19,5.21,1090.2,176.4
2026-09-05T00:27:41.731Z,22.56,5.2,1091.6,172.3
2026-09-05T00:27:55.811Z,22.06,5.19,1091.4,176.5
2026-09-05T00:28:09.507Z,22.44,5.19,1093,178.4
2026-09-05T00:28:23.235Z,-2.56,5.25,1090.4,358
2026-09-05T00:28:37.315Z,22.12,5.17,1093.8,178.3
2026-09-05T00:28:51.012Z,22.19,5.24,1089.4,185.9
2026-09-05T00:29:05.091Z,22.19,5.21,1093,178
2026-09-05T00:29:18.788Z,21.56,5.2,1093.5,182.8
2026-09-05T00:29:33.315Z,22.12,5.19,1093.8,179.4
2026-09-05T00:29:47.011Z,21.62,5.18,1093.8,181.1
2026-09-05T00:30:01.124Z,23.94,5.27,1090,173.3
2026-09-05T00:30:15.267Z,24.62,5.23,1094.3,164
2026-09-05T00:30:28.931Z,22.38,5.24,1094.4,170.4
2026-09-05T00:30:42.659Z,23.25,5.28,1092.9,164.8
2026-09-05T00:30:56.388Z,24.62,5.3,1090,163.9
2026-09-05T00:31:10.660Z,22.12,5.29,1090.8,172.4
2026-09-05T00:31:24.739Z,22.12,5.29,1091.2,172.8
2026-09-05T00:31:38.884Z,22.12,5.25,1094.4,171.4
2026-09-05T00:31:52.644Z,11.31,5.3,1090.1,217.1
2026-09-05T00:32:06.724Z,-58.5,5.33,1092.4,-315.4
2026-09-05T00:32:21.219Z,23.75,5.29,1093.4,165.9
2026-09-05T00:32:35.428Z,-4.31,5.28,1094.7,361
2026-09-05T00:32:50.275Z,-5.75,5.3,1093.9,401.4
2026-09-05T00:33:04.359Z,16.56,5.28,1094.6,183.1
2026-09-05T00:33:18.532Z,21.88,5.31,1092.8,167
2026-09-05T00:33:32.740Z,23.19,5.32,1091.6,163.5
2026-09-05T00:33:46.948Z,-0.69,5.34,1091.8,302.8
2026-09-05T00:34:01.028Z,-13.44,5.34,1091.2,733.4
2026-09-05T00:34:15.556Z,4.56,5.3,1093,256.6
2026-09-05T00:34:30.468Z,4.06,5.31,1093.2,255.3
2026-09-05T00:34:44.516Z,15.25,5.33,1090.8,193.2
2026-09-05T00:34:59.012Z,22.12,5.31,1090.8,166.3
2026-09-05T00:35:12.740Z,23.75,5.32,1092,161.7
2026-09-05T00:35:26.472Z,22.81,5.34,1091.6,163.2
2026-09-05T00:35:40.259Z,21.62,5.32,1094.2,166
2026-09-05T00:35:55.204Z,22.94,5.32,1094.6,159.7
2026-09-05T00:36:09.347Z,21.88,5.32,1094.4,169.1
2026-09-05T00:36:23.523Z,22.06,5.32,1091.4,168.7
2026-09-05T00:36:37.219Z,22.69,5.33,1090.2,163.7
2026-09-05T00:36:50.851Z,23.56,5.32,1090,166.7
2026-09-05T00:37:04.675Z,22.44,5.3,1091.8,171.8
2026-09-05T00:37:18.820Z,22.31,5.3,1089.8,170.2
2026-09-05T00:37:32.579Z,22.12,5.3,1091.2,170.5
2026-09-05T00:37:46.723Z,21.62,5.33,1091,171.5
2026-09-05T00:38:00.804Z,22.19,5.32,1091,167.9
2026-09-05T00:38:15.396Z,22.12,5.3,1094.6,164.2
2026-09-05T00:38:29.764Z,22.12,5.32,1093.8,167.2
2026-09-05T00:38:43.492Z,22.12,5.33,1092.2,163.6
2026-09-05T00:38:57.251Z,22.06,5.3,1094.6,167.8
2026-09-05T00:39:11.556Z,22.06,5.33,1090,172.1
2026-09-05T00:39:25.284Z,21.56,5.33,1090,173.2
2026-09-05T00:39:40.355Z,21.56,5.3,1094.6,164.9
2026-09-05T00:39:55.524Z,22.19,5.34,1090.2,169.4
2026-09-05T00:40:09.219Z,22.19,5.29,1093.2,163.8
2026-09-05T00:40:22.948Z,22.12,5.29,1093,166.1
2026-09-05T00:40:36.675Z,22.19,5.3,1091.6,165.1
2026-09-05T00:40:50.819Z,22.06,5.3,1090.2,169.2
2026-09-05T00:41:04.548Z,22.06,5.29,1092.6,166.1
2026-09-05T00:41:18.243Z,22.12,5.26,1093.6,170.6
2026-09-05T00:41:32.131Z,24.5,5.28,1092.4,161.2
2026-09-05T00:41:45.891Z,22.94,5.28,1092.4,163.6
2026-09-05T00:41:59.971Z,24.12,5.27,1094.6,157.4
2026-09-05T00:42:13.700Z,-20.12,5.3,1089.8,4662.6
2026-09-05T00:42:37.475Z,22.25,5.26,1093.8,170.8
2026-09-05T00:42:59.203Z,22.19,5.26,1094.1,170.3
2026-09-05T00:43:13.283Z,22.19,5.23,1094.2,170.2
2026-09-05T00:43:27.012Z,13.94,5.27,1094.1,205.5
2026-09-05T00:43:41.124Z,14.31,5.3,1089.8,200.6
2026-09-05T00:43:55.267Z,9.38,5.25,1094.4,227.3
2026-09-05T00:44:09.315Z,-6.44,5.32,1090.2,415.8
2026-09-05T00:44:23.843Z,-9.81,5.29,1094.8,496.4
2026-09-05T00:44:37.924Z,-25.12,5.29,1094.5,-315042385.8
2026-09-05T00:44:52.483Z,8.81,5.28,1094.8,223.1
2026-09-05T00:45:06.564Z,-15.75,5.35,1090.2,1072.8
2026-09-05T00:45:21.059Z,-30.31,5.35,1091,-7334.3
2026-09-05T00:45:35.971Z,-36.81,5.31,1094.8,-1359.3
2026-09-05T00:45:50.691Z,-12.69,5.33,1092.8,622.6
2026-09-05T00:46:05.603Z,-22.06,5.33,1092,19003.1
2026-09-05T00:46:20.163Z,3,5.3,1094.6,266.9
2026-09-05T00:46:34.371Z,6.88,5.31,1091,241.3
2026-09-05T00:46:48.867Z,16.5,5.32,1091,188
2026-09-05T00:47:02.916Z,21,5.31,1094.7,169.4
2026-09-05T00:47:16.995Z,-17,5.34,1090.2,1387.8
2026-09-05T00:47:31.492Z,-34.94,5.36,1090.4,-1924.8
2026-09-05T00:47:46.019Z,4.81,5.26,1094,253.4
2026-09-05T00:48:00.515Z,-12.25,5.34,1094.2,602.2
2026-09-05T00:48:15.043Z,18,5.32,1091,184.9
2026-09-05T00:48:29.155Z,23.38,5.33,1090.3,164.2
2026-09-05T00:48:42.852Z,24.38,5.31,1094.8,156.5
2026-09-05T00:48:56.611Z,23.69,5.3,1092.8,162.4
2026-09-05T00:49:10.692Z,23,5.31,1094.7,160.4
2026-09-05T00:49:24.388Z,23.94,5.3,1094.8,159.4
2026-09-05T00:49:38.211Z,-15.88,5.35,1092.2,994.4
2026-09-05T00:50:01.763Z,17.56,5.29,1094.9,180.4
2026-09-05T00:50:16.291Z,11.12,5.3,1094.8,209
2026-09-05T00:50:30.371Z,22.56,5.33,1092.8,166.6
2026-09-05T00:50:44.099Z,20.19,5.3,1094.1,174.3
2026-09-05T00:50:58.211Z,15.69,5.32,1093.3,187.3
2026-09-05T00:51:13.251Z,15.12,5.29,1092.8,191.9
2026-09-05T00:51:27.684Z,11.25,5.33,1092,209.4
2026-09-05T00:51:41.827Z,19.75,5.34,1092.4,172.5
2026-09-05T00:51:55.940Z,23.94,5.34,1094.8,157.7
2026-09-05T00:52:09.795Z,23,5.36,1090.4,162.7
2026-09-05T00:52:23.555Z,24.06,5.37,1091.4,158.8
2026-09-05T00:52:38.307Z,22.69,5.35,1093,164.3
2026-09-05T00:52:52.035Z,23.75,5.31,1095,158
2026-09-05T00:53:05.763Z,23.81,5.34,1095,157
2026-09-05T00:53:19.524Z,23.25,5.36,1093.4,159.6
2026-09-05T00:53:33.251Z,24,5.35,1094.5,156.4
2026-09-05T00:53:47.331Z,8.38,5.36,1094.5,222.7
2026-09-05T00:54:01.315Z,18.25,5.34,1094.9,180.1
2026-09-05T00:54:15.428Z,18.88,5.37,1090.8,176.3
2026-09-05T00:54:29.508Z,17.5,5.35,1091.6,177.8
2026-09-05T00:54:43.556Z,21.44,5.33,1094.6,164.1
2026-09-05T00:54:58.052Z,24.31,5.31,1093,162.1
2026-09-05T00:55:11.780Z,23.88,5.3,1092.6,163.2
2026-09-05T00:55:25.604Z,23.19,5.27,1094.4,165.7
2026-09-05T00:55:39.363Z,24.06,5.28,1092,166.2
2026-09-05T00:55:53.091Z,4.56,5.31,1092.8,252.4
2026-09-05T00:56:07.491Z,24.06,5.33,1092.1,161.9
2026-09-05T00:56:21.187Z,-11.44,5.31,1094.7,560.2
2026-09-05T00:56:36.548Z,2.81,5.33,1090.3,269.1
2026-09-05T00:56:50.595Z,-28.25,5.33,1094.1,-21756.7
2026-09-05T00:57:05.060Z,-58.69,5.34,1091.6,-319.1
2026-09-05T00:57:20.676Z,-64.81,5.38,1091.5,-259.7
2026-09-05T00:57:35.076Z,-27,5.32,1094.7,-83502.8
2026-09-05T00:57:49.540Z,-15.56,5.31,1092.2,1021.7
2026-09-05T00:58:04.804Z,-5.62,5.3,1091.8,388.2
2026-09-05T00:58:18.852Z,-3.69,5.3,1091.2,358.4
2026-09-05T00:58:33.251Z,22.44,5.31,1089.7,169.3
2026-09-05T00:58:46.948Z,20.5,5.31,1090.8,172.1
2026-09-05T00:59:01.028Z,19.44,5.31,1091.6,176.2
2026-09-05T00:59:15.140Z,7.06,5.27,1094.6,238.3
2026-09-05T00:59:29.219Z,-0.12,5.26,1094.4,297.9
2026-09-05T00:59:43.780Z,2.12,5.29,1093.4,283.2
2026-09-05T00:59:57.860Z,9.69,5.26,1094.4,225.6
2026-09-05T01:00:12.036Z,6.25,5.3,1093.6,247.4
2026-09-05T01:00:26.052Z,20.75,5.31,1090.8,176.3
2026-09-05T01:00:40.132Z,24.12,5.27,1094.6,163.5
2026-09-05T01:00:55.139Z,-7.44,5.34,1090.5,426.7
2026-09-05T01:01:09.219Z,-16.69,5.3,1094,1231.9
2026-09-05T01:01:23.683Z,-0.56,5.32,1094.6,306
2026-09-05T01:01:37.731Z,-4.56,5.29,1094.6,362.3
2026-09-05T01:01:51.843Z,-2.69,5.31,1094.4,331.5
2026-09-05T01:02:07.044Z,5.06,5.3,1093.4,251.5
2026-09-05T01:02:21.155Z,20.38,5.29,1094.6,171
2026-09-05T01:02:35.172Z,22.75,5.32,1091.6,167.9
2026-09-05T01:02:49.859Z,23.19,5.3,1094.4,163.5
2026-09-05T01:03:03.555Z,-4,5.32,1094.7,348.9
2026-09-05T01:03:18.051Z,-26.56,5.37,1090.8,-177760.2
2026-09-05T01:03:32.611Z,5.56,5.32,1092.4,250.3
2026-09-05T01:03:46.692Z,8.62,5.32,1094.4,226.2
2026-09-05T01:04:00.772Z,17.19,5.35,1090.8,188.6
2026-09-05T01:04:14.947Z,16.44,5.33,1094.5,186.3
2026-09-05T01:04:29.347Z,23.94,5.33,1090,165.3
2026-09-05T01:04:42.980Z,22.38,5.33,1091.8,163.7
2026-09-05T01:04:57.028Z,21.38,5.3,1093.1,167.9
2026-09-05T01:05:11.843Z,16.56,5.37,1090.6,185.1
2026-09-05T01:05:26.019Z,8.19,5.33,1095.2,229
2026-09-05T01:05:40.483Z,15.19,5.33,1093.1,189.3
2026-09-05T01:05:54.627Z,15.44,5.3,1093.5,193.4
2026-09-05T01:06:09.475Z,23.88,5.34,1092.8,155.6
2026-09-05T01:06:23.203Z,23.5,5.34,1093.5,157.3
2026-09-05T01:06:37.411Z,23.75,5.32,1094.3,156.4
2026-09-05T01:06:51.395Z,23.12,5.34,1093.8,156.9
2026-09-05T01:07:05.059Z,22.06,5.36,1092.4,162.4
2026-09-05T01:07:18.787Z,22.25,5.32,1094.7,163.2
2026-09-05T01:07:32.547Z,22.06,5.34,1092.2,165.6
2026-09-05T01:07:46.243Z,22.5,5.31,1094.6,164.6
2026-09-05T01:08:00.291Z,23.38,5.31,1093.3,162.3
2026-09-05T01:08:14.019Z,24.44,5.3,1091.6,161.2
2026-09-05T01:08:27.716Z,22.19,5.3,1094.5,162.6
2026-09-05T01:08:41.411Z,21.56,5.3,1092.8,169.1
2026-09-05T01:08:55.491Z,21.56,5.29,1094.4,163.7
2026-09-05T01:09:09.987Z,23.25,5.31,1091.3,164.9
2026-09-05T01:09:23.684Z,24.19,5.3,1094.6,155.1
2026-09-05T01:09:37.444Z,23.06,5.3,1093,163.1
2026-09-05T01:09:51.140Z,22.12,5.3,1094.7,164.8
2026-09-05T01:10:04.771Z,21.75,5.3,1094.5,167.4
2026-09-05T01:10:19.204Z,22.88,5.35,1091.2,160.9
2026-09-05T01:10:32.900Z,22.38,5.33,1092.8,164.5
2026-09-05T01:10:46.692Z,23.25,5.33,1093.4,163.3
2026-09-05T01:11:00.451Z,24.19,5.3,1093.3,161.5
2026-09-05T01:11:14.147Z,23.44,5.31,1089.7,164.7
2026-09-05T01:11:28.291Z,22,5.24,1094.2,170.7
2026-09-05T01:11:42.339Z,-9.94,5.31,1092.4,499.2
2026-09-05T01:11:56.515Z,-47,5.3,1093.8,-552
2026-09-05T01:12:10.915Z,4.25,5.31,1090.4,262.2
2026-09-05T01:12:25.060Z,14.75,5.29,1094.6,193.2
2026-09-05T01:12:51.427Z,19.75,5.29,1092.2,182
2026-09-05T01:13:13.924Z,23.44,5.29,1089.8,165.3
2026-09-05T01:13:27.620Z,24.31,5.24,1094.4,158.5
2026-09-05T01:13:41.731Z,22.25,5.28,1091.8,169.2
2026-09-05T01:13:55.428Z,19.5,5.27,1094.4,179.4
2026-09-05T01:14:09.507Z,-13.69,5.28,1094.8,735.2
2026-09-05T01:14:24.548Z,-2.94,5.32,1091.9,341.4
2026-09-05T01:14:38.660Z,-4.94,5.33,1090.6,376.6
2026-09-05T01:14:53.156Z,8.38,5.32,1091.5,228
2026-09-05T01:15:07.396Z,13.19,5.31,1091,203.8
2026-09-05T01:15:21.444Z,23.06,5.3,1091.7,167.1
2026-09-05T01:15:35.140Z,13.06,5.28,1093.6,204.9
2026-09-05T01:15:49.763Z,10.56,5.32,1090.9,219.3
2026-09-05T01:16:04.195Z,-41.19,5.34,1092.5,-845.7
2026-09-05T01:16:18.692Z,6.12,5.28,1094.7,239.3
2026-09-05T01:16:32.708Z,-2.06,5.3,1094.8,321
2026-09-05T01:16:46.755Z,8.94,5.32,1093,223.1
2026-09-05T01:17:00.835Z,6.56,5.31,1091,247.3
2026-09-05T01:17:15.203Z,9.75,5.31,1091.8,223.5
2026-09-05T01:17:29.219Z,21.06,5.33,1091.6,169.6
2026-09-05T01:17:43.299Z,24,5.3,1091.4,163.9
2026-09-05T01:17:56.995Z,13.25,5.31,1094.2,201.9
2026-09-05T01:18:11.043Z,1.06,5.33,1092.6,277
2026-09-05T01:18:25.507Z,-6.12,5.34,1091.5,385
2026-09-05T01:18:39.459Z,-6.06,5.3,1093,396.1
2026-09-05T01:18:53.539Z,-2.94,5.3,1094.8,327.2
2026-09-05T01:19:07.555Z,-0.5,5.3,1094.6,308.1
2026-09-05T01:19:22.403Z,15.31,5.3,1094.4,188.7
2026-09-05T01:19:36.867Z,19.19,5.34,1092.1,172.2
2026-09-05T01:19:51.619Z,13.5,5.32,1094.4,193.3
2026-09-05T01:20:05.732Z,-3.88,5.3,1094.9,352.4
2026-09-05T01:20:19.844Z,-5.75,5.33,1093.4,383.5
2026-09-05T01:20:33.956Z,1.31,5.35,1090.6,285.2
2026-09-05T01:20:48.355Z,8.5,5.35,1091.8,227.6
2026-09-05T01:21:02.403Z,8.06,5.31,1093.7,230
2026-09-05T01:21:16.547Z,18.06,5.34,1090.2,181.9
2026-09-05T01:21:30.691Z,23.56,5.33,1091.9,161.1
2026-09-05T01:21:44.484Z,24.5,5.28,1094.9,157.5
2026-09-05T01:21:58.564Z,23.38,5.35,1092,160.2
2026-09-05T01:22:12.291Z,23.94,5.36,1092.3,155.6
2026-09-05T01:22:25.988Z,23,5.31,1094.8,163.1
2026-09-05T01:22:39.683Z,18.94,5.33,1092.1,173.9
2026-09-05T01:22:54.371Z,-2.31,5.35,1092,330.4
2026-09-05T01:23:08.803Z,11.25,5.34,1094,211.2
2026-09-05T01:23:22.947Z,15,5.32,1094.6,191.1
2026-09-05T01:23:37.475Z,10.5,5.34,1091,216.2
2026-09-05T01:23:51.683Z,16.94,5.32,1093.9,183.6
2026-09-05T01:24:05.827Z,24.44,5.33,1092.2,156.5
2026-09-05T01:24:19.907Z,24.25,5.29,1094.6,159.8
2026-09-05T01:24:33.571Z,22.56,5.3,1094.8,159.5
2026-09-05T01:24:48.100Z,24.06,5.33,1091.9,159.1
2026-09-05T01:25:01.700Z,24.12,5.32,1093.8,158.9
2026-09-05T01:25:15.395Z,-18.88,5.35,1093.8,2336.2
2026-09-05T01:25:41.507Z,-31,5.34,1095,-5108
2026-09-05T01:25:55.939Z,-35.62,5.32,1095,-1665
2026-09-05T01:26:10.307Z,5.38,5.29,1093,247
2026-09-05T01:26:24.387Z,18.94,5.33,1090.2,176.1
2026-09-05T01:26:38.819Z,6.44,5.33,1091,238.4
2026-09-05T01:26:53.763Z,8.56,5.33,1090.8,227
2026-09-05T01:27:07.940Z,15.38,5.3,1092.6,196.6
2026-09-05T01:27:22.147Z,14.88,5.29,1094.8,193.6
2026-09-05T01:27:36.259Z,12.12,5.25,1094.4,204.3
2026-09-05T01:27:50.723Z,18.12,5.28,1094.4,177.4
2026-09-05T01:28:04.772Z,18.44,5.28,1092.6,180.7
2026-09-05T01:28:18.820Z,24.31,5.27,1094.5,157.6
2026-09-05T01:28:32.547Z,23.75,5.27,1094.4,162
2026-09-05T01:28:46.884Z,7.38,5.34,1090.3,235.5
2026-09-05T01:29:01.315Z,-4.88,5.31,1094.6,358.3
2026-09-05T01:29:15.428Z,-6.12,5.3,1092.6,405.1
2026-09-05T01:29:29.539Z,10.81,5.33,1092,212.1
2026-09-05T01:29:43.715Z,9.69,5.32,1090.3,222.2
2026-09-05T01:29:58.596Z,22.62,5.31,1092.4,165.4
2026-09-05T01:30:12.964Z,23.75,5.34,1091.4,159.2
2026-09-05T01:30:26.660Z,24.38,5.28,1094.6,156.6
2026-09-05T01:30:40.387Z,-23.5,5.29,1095,141644.2
2026-09-05T01:30:54.820Z,-68.75,5.32,1095.2,-226.7
2026-09-05T01:31:09.315Z,4.69,5.35,1090.7,256.1
2026-09-05T01:31:24.644Z,9,5.31,1093.6,227.8
2026-09-05T01:31:38.756Z,19.56,5.34,1091.2,177.8
2026-09-05T01:31:52.836Z,24.62,5.33,1091.6,160.7
2026-09-05T01:32:08.739Z,22.69,5.3,1092,166.2
2026-09-05T01:32:22.532Z,-1,5.33,1095,306.1
2026-09-05T01:32:36.868Z,-57.62,5.36,1095.3,-316.9
2026-09-05T01:32:51.396Z,-68.75,5.38,1091.8,-226.1
2026-09-05T01:33:06.468Z,-12.38,5.38,1090.6,629.3
2026-09-05T01:33:20.931Z,16.44,5.34,1090.6,186.8
2026-09-05T01:33:35.044Z,23.62,5.32,1091.4,162.2
2026-09-05T01:33:49.187Z,22.62,5.29,1094.8,161.8
2026-09-05T01:34:02.916Z,22.31,5.33,1092,166.5
2026-09-05T01:34:16.644Z,23.19,5.35,1090.8,160.5
2026-09-05T01:34:31.012Z,24.12,5.32,1094.8,157.4
2026-09-05T01:34:44.707Z,23.5,5.34,1090.2,161
2026-09-05T01:34:58.787Z,24,5.33,1091.8,160.5
2026-09-05T01:35:12.516Z,23.94,5.34,1090.2,160.2
2026-09-05T01:35:26.211Z,19.56,5.3,1094.7,172.8
2026-09-05T01:35:40.291Z,20.94,5.34,1090.2,170.4
2026-09-05T01:35:54.339Z,-26.62,5.34,1095.2,-151901.6
2026-09-05T01:36:09.732Z,-51.44,5.35,1093.2,-427.2
2026-09-05T01:36:24.195Z,-68.62,5.37,1095.4,-226
2026-09-05T01:36:38.660Z,-51.38,5.38,1095.4,-420.5
2026-09-05T01:36:53.092Z,-29.12,5.41,1091.6,-12282.7
2026-09-05T01:37:07.588Z,12.81,5.36,1095.2,199.7
2026-09-05T01:37:22.052Z,24.25,5.33,1095,156.6
2026-09-05T01:37:35.748Z,22.69,5.39,1090.8,162.2
2026-09-05T01:37:49.444Z,22.25,5.37,1089.8,167.2
2026-09-05T01:38:03.140Z,23.19,5.33,1090.8,164.5
2026-09-05T01:38:16.868Z,23.94,5.3,1093,161.8
2026-09-05T01:38:30.948Z,20.56,5.34,1091.7,170.3
2026-09-05T01:38:45.059Z,-19.5,5.37,1090.5,3114.1
2026-09-05T01:38:59.492Z,24.5,5.34,1090,160.5
2026-09-05T01:39:13.187Z,23.62,5.31,1091.9,161.4
2026-09-05T01:39:26.884Z,22.81,5.33,1091.6,164.4
2026-09-05T01:39:40.964Z,23.5,5.31,1092,164.3
2026-09-05T01:39:54.692Z,24.75,5.31,1091.8,157.1
2026-09-05T01:40:08.388Z,24.44,5.32,1090.2,160.3
2026-09-05T01:40:22.915Z,24.5,5.32,1090.2,159.1
2026-09-05T01:40:36.644Z,22,5.3,1093,165.9
2026-09-05T01:40:50.755Z,21.5,5.35,1090.2,169.3
2026-09-05T01:41:05.540Z,23.5,5.34,1091.2,161.9
2026-09-05T01:41:19.236Z,23.88,5.34,1090.3,163.2
2026-09-05T01:41:33.827Z,24.19,5.31,1094.7,156.8
2026-09-05T01:41:47.555Z,24.31,5.31,1094.4,158.8
2026-09-05T01:42:01.667Z,24.44,5.27,1094.6,156
2026-09-05T01:42:15.331Z,24.12,5.3,1091.4,162.9
2026-09-05T01:42:29.059Z,23.62,5.33,1092.4,161.9
2026-09-05T01:42:42.756Z,22.69,5.3,1094.8,161.2
2026-09-05T01:42:56.484Z,-68.75,5.34,1094.2,-229.7
2026-09-05T01:43:23.203Z,3.19,5.34,1090.9,266.8
2026-09-05T01:43:48.996Z,15.31,5.32,1091.5,196.2
2026-09-05T01:44:03.044Z,17.94,5.32,1091,183.7
2026-09-05T01:44:17.508Z,21.44,5.25,1094.6,169.8
2026-09-05T01:44:31.556Z,22.62,5.3,1093.4,170
2026-09-05T01:44:45.315Z,5.06,5.28,1094,252.1
2026-09-05T01:44:59.428Z,18.44,5.31,1090.8,184.6
2026-09-05T01:45:13.508Z,18.19,5.32,1090.1,183.5
2026-09-05T01:45:29.476Z,17.38,5.25,1094.6,183.4
2026-09-05T01:45:43.652Z,17.94,5.27,1094.8,178.5
2026-09-05T01:45:57.731Z,18.5,5.29,1093.2,180.5
2026-09-05T01:46:11.811Z,16.81,5.35,1092.6,182.9
2026-09-05T01:46:25.860Z,13.62,5.32,1091.4,202.2
2026-09-05T01:46:40.323Z,10.69,5.28,1094.5,216.4
2026-09-05T01:46:54.500Z,-3.06,5.34,1091.8,333.8
2026-09-05T01:47:08.548Z,19.81,5.34,1090.2,178.1
2026-09-05T01:47:22.628Z,18.12,5.32,1091,185
2026-09-05T01:47:36.612Z,19.25,5.28,1094.8,172.9
2026-09-05T01:47:51.108Z,22.62,5.33,1090.6,167.3
2026-09-05T01:48:05.028Z,21.75,5.34,1090.5,165.4
2026-09-05T01:48:19.172Z,18.12,5.31,1093.8,180
2026-09-05T01:48:33.219Z,14.38,5.32,1094.9,190.4
2026-09-05T01:48:47.331Z,14.62,5.3,1092.2,196.6
2026-09-05T01:49:01.827Z,12.62,5.3,1092.6,203.4
2026-09-05T01:49:15.907Z,19.44,5.32,1090.4,175.7
2026-09-05T01:49:29.987Z,23.38,5.34,1091,160.7
2026-09-05T01:49:43.651Z,22.44,5.34,1090.5,164.1
2026-09-05T01:49:57.379Z,-10.25,5.33,1094.6,513.3
2026-09-05T01:50:12.259Z,12.06,5.29,1094.8,202
2026-09-05T01:50:26.371Z,15.38,5.33,1090.6,192.3
2026-09-05T01:50:41.092Z,17.56,5.32,1092.6,181.8
2026-09-05T01:50:55.203Z,14.69,5.31,1090.8,196.4
2026-09-05T01:51:09.251Z,23.31,5.3,1093.2,163.1
2026-09-05T01:51:23.299Z,24.19,5.32,1091.4,159.4
2026-09-05T01:51:36.964Z,22.56,5.31,1091.7,163.6
2026-09-05T01:51:51.523Z,8.31,5.31,1094.2,220.7
2026-09-05T01:52:05.603Z,-68.75,5.34,1091.4,-236.1
2026-09-05T01:52:20.036Z,24.5,5.32,1091.6,159.3
2026-09-05T01:52:34.116Z,23.75,5.29,1094.6,158.2
2026-09-05T01:52:47.780Z,24.12,5.29,1094.6,159.4
2026-09-05T01:53:01.476Z,24.56,5.31,1094,153.9
2026-09-05T01:53:15.171Z,24.5,5.34,1092,159.3
2026-09-05T01:53:28.868Z,22.62,5.34,1092.2,164.4
2026-09-05T01:53:42.948Z,15.12,5.36,1092.2,189.6
2026-09-05T01:53:56.964Z,17.88,5.34,1092.9,180.9
2026-09-05T01:54:10.979Z,20.56,5.32,1095,166.1
2026-09-05T01:54:25.059Z,18.88,5.32,1094.8,173.5
2026-09-05T01:54:39.139Z,22,5.35,1090.4,167.5
2026-09-05T01:54:53.283Z,21.44,5.35,1090.3,170
2026-09-05T01:55:07.396Z,23.5,5.3,1094.8,158.2
2026-09-05T01:55:21.092Z,22.75,5.36,1090.6,162.4
2026-09-05T01:55:35.140Z,22.88,5.37,1090.8,160.5
2026-09-05T01:55:48.836Z,22.75,5.37,1091.8,159.3
2026-09-05T01:56:02.915Z,-27.81,5.38,1092,-33408.4
2026-09-05T01:56:25.924Z,22.12,5.39,1091.4,161
2026-09-05T01:56:39.620Z,22.06,5.35,1092.2,164.1
2026-09-05T01:56:53.315Z,22.12,5.36,1093.3,161.8
2026-09-05T01:57:08.227Z,22.19,5.33,1094.6,163.2
2026-09-05T01:57:21.892Z,22.75,5.35,1091.2,164.1
2026-09-05T01:57:35.587Z,22.12,5.32,1093.8,158.9
2026-09-05T01:57:49.283Z,22.56,5.3,1094.6,161.9
2026-09-05T01:58:03.011Z,21.56,5.32,1092.5,165.1
2026-09-05T01:58:17.411Z,22.25,5.32,1091.2,167.7
2026-09-05T01:58:31.076Z,12.94,5.33,1091.7,196.1
2026-09-05T01:58:45.123Z,21.56,5.3,1090.8,173.8
2026-09-05T01:58:59.171Z,22.5,5.27,1092,169.9
2026-09-05T01:59:12.836Z,23.94,5.3,1091.7,158.7
2026-09-05T01:59:26.883Z,22.81,5.26,1094.4,163.6
2026-09-05T01:59:40.547Z,-41.69,5.33,1090.6,-812.5
2026-09-05T01:59:55.043Z,23.56,5.26,1094.5,160.5
2026-09-05T02:00:08.707Z,24.31,5.25,1094.6,158.7
2026-09-05T02:00:23.363Z,23.25,5.26,1094.4,159.7
2026-09-05T02:00:37.988Z,22.5,5.31,1090,166.7
2026-09-05T02:00:51.747Z,21.75,5.28,1091,174.3
2026-09-05T02:01:05.892Z,22.25,5.3,1089.9,173.4
2026-09-05T02:01:19.588Z,21.62,5.28,1092.9,172.5
2026-09-05T02:01:33.668Z,20.25,5.25,1094.7,170
2026-09-05T02:01:48.131Z,22.38,5.28,1094.6,166.3
2026-09-05T02:02:02.723Z,24.69,5.27,1093.8,161.7
2026-09-05T02:02:16.452Z,22.31,5.28,1093.2,169.6
2026-09-05T02:02:30.403Z,22.19,5.32,1090.2,169.6
2026-09-05T02:02:44.067Z,-6.81,5.3,1094.5,415.6
2026-09-05T02:02:58.500Z,23.31,5.27,1094.3,164.6
2026-09-05T02:03:13.060Z,24.38,5.29,1094.2,156.2
2026-09-05T02:03:26.788Z,24.38,5.28,1094.9,159.8
2026-09-05T02:03:40.547Z,23.69,5.27,1094.6,159.4
2026-09-05T02:03:54.820Z,-30.62,5.35,1093.1,-6186.9
2026-09-05T02:04:09.604Z,-60.5,5.37,1094,-280.7
2026-09-05T02:04:23.971Z,-9.25,5.33,1094.2,470.9
2026-09-05T02:04:38.980Z,12.81,5.29,1094.8,204.4
2026-09-05T02:04:53.155Z,20.06,5.3,1094.6,175.8
2026-09-05T02:05:07.235Z,18.38,5.32,1092.8,175.2
2026-09-05T02:05:21.700Z,17.38,5.28,1094.6,185.3
2026-09-05T02:05:35.812Z,18,5.27,1094.8,184.9
2026-09-05T02:05:49.956Z,23.88,5.28,1094.7,156.7
2026-09-05T02:06:03.619Z,23.69,5.3,1094.2,161.2
2026-09-05T02:06:17.315Z,23.19,5.31,1093.2,165.8
2026-09-05T02:06:31.396Z,22.19,5.33,1091.6,163.2
2026-09-05T02:06:45.060Z,23.44,5.31,1092.7,163.8
2026-09-05T02:06:58.756Z,23.19,5.29,1094.8,165
2026-09-05T02:07:12.451Z,23.94,5.31,1094.8,158.2
2026-09-05T02:07:26.083Z,24.06,5.29,1094.8,157.7
2026-09-05T02:07:40.163Z,22.75,5.28,1094.7,163.6
2026-09-05T02:07:53.795Z,22.62,5.28,1094.5,162.8
2026-09-05T02:08:07.459Z,22.62,5.27,1094.8,161.9
2026-09-05T02:08:21.123Z,22.56,5.3,1091.2,166.5
2026-09-05T02:08:34.820Z,22.44,5.29,1094.6,163.6
2026-09-05T02:08:48.868Z,22.88,5.32,1091.4,166.9
2026-09-05T02:09:02.692Z,23.31,5.32,1094.9,160.1
2026-09-05T02:09:16.388Z,23.94,5.33,1091,161.6
2026-09-05T02:09:30.084Z,23.25,5.33,1090.6,165.6
2026-09-05T02:09:43.780Z,23.56,5.3,1094.6,161.7
2026-09-05T02:09:57.859Z,22.94,5.32,1094.4,162.1
2026-09-05T02:10:11.620Z,21.94,5.28,1094.8,168.9
2026-09-05T02:10:25.668Z,22.62,5.3,1094.8,161.7
2026-09-05T02:10:39.400Z,22.5,5.33,1092.1,167.1
2026-09-05T02:10:54.019Z,22.06,5.32,1095,162.8
2026-09-05T02:11:08.036Z,22.06,5.36,1092,166.5
2026-09-05T02:11:21.764Z,22.25,5.34,1092.2,167.3
2026-09-05T02:11:35.492Z,21.81,5.33,1093.6,167.1
2026-09-05T02:11:49.604Z,22.31,5.32,1093.9,163.9
2026-09-05T02:12:03.331Z,22.94,5.32,1093.4,165.8
2026-09-05T02:12:17.476Z,22.31,5.34,1090.1,170.3
2026-09-05T02:12:31.172Z,23.44,5.33,1090.4,163.6
2026-09-05T02:12:44.868Z,23.06,5.28,1094.4,165.9
2026-09-05T02:12:58.563Z,-45.31,5.37,1090.9,-636.9
2026-09-05T02:13:12.995Z,22.81,5.29,1092.2,168.7
2026-09-05T02:13:27.075Z,23.69,5.32,1090.6,168.7
2026-09-05T02:13:40.739Z,22.88,5.3,1090.6,170.7
2026-09-05T02:14:04.291Z,22.75,5.31,1091.4,168.4
2026-09-05T02:14:17.988Z,22.75,5.29,1093.9,163.8
2026-09-05T02:14:32.644Z,23.25,5.3,1094,162.9
2026-09-05T02:14:46.307Z,22.31,5.29,1091,170.1
2026-09-05T02:14:59.972Z,22.38,5.29,1093.8,166.2
2026-09-05T02:15:13.636Z,22.19,5.29,1092.2,166.8
2026-09-05T02:15:28.004Z,22.75,5.29,1094.6,162.8
2026-09-05T02:15:42.052Z,22.12,5.27,1094.4,170.2
2026-09-05T02:15:55.748Z,22,5.3,1091.8,167
2026-09-05T02:16:09.412Z,22.88,5.29,1093.1,165.8
2026-09-05T02:16:23.140Z,21.81,5.31,1090.2,172
2026-09-05T02:16:45.763Z,22.12,5.29,1094.5,166.3
2026-09-05T02:16:59.812Z,22.12,5.27,1094.4,164.7
2026-09-05T02:17:13.700Z,22.56,5.3,1090,170.8
2026-09-05T02:17:27.363Z,22.69,5.32,1090.2,171.5
2026-09-05T02:17:41.028Z,22.12,5.3,1090.6,172.9
2026-09-05T02:17:54.692Z,22.25,5.27,1091.8,171.6
2026-09-05T02:18:08.739Z,22.19,5.29,1092.8,166.9
2026-09-05T02:18:23.171Z,22.31,5.29,1091.9,171.7
2026-09-05T02:18:36.740Z,22.56,5.3,1092.2,167.8
2026-09-05T02:18:50.436Z,22.5,5.28,1093.8,163
2026-09-05T02:19:04.163Z,22,5.27,1094.7,172.1
2026-09-05T02:19:18.215Z,22,5.31,1091.6,167.8
2026-09-05T02:19:31.940Z,22.5,5.32,1091.1,167
2026-09-05T02:19:45.635Z,22.81,5.3,1093.4,165.9
2026-09-05T02:19:59.331Z,22.19,5.29,1091.4,171.5
2026-09-05T02:20:13.028Z,22.69,5.28,1094.8,166.6
2026-09-05T02:20:28.036Z,22.62,5.28,1094,165.3
2026-09-05T02:20:41.796Z,22.44,5.31,1090.2,173.1
2026-09-05T02:20:55.940Z,22.44,5.3,1091,167.7
2026-09-05T02:21:09.636Z,22.5,5.3,1090.2,168
2026-09-05T02:21:23.267Z,22.69,5.27,1094.8,166.6
2026-09-05T02:21:37.315Z,22.69,5.27,1094.6,166.8
2026-09-05T02:21:50.916Z,22,5.25,1094.6,169.1
2026-09-05T02:22:05.188Z,23.81,5.27,1094.6,164.8
2026-09-05T02:22:18.884Z,24,5.3,1093.2,163.1
2026-09-05T02:22:33.379Z,23.44,5.28,1092.2,169.4
2026-09-05T02:22:47.427Z,24.19,5.28,1094.6,159.8
2026-09-05T02:23:01.124Z,24.56,5.28,1094.6,158.1
2026-09-05T02:23:14.820Z,24.62,5.31,1094,157.5
2026-09-05T02:23:28.483Z,-56.25,5.32,1095.1,-343.2
2026-09-05T02:23:42.915Z,-68.75,5.33,1094.6,-233.3
2026-09-05T02:23:57.667Z,-68.75,5.39,1091.6,-224.2
2026-09-05T02:24:12.131Z,-68.75,5.38,1095.4,-225.8
2026-09-05T02:24:26.563Z,-68.75,5.38,1095.5,-227.1
2026-09-05T02:24:41.571Z,10.06,5.36,1091,221.3
2026-09-05T02:24:55.620Z,24.31,5.34,1091.3,160
2026-09-05T02:25:09.668Z,24.38,5.32,1093.8,158
2026-09-05T02:25:23.363Z,24.12,5.34,1091.7,160.3
2026-09-05T02:25:37.059Z,23.94,5.35,1090.9,163.3
2026-09-05T02:25:50.724Z,4.44,5.37,1091.4,249.6
2026-09-05T02:26:04.740Z,-19.88,5.31,1095,3708.5
2026-09-05T02:26:19.652Z,-37.81,5.37,1092.6,-1222.2
2026-09-05T02:26:45.315Z,-1.31,5.31,1094.3,310.8
2026-09-05T02:26:59.427Z,-47.81,5.34,1095.1,-501.5
2026-09-05T02:27:14.339Z,-44.06,5.38,1092.3,-665.6
2026-09-05T02:27:39.972Z,-6.19,5.37,1091.6,390.9
2026-09-05T02:27:54.051Z,21.56,5.38,1091.4,166.1
2026-09-05T02:28:09.732Z,22.62,5.31,1092,168
2026-09-05T02:28:23.460Z,24.38,5.33,1091.7,157.3
2026-09-05T02:28:37.828Z,12.94,5.35,1091,198.8
2026-09-05T02:28:51.939Z,19.31,5.29,1094.7,174.6
2026-09-05T02:29:06.019Z,24,5.26,1094.4,160.3
2026-09-05T02:29:19.652Z,23.38,5.3,1091.8,164.1
2026-09-05T02:29:33.315Z,23.25,5.31,1091,164.5
2026-09-05T02:29:48.004Z,22.56,5.31,1095.3,159.8
2026-09-05T02:30:01.700Z,-68.75,5.37,1091,-228.8
2026-09-05T02:30:16.996Z,9.12,5.35,1090.4,226.8
2026-09-05T02:30:32.036Z,22.44,5.31,1093.6,167.5
2026-09-05T02:30:46.532Z,24.38,5.3,1093.7,155.2
2026-09-05T02:31:00.931Z,23.69,5.34,1092,161.5
2026-09-05T02:31:14.595Z,24,5.29,1094.9,157.4
2026-09-05T02:31:28.195Z,23.56,5.3,1093.6,162.6
2026-09-05T02:31:41.892Z,23.25,5.33,1093.2,159.1
2026-09-05T02:31:55.556Z,22.56,5.3,1094.8,162.7
2026-09-05T02:32:09.636Z,23.69,5.34,1091.6,158.8
2026-09-05T02:32:23.331Z,22.44,5.29,1094.7,163.6
2026-09-05T02:32:37.027Z,23.5,5.3,1094.7,158.1
2026-09-05T02:32:50.691Z,23.44,5.29,1094.5,162.7
2026-09-05T02:33:05.155Z,22.88,5.31,1094.2,159
2026-09-05T02:33:19.236Z,21.69,5.3,1094.6,166.4
2026-09-05T02:33:34.180Z,22.06,5.33,1090.2,170.4
2026-09-05T02:33:47.907Z,22.25,5.3,1092,170
2026-09-05T02:34:01.667Z,22.38,5.29,1093.7,165
2026-09-05T02:34:16.259Z,22.75,5.33,1090.5,168.6
2026-09-05T02:34:30.307Z,22.25,5.34,1092,163.9
2026-09-05T02:34:43.971Z,22.31,5.31,1094.8,163.3
2026-09-05T02:34:57.763Z,-11.06,5.34,1094.2,539.8
2026-09-05T02:35:12.259Z,16.06,5.35,1090.6,186.7
2026-09-05T02:35:26.339Z,13.12,5.34,1093.8,195
2026-09-05T02:35:40.803Z,18.94,5.29,1094.7,175.9
2026-09-05T02:35:54.852Z,24.5,5.32,1094.8,153.2
2026-09-05T02:36:08.515Z,22.5,5.33,1090.8,166.8
2026-09-05T02:36:22.179Z,22.12,5.27,1094.7,162.5
2026-09-05T02:36:35.907Z,-48.38,5.32,1094.9,-494.3
2026-09-05T02:36:50.627Z,22.81,5.36,1091.4,165.9
2026-09-05T02:37:04.355Z,22.75,5.33,1093.8,162.4
2026-09-05T02:37:18.852Z,22.5,5.29,1094.6,164.5
2026-09-05T02:37:32.612Z,22.44,5.32,1094.8,164.2
2026-09-05T02:37:46.307Z,22.12,5.3,1094.9,162.3
2026-09-05T02:38:00.355Z,22.19,5.3,1094.9,164.2
2026-09-05T02:38:14.084Z,22.12,5.35,1092.3,160.8
2026-09-05T02:38:27.811Z,23.62,5.36,1090.6,160.3
2026-09-05T02:38:41.507Z,22.5,5.35,1094,159.6
2026-09-05T02:38:55.203Z,22.25,5.31,1094.8,163.4
2026-09-05T02:39:09.315Z,22.25,5.35,1090.2,167
2026-09-05T02:39:23.012Z,22.12,5.32,1091.6,168.2
2026-09-05T02:39:36.676Z,22.25,5.35,1091,167.3
2026-09-05T02:39:51.299Z,21.56,5.37,1090.6,167.9
2026-09-05T02:40:05.283Z,22.19,5.36,1091.8,164.5
2026-09-05T02:40:19.331Z,20.44,5.36,1094.6,167.3
2026-09-05T02:40:33.379Z,22.31,5.33,1094.9,160.8
2026-09-05T02:40:47.075Z,22.19,5.37,1090.6,166.2
2026-09-05T02:41:01.507Z,21.75,5.36,1090.7,164.5
2026-09-05T02:41:15.555Z,22.19,5.33,1093,162.6
2026-09-05T02:41:29.603Z,22.31,5.3,1095.1,162.2
2026-09-05T02:41:43.299Z,22.06,5.36,1093.2,161.4
2026-09-05T02:41:57.027Z,21.56,5.39,1091,171.5
2026-09-05T02:42:11.043Z,22.94,5.32,1094.8,157.9
2026-09-05T02:42:24.739Z,23.12,5.31,1091.6,165.7
2026-09-05T02:42:38.819Z,-55.75,5.35,1094,-346.9
2026-09-05T02:42:53.283Z,-26.31,5.33,1094.8,-245417.8
2026-09-05T02:43:08.099Z,-47.38,5.31,1094.8,-510.1
2026-09-05T02:43:22.500Z,-5.62,5.3,1095,372.3
2026-09-05T02:43:36.548Z,23.25,5.31,1093.6,159.4
2026-09-05T02:43:50.596Z,-68.75,5.36,1094.2,-224
2026-09-05T02:44:14.852Z,22.12,5.28,1094.6,164.6
2026-09-05T02:44:28.516Z,-36.31,5.34,1092.6,-1481.5
2026-09-05T02:44:43.684Z,23.81,5.3,1094.6,159.9
2026-09-05T02:44:57.732Z,22.56,5.3,1091.1,165.2
2026-09-05T02:45:11.428Z,23.25,5.28,1094.2,164.3
2026-09-05T02:45:25.060Z,22.44,5.31,1091.7,165.1
2026-09-05T02:45:38.787Z,22.06,5.31,1091.2,167.8
2026-09-05T02:45:52.484Z,22.12,5.28,1094.8,166
2026-09-05T02:46:06.564Z,22,5.3,1093.6,165.6
2026-09-05T02:46:20.259Z,22.19,5.28,1094.6,166.3
2026-09-05T02:46:33.923Z,-18.19,5.28,1094.8,1769.5
2026-09-05T02:46:58.500Z,24.5,5.34,1090.4,161.2
2026-09-05T02:47:12.644Z,22.69,5.26,1094.6,163.4
2026-09-05T02:47:26.339Z,21.81,5.33,1091.6,168
2026-09-05T02:47:40.355Z,22.31,5.29,1092.4,168.8
2026-09-05T02:47:54.083Z,22.31,5.31,1094,164
2026-09-05T02:48:07.748Z,21.69,5.29,1093.3,170.7
2026-09-05T02:48:22.211Z,22.12,5.28,1094.7,166.4
2026-09-05T02:48:35.875Z,-68.75,5.34,1092.4,-238.3
2026-09-05T02:48:50.307Z,24.56,5.32,1090.2,162.4
2026-09-05T02:49:04.004Z,20.88,5.33,1090.4,171.4
2026-09-05T02:49:18.084Z,23.31,5.33,1091.2,166.6
2026-09-05T02:49:32.547Z,23,5.33,1091.2,165.3
2026-09-05T02:49:46.211Z,22.31,5.33,1090.8,167.2
2026-09-05T02:49:59.907Z,22.06,5.34,1092.7,162.4
2026-09-05T02:50:13.540Z,-4.06,5.33,1095.1,345.2
2026-09-05T02:50:28.516Z,8.88,5.33,1094.2,219.7
2026-09-05T02:50:42.916Z,-21.69,5.36,1092.1,13033
2026-09-05T02:50:57.732Z,-27.5,5.37,1091.7,-47883.4
2026-09-05T02:51:13.060Z,-27.44,5.34,1095.2,-44562.1
2026-09-05T02:51:28.419Z,-11.38,5.37,1094,562.9
2026-09-05T02:51:42.820Z,-11.56,5.35,1093.6,572.8
2026-09-05T02:51:57.604Z,13,5.36,1091.2,200.1
2026-09-05T02:52:12.195Z,-15.12,5.37,1092.8,878.3
2026-09-05T02:52:26.596Z,-12.62,5.38,1090.4,654.4
2026-09-05T02:52:40.963Z,-6.81,5.35,1093.9,401.3
2026-09-05T02:52:54.948Z,-9.25,5.37,1090.7,473.6
2026-09-05T02:53:09.444Z,-2.94,5.37,1092.2,328.5
2026-09-05T02:53:23.460Z,8.44,5.29,1095,221.6
2026-09-05T02:53:37.508Z,14.62,5.35,1091.8,193.7
2026-09-05T02:53:52.227Z,16.88,5.35,1091.8,183.3
2026-09-05T02:54:06.275Z,-12.38,5.37,1094.6,608.2
2026-09-05T02:54:21.059Z,-17.56,5.36,1091,1493.8
2026-09-05T02:54:35.460Z,2.88,5.32,1094.1,265.5
2026-09-05T02:54:49.540Z,-4.81,5.34,1095,355.6
2026-09-05T02:55:03.523Z,-5.31,5.33,1095,372.4
2026-09-05T02:55:17.603Z,13.06,5.34,1094.4,200.6
2026-09-05T02:55:32.164Z,19.94,5.36,1090.8,174.4
2026-09-05T02:55:46.211Z,-31.44,5.34,1095.2,-4337.1
2026-09-05T02:56:01.539Z,-11.94,5.35,1095.2,573
2026-09-05T02:56:16.516Z,9.06,5.36,1090.8,223.8
2026-09-05T02:56:30.596Z,1.62,5.37,1090.8,282.2
2026-09-05T02:56:45.027Z,1.94,5.3,1095,270.8
2026-09-05T02:56:59.076Z,18.12,5.34,1094.8,173.7
2026-09-05T02:57:13.060Z,23.62,5.36,1092.4,162.4
2026-09-05T02:57:26.723Z,-59.06,5.35,1095.2,-309
2026-09-05T02:57:51.363Z,12.5,5.34,1093.7,205.4
2026-09-05T02:58:05.796Z,5.44,5.34,1094.6,242.9
2026-09-05T02:58:20.804Z,4.75,5.34,1095.1,242.8
2026-09-05T02:58:34.884Z,2.44,5.37,1092.6,265.6
2026-09-05T02:58:48.932Z,15.56,5.36,1095.1,182
2026-09-05T02:59:03.011Z,21.56,5.39,1091,167
2026-09-05T02:59:17.572Z,19.62,5.4,1092.7,167.8
2026-09-05T02:59:31.652Z,-51.25,5.4,1095.4,-418.3
2026-09-05T02:59:46.211Z,24.19,5.37,1094.9,156.3
2026-09-05T02:59:59.940Z,-38.12,5.34,1094.1,-1143.6
2026-09-05T03:00:14.500Z,4.44,5.34,1091,254.6
2026-09-05T03:00:28.964Z,6.44,5.34,1094.2,230.9
2026-09-05T03:00:43.076Z,7.19,5.32,1094.8,226.5
2026-09-05T03:00:58.116Z,14.88,5.31,1094.8,190.4
2026-09-05T03:01:12.259Z,15.19,5.34,1090.8,188.9
2026-09-05T03:01:26.275Z,15,5.33,1095,186.4
2026-09-05T03:01:41.059Z,14.25,5.32,1094.1,192.9
2026-09-05T03:01:55.172Z,16.25,5.33,1095,180.3
2026-09-05T03:02:09.251Z,16.06,5.36,1090.8,184.3
2026-09-05T03:02:23.299Z,12.31,5.34,1093.2,203.3
2026-09-05T03:02:38.275Z,12.75,5.33,1094,200.9
2026-09-05T03:02:52.739Z,23.12,5.35,1092.3,157.6
2026-09-05T03:03:06.435Z,19.81,5.33,1094.2,170.9
2026-09-05T03:03:20.579Z,17.31,5.3,1094.8,179.1
2026-09-05T03:03:34.627Z,18.88,5.36,1090.6,174.6
2026-09-05T03:03:48.740Z,15.31,5.35,1095.1,185.9
2026-09-05T03:04:04.003Z,23.12,5.29,1095,161.8
2026-09-05T03:04:17.731Z,-52.56,5.29,1094.8,-399
2026-09-05T03:04:32.195Z,-7.12,5.34,1090.6,420.6
2026-09-05T03:04:46.307Z,21.94,5.32,1090.4,167.9
2026-09-05T03:05:01.187Z,23.44,5.3,1094.7,157.1
2026-09-05T03:05:16.099Z,-64.12,5.36,1092.2,-264.3
2026-09-05T03:05:30.627Z,-67.94,5.35,1095.4,-222.6
2026-09-05T03:05:45.091Z,-62.38,5.4,1093.6,-265.6
2026-09-05T03:05:59.811Z,-54.19,5.38,1094.1,-357.1
2026-09-05T03:06:14.276Z,-55.5,5.37,1091,-350.4
2026-09-05T03:06:29.155Z,-13,5.36,1091.4,651.2
2026-09-05T03:06:43.651Z,-17.19,5.36,1091,1327.9
2026-09-05T03:06:58.051Z,-20.5,5.33,1094.2,5095.7
2026-09-05T03:07:12.484Z,-12.31,5.32,1094.8,613.3
2026-09-05T03:07:26.916Z,-1.5,5.32,1095,307
2026-09-05T03:07:41.411Z,5.38,5.34,1093.4,242.3
2026-09-05T03:07:55.427Z,-6,5.33,1092.2,398.5
2026-09-05T03:08:10.275Z,-30.88,5.33,1094.6,-5705.9
2026-09-05T03:08:24.931Z,-21,5.34,1092.2,7499.1
2026-09-05T03:08:39.396Z,-13.31,5.35,1090.6,706.7
2026-09-05T03:08:55.043Z,-4.81,5.33,1095,357.1
2026-09-05T03:09:09.155Z,-3.69,5.36,1092.4,332.8
2026-09-05T03:09:23.235Z,-3.62,5.36,1091.6,339.8
2026-09-05T03:09:37.315Z,16.06,5.35,1090.8,185.7
2026-09-05T03:09:52.323Z,17.94,5.35,1095.3,179.2
2026-09-05T03:10:06.788Z,17.81,5.36,1090.4,180.1
2026-09-05T03:10:20.900Z,18.12,5.31,1093.1,180.2
2026-09-05T03:10:35.012Z,16.94,5.32,1092.1,184.3
2026-09-05T03:10:50.243Z,19.81,5.31,1094.8,170.2
2026-09-05T03:11:04.323Z,16.19,5.27,1094.7,186.2
2026-09-05T03:11:18.916Z,13.81,5.33,1093.1,196.7
2026-09-05T03:11:33.764Z,17.31,5.32,1093.9,185.5
2026-09-05T03:11:48.836Z,-19.75,5.37,1090.8,3555.4
2026-09-05T03:12:03.299Z,-1.44,5.35,1090.6,311.5
2026-09-05T03:12:17.412Z,-5.81,5.36,1092.4,380.5
2026-09-05T03:12:31.876Z,0.19,5.35,1090.4,299.8
2026-09-05T03:12:45.988Z,8.19,5.34,1093.2,223.6
2026-09-05T03:13:00.195Z,8.94,5.34,1093.8,219.1
2026-09-05T03:13:14.180Z,17.31,5.33,1094.2,176.8
2026-09-05T03:13:28.900Z,23.31,5.32,1094.9,158.7
2026-09-05T03:13:43.012Z,21.81,5.34,1092.2,163.5
2026-09-05T03:13:57.508Z,18.38,5.31,1094.8,175.7
2026-09-05T03:14:11.587Z,13.69,5.35,1092.6,196.4
2026-09-05T03:14:34.756Z,16.75,5.31,1095,182.3
2026-09-05T03:14:49.700Z,19.12,5.32,1093.4,172
2026-09-05T03:15:03.812Z,18.25,5.33,1093.2,174.3
2026-09-05T03:15:17.891Z,23.62,5.33,1095,159.4
2026-09-05T03:15:32.516Z,-12.31,5.34,1093.4,608.6
2026-09-05T03:15:46.948Z,9,5.33,1093.6,221.5
2026-09-05T03:16:01.444Z,9.56,5.36,1091,217.2
2026-09-05T03:16:15.684Z,8.94,5.32,1094.3,221.8
2026-09-05T03:16:29.924Z,10.25,5.34,1091.4,217.1
2026-09-05T03:16:44.548Z,19.5,5.3,1094.9,170.7
2026-09-05T03:16:58.660Z,19.38,5.35,1093.6,170.4
2026-09-05T03:17:22.500Z,23.06,5.34,1095,157.5
2026-09-05T03:17:36.195Z,24.81,5.32,1095,154.6
2026-09-05T03:17:49.924Z,20.25,5.37,1092.5,173.3
2026-09-05T03:18:04.003Z,11.69,5.34,1095.2,206.2
2026-09-05T03:18:18.564Z,13.88,5.34,1094.6,195.9
2026-09-05T03:18:32.708Z,21.56,5.3,1094.9,163.9
2026-09-05T03:18:47.652Z,22.25,5.34,1090.8,169
2026-09-05T03:19:01.347Z,23.94,5.32,1094,160.2
2026-09-05T03:19:15.140Z,24.25,5.35,1093.5,156.2
2026-09-05T03:19:30.019Z,22.75,5.34,1093.5,162
2026-09-05T03:19:43.683Z,-55.88,5.41,1092.6,-350
2026-09-05T03:19:58.147Z,15.81,5.38,1094,185.1
2026-09-05T03:20:12.195Z,-24.25,5.39,1092.8,1153156.9
2026-09-05T03:20:26.691Z,-26.75,5.38,1091,-121103.1
2026-09-05T03:20:42.564Z,13.56,5.36,1090.8,202
2026-09-05T03:20:56.643Z,19.31,5.33,1094.7,170.9
2026-09-05T03:21:10.755Z,19.5,5.35,1092.2,172.6
2026-09-05T03:21:24.868Z,20.44,5.35,1090.3,172.5
2026-09-05T03:21:38.980Z,19.69,5.34,1090.7,177
2026-09-05T03:21:53.347Z,23.31,5.32,1090.8,163.8
2026-09-05T03:22:07.908Z,23.62,5.32,1090.4,163.7
2026-09-05T03:22:21.636Z,23.06,5.31,1094.7,159.8
2026-09-05T03:22:35.331Z,24.25,5.33,1091.1,161.4
2026-09-05T03:22:49.060Z,22.56,5.3,1094.7,161.2
2026-09-05T03:23:03.172Z,-41.25,5.31,1094.8,-844.2
2026-09-05T03:23:17.635Z,-68.69,5.35,1095.3,-221.4
2026-09-05T03:23:32.163Z,-68.75,5.37,1094.7,-226.5
2026-09-05T03:23:46.691Z,18.12,5.29,1094.8,177.4
2026-09-05T03:24:01.444Z,24.06,5.28,1094.8,157.9
2026-09-05T03:24:15.588Z,22.38,5.3,1094.8,164
2026-09-05T03:24:29.283Z,22.12,5.29,1094.3,167.8
2026-09-05T03:24:42.980Z,24.38,5.3,1094.6,154.9
2026-09-05T03:24:56.675Z,20.62,5.35,1093.4,166.5
2026-09-05T03:25:11.843Z,18.25,5.28,1094.8,180.7
2026-09-05T03:25:26.275Z,20.44,5.3,1094.7,166.9
2026-09-05T03:25:40.387Z,21.62,5.32,1091,170.5
2026-09-05T03:25:54.467Z,23.06,5.33,1091.5,162.9
2026-09-05T03:26:08.067Z,22.31,5.28,1092.8,163.9
2026-09-05T03:26:21.796Z,22.31,5.25,1094.7,165.7
2026-09-05T03:26:35.940Z,24.06,5.34,1090.5,162.2
2026-09-05T03:26:49.604Z,-60.69,5.34,1095.4,-285.5
2026-09-05T03:27:05.635Z,22.88,5.31,1092.1,166.2
2026-09-05T03:27:19.363Z,24.19,5.3,1091.6,162.4
2026-09-05T03:27:34.052Z,24.56,5.32,1090.4,162.2
2026-09-05T03:27:48.099Z,24,5.3,1092.4,162.7
2026-09-05T03:28:01.795Z,22.81,5.29,1092.9,165.7
2026-09-05T03:28:16.259Z,21.81,5.34,1091.8,166.5
2026-09-05T03:28:30.339Z,2.25,5.32,1094.6,271.9
2026-09-05T03:28:44.419Z,24.81,5.35,1091.5,157.9
2026-09-05T03:28:58.563Z,17.94,5.37,1091.2,181.2
2026-09-05T03:29:12.676Z,16.56,5.29,1095,183.9
2026-09-05T03:29:27.459Z,19.44,5.34,1093.2,173.9
2026-09-05T03:29:41.571Z,21.94,5.33,1091.2,167.4
2026-09-05T03:29:56.739Z,22.56,5.27,1094,166.1
2026-09-05T03:30:10.852Z,21.62,5.28,1093.3,171.6
2026-09-05T03:30:24.867Z,-36.88,5.33,1095.2,-1382.3
2026-09-05T03:30:50.307Z,-20.81,5.33,1095.2,6151.6
2026-09-05T03:31:04.772Z,-57.62,5.37,1092.4,-331
2026-09-05T03:31:19.620Z,-65.25,5.39,1091.8,-249.7
2026-09-05T03:31:34.819Z,-68.69,5.36,1093,-232.3
2026-09-05T03:31:49.251Z,-68.75,5.35,1095.2,-221.7
2026-09-05T03:32:03.779Z,-68.75,5.34,1095.3,-223.1
2026-09-05T03:32:18.755Z,-68.75,5.36,1094.9,-220.7
2026-09-05T03:32:33.475Z,-65.38,5.37,1091,-252.6
2026-09-05T03:32:48.484Z,-28.38,5.36,1091.4,-19949.5
2026-09-05T03:33:02.916Z,-22.06,5.3,1094.9,17068
2026-09-05T03:33:17.347Z,21.5,5.34,1090.4,170.8
2026-09-05T03:33:31.428Z,23.19,5.3,1094.7,159.6
2026-09-05T03:33:45.507Z,22.38,5.33,1090.2,167.8
2026-09-05T03:33:59.171Z,22.25,5.29,1094.1,166.8
2026-09-05T03:34:12.900Z,22.25,5.27,1094.8,161
2026-09-05T03:34:26.596Z,23.94,5.28,1091.8,165.9
2026-09-05T03:34:40.291Z,22.62,5.31,1093.6,162.9
2026-09-05T03:34:55.363Z,17.88,5.31,1094.7,176
2026-09-05T03:35:09.444Z,14.81,5.3,1093.2,193.3
2026-09-05T03:35:23.524Z,15.06,5.3,1090,197.3
2026-09-05T03:35:37.604Z,18.75,5.31,1090.3,183.7
2026-09-05T03:35:51.683Z,12,5.29,1094,209.6
2026-09-05T03:36:07.044Z,-57.31,5.3,1095.3,-329.6
2026-09-05T03:36:21.508Z,-56,5.38,1092.6,-352
2026-09-05T03:36:35.940Z,-57.19,5.37,1095.2,-324.1
2026-09-05T03:36:50.403Z,-68.75,5.37,1095.4,-224.4
2026-09-05T03:37:04.867Z,-60.5,5.33,1095.2,-288.9
2026-09-05T03:37:19.747Z,-37.94,5.35,1095.2,-1223.1
2026-09-05T03:37:34.243Z,-31.88,5.38,1091.4,-3978.5
2026-09-05T03:37:49.380Z,-29.12,5.34,1095,-12503.4
2026-09-05T03:38:03.940Z,-33.81,5.34,1095.4,-2395.6
2026-09-05T03:38:18.404Z,-19.25,5.4,1093,2703.2
2026-09-05T03:38:33.891Z,10.06,5.39,1091.4,221.9
2026-09-05T03:38:47.939Z,-20.06,5.37,1095.2,4120
2026-09-05T03:39:02.500Z,-68.44,5.38,1094.7,-232.2
2026-09-05T03:39:16.900Z,-65.12,5.38,1095.3,-244.5
2026-09-05T03:39:31.299Z,-58.69,5.39,1093.2,-303
2026-09-05T03:39:47.523Z,-61.06,5.39,1091.1,-286.4
2026-09-05T03:40:01.891Z,-55.5,5.4,1091,-353.1
2026-09-05T03:40:16.388Z,-20.12,5.39,1094.1,4067.2
2026-09-05T03:40:30.788Z,24.62,5.37,1094.2,155.5
2026-09-05T03:40:44.483Z,10.62,5.36,1093.4,207.4
2026-09-05T03:40:59.427Z,-45.38,5.35,1095.3,-580.7
2026-09-05T03:41:13.892Z,-47.44,5.37,1093.8,-504.7
2026-09-05T03:41:28.323Z,-46.31,5.35,1092.6,-557.4
2026-09-05T03:41:42.788Z,-57.81,5.33,1095.2,-316.4
2026-09-05T03:41:57.219Z,-57.31,5.32,1095.1,-315.3
2026-09-05T03:42:11.972Z,-53.5,5.36,1095.2,-366.5
2026-09-05T03:42:26.436Z,-55.88,5.34,1095.1,-330
2026-09-05T03:42:40.900Z,-60.5,5.37,1092.2,-291
2026-09-05T03:42:55.396Z,23.19,5.37,1091.7,159
2026-09-05T03:43:09.092Z,10,5.33,1094.4,210.2
2026-09-05T03:43:23.588Z,-51.38,5.33,1093.5,-429.7
2026-09-05T03:43:38.052Z,21.12,5.32,1095.1,165.4
2026-09-05T03:43:52.132Z,24.12,5.32,1094.7,156.9
2026-09-05T03:44:05.828Z,24.62,5.35,1092,156.6
2026-09-05T03:44:19.492Z,18.12,5.36,1091.2,177.8
2026-09-05T03:44:33.923Z,-33.62,5.31,1095.1,-2511.7
2026-09-05T03:44:57.860Z,-49.19,5.3,1094.9,-471.1
2026-09-05T03:45:12.323Z,-46.38,5.37,1091.2,-585.1
2026-09-05T03:45:27.203Z,-59.75,5.38,1090.6,-308.1
2026-09-05T03:45:42.052Z,-57.06,5.39,1090.8,-341.7
2026-09-05T03:45:56.484Z,-50,5.35,1092.5,-464.3
2026-09-05T03:46:11.812Z,-1.19,5.36,1091.2,310.3
2026-09-05T03:46:25.828Z,4.94,5.35,1094.2,248.5
2026-09-05T03:46:39.940Z,-41.69,5.33,1094,-822.7
2026-09-05T03:46:55.875Z,-42.44,5.38,1090.7,-788.7
2026-09-05T03:47:10.307Z,-49.06,5.34,1092,-496.1
2026-09-05T03:47:32.483Z,-54,5.34,1095,-378.5
2026-09-05T03:47:46.916Z,-57,5.35,1092.4,-336.7
2026-09-05T03:48:01.700Z,-57.56,5.37,1093.3,-324.2
2026-09-05T03:48:16.163Z,-58.69,5.35,1094.2,-311.1
2026-09-05T03:48:30.596Z,-68.12,5.35,1094.2,-231.2
2026-09-05T03:48:45.027Z,-65,5.35,1093,-253.3
2026-09-05T03:48:59.492Z,-66.69,5.37,1091.8,-243.3
2026-09-05T03:49:14.307Z,-68.75,5.38,1092.9,-223.3
2026-09-05T03:49:28.739Z,-67.5,5.4,1093.1,-236.3
2026-09-05T03:49:43.875Z,-40,5.4,1092.4,-934.8
2026-09-05T03:49:58.403Z,16.56,5.37,1095.2,179.2
2026-09-05T03:50:12.580Z,24,5.37,1093.3,154.8
2026-09-05T03:50:26.627Z,14.56,5.33,1092.1,194.3
2026-09-05T03:50:40.675Z,-38.88,5.36,1092.8,-1050.9
2026-09-05T03:50:55.172Z,-46.69,5.36,1093.2,-542
2026-09-05T03:51:10.115Z,-47.44,5.33,1094.2,-538.2
2026-09-05T03:51:24.580Z,-53.81,5.32,1095,-377.4
2026-09-05T03:51:39.396Z,-61.44,5.36,1092.1,-281.8
2026-09-05T03:51:53.860Z,24.06,5.32,1093.6,159.4
2026-09-05T03:52:07.524Z,23.44,5.32,1093,161.8
2026-09-05T03:52:21.860Z,20.5,5.36,1091,171.9
2026-09-05T03:52:35.908Z,-3.31,5.29,1094.7,342.8
2026-09-05T03:52:50.472Z,-49.31,5.36,1091.1,-477.4
2026-09-05T03:53:04.931Z,-56.56,5.35,1090.9,-333.8
2026-09-05T03:53:19.396Z,-48.12,5.34,1094,-485.8
2026-09-05T03:53:33.923Z,-28.19,5.34,1095.1,-21088
2026-09-05T03:53:48.388Z,23.31,5.33,1092,156.7
2026-09-05T03:54:02.820Z,-10.62,5.34,1090.9,535
2026-09-05T03:54:17.251Z,-39.81,5.33,1095,-912.8
2026-09-05T03:54:31.715Z,-43.44,5.29,1094,-678
2026-09-05T03:54:46.148Z,-40.69,5.35,1092.6,-869.3
2026-09-05T03:55:00.644Z,-40,5.34,1091,-932.6
2026-09-05T03:55:16.419Z,-45.44,5.31,1094.8,-564.9
2026-09-05T03:55:30.852Z,-40.12,5.32,1093.8,-898.3
2026-09-05T03:55:45.540Z,-55,5.32,1092.4,-363.7
2026-09-05T03:56:01.156Z,-6.69,5.35,1090.6,405.1
2026-09-05T03:56:15.620Z,1.75,5.34,1092.8,270.5
2026-09-05T03:56:29.699Z,-34.81,5.36,1091,-1934
2026-09-05T03:56:44.163Z,-38.25,5.34,1091.4,-1166.5
2026-09-05T03:56:58.723Z,-38.25,5.34,1091,-1188.2
2026-09-05T03:57:17.700Z,-37,5.34,1090.6,-1394
2026-09-05T03:59:35.076Z,-42.56,5.29,1095,-717.5
2026-09-05T03:59:49.476Z,-37.06,5.31,1094.8,-1285.4
2026-09-05T04:00:04.611Z,-55,5.31,1094.4,-353.5
2026-09-05T04:00:19.140Z,-49.25,5.3,1095,-460.9
2026-09-05T04:00:33.604Z,-0.69,5.32,1092.8,302.3
2026-09-05T04:00:48.004Z,22.94,5.27,1094.8,160.8
2026-09-05T04:01:01.731Z,24.06,5.33,1090.3,160
2026-09-05T04:01:16.291Z,22.5,5.31,1092.1,161.3
2026-09-05T04:01:29.988Z,21.88,5.31,1091.8,164
2026-09-05T04:01:44.100Z,22.44,5.28,1094.5,163.1
2026-09-05T04:01:58.211Z,23,5.27,1094.8,161.2
2026-09-05T04:02:11.940Z,24.12,5.31,1093.3,153.7
2026-09-05T04:02:26.691Z,-19.06,5.3,1094.4,2558.1
2026-09-05T04:02:48.003Z,-39.06,5.34,1090.9,-1047.9
2026-09-05T04:03:02.819Z,-40.62,5.34,1092,-874.9
2026-09-05T04:03:17.315Z,-45.25,5.34,1092.6,-588.3
2026-09-05T04:03:31.843Z,-37.44,5.3,1094.8,-1231.1
2026-09-05T04:03:46.339Z,23.94,5.32,1093.2,151.2
2026-09-05T04:04:00.836Z,23.06,5.34,1091.4,160
2026-09-05T04:04:14.980Z,22.5,5.32,1090.5,164.3
2026-09-05T04:04:28.708Z,22.56,5.3,1094.1,158.3
2026-09-05T04:04:42.403Z,23.81,5.3,1093,160.4
2026-09-05T04:04:56.099Z,-27.38,5.32,1094.9,-47859
2026-09-05T04:05:10.499Z,-32.44,5.3,1094.8,-3014.6
2026-09-05T04:05:25.315Z,23.12,5.35,1090.3,161.4
2026-09-05T04:05:39.043Z,23.19,5.28,1094.8,157.9
2026-09-05T04:05:52.739Z,23.12,5.34,1092.3,156.2
2026-09-05T04:06:06.531Z,22.81,5.36,1090.6,160.9
2026-09-05T04:06:20.259Z,23.12,5.34,1090.8,161.6
2026-09-05T04:06:35.235Z,24.5,5.34,1094.3,152.8
2026-09-05T04:06:48.932Z,22.56,5.33,1091,162.4
2026-09-05T04:07:02.627Z,23.25,5.35,1090.4,159.5
2026-09-05T04:07:16.291Z,23.75,5.35,1090.8,157.9
2026-09-05T04:07:30.243Z,23.69,5.31,1094.8,150.9
2026-09-05T04:07:44.291Z,22.69,5.35,1090.8,164.3
2026-09-05T04:07:57.987Z,21.81,5.32,1094.6,161.7
2026-09-05T04:08:12.708Z,22.25,5.33,1091.4,163.6
2026-09-05T04:08:26.436Z,22.75,5.3,1094.6,157
2026-09-05T04:08:40.132Z,22.19,5.3,1093.8,160.5
2026-09-05T04:08:54.243Z,22.75,5.32,1090.3,163.9
2026-09-05T04:09:07.908Z,23.06,5.29,1093.2,160.3
2026-09-05T04:09:21.540Z,8.12,5.29,1093.3,220.6
2026-09-05T04:09:35.748Z,-23.19,5.3,1093.4,78027.1
2026-09-05T04:09:51.044Z,-28,5.3,1092.8,-27852.7
2026-09-05T04:10:05.892Z,-34.81,5.3,1092.8,-1985.6
2026-09-05T04:10:20.355Z,-24.69,5.29,1093.2,17754142
2026-09-05T04:10:34.787Z,20.44,5.28,1094.7,165.3
2026-09-05T04:10:48.867Z,9.12,5.3,1094.6,213.6
2026-09-05T04:11:03.652Z,-31.19,5.28,1094.8,-4457.9
2026-09-05T04:11:18.468Z,-34.12,5.29,1094.7,-2139.1
2026-09-05T04:11:32.964Z,-43.62,5.29,1094.7,-667.4
2026-09-05T04:11:47.491Z,-27.69,5.33,1093.8,-32781
2026-09-05T04:12:01.988Z,23.62,5.34,1090.4,158.1
2026-09-05T04:12:15.780Z,23.06,5.28,1093.4,162.2
2026-09-05T04:12:30.596Z,23.12,5.3,1090.8,163.6
2026-09-05T04:12:44.771Z,23.88,5.28,1093.6,160.5
2026-09-05T04:12:59.491Z,-1.94,5.31,1090.2,321.2
2026-09-05T04:13:13.592Z,-50.88,5.32,1095,-418.5
2026-09-05T04:13:28.036Z,-53.56,5.32,1094.3,-371
2026-09-05T04:13:42.852Z,-56.25,5.32,1093.8,-337.5
2026-09-05T04:13:57.283Z,14.12,5.3,1094.8,190.9
2026-09-05T04:14:11.427Z,23.69,5.34,1092.6,152.6
2026-09-05T04:14:25.156Z,1.06,5.34,1091.8,273.4
2026-09-05T04:14:39.780Z,-52.75,5.36,1092.6,-375.4
2026-09-05T04:14:54.627Z,-59.31,5.31,1094.8,-293.9
2026-09-05T04:15:19.524Z,-66.69,5.37,1091.7,-231.8
2026-09-05T04:15:33.988Z,-48.38,5.33,1091.8,-497
2026-09-05T04:15:48.355Z,24.19,5.31,1092.6,156.8
2026-09-05T04:16:02.787Z,14.19,5.36,1090.4,189.2
2026-09-05T04:16:16.868Z,-36.12,5.37,1090.4,-1487.5
2026-09-05T04:16:31.331Z,-49.44,5.38,1091.3,-445.8
2026-09-05T04:16:46.083Z,-54.12,5.31,1093.6,-366.1
2026-09-05T04:17:00.548Z,-57.06,5.37,1091.2,-327.6
2026-09-05T04:17:15.396Z,-59.25,5.3,1094.6,-289.9
2026-09-05T04:17:29.828Z,13.5,5.33,1092.4,196.4
2026-09-05T04:17:52.516Z,22.31,5.32,1090.8,164.9
2026-09-05T04:18:06.179Z,22.5,5.25,1094,161.6
2026-09-05T04:18:20.259Z,22.62,5.3,1092.6,159.4
2026-09-05T04:18:33.924Z,22.31,5.28,1094.2,166.4
2026-09-05T04:18:47.715Z,22.69,5.25,1093.9,166.3
2026-09-05T04:19:01.924Z,23.94,5.26,1093.6,161.2
2026-09-05T04:19:15.619Z,-4.19,5.31,1091.2,346.9
2026-09-05T04:19:30.083Z,-36.06,5.3,1093.3,-1544.4
2026-09-05T04:19:44.483Z,-45.62,5.3,1094.2,-577.5
2026-09-05T04:19:59.492Z,-41.19,5.33,1091.8,-842.5
2026-09-05T04:20:14.020Z,-56.38,5.3,1094.5,-331
2026-09-05T04:20:28.484Z,-55.81,5.35,1090.4,-344.9
2026-09-05T04:20:44.323Z,-68.38,5.33,1094.2,-226.1
2026-09-05T04:20:58.756Z,-34.94,5.33,1091.7,-1844.7
2026-09-05T04:21:13.187Z,2.12,5.31,1094.5,259.1
2026-09-05T04:21:27.299Z,-7.88,5.35,1090.2,418.5
2026-09-05T04:21:41.572Z,-52.38,5.36,1093.8,-372.4
2026-09-05T04:21:56.419Z,-56.25,5.37,1090.6,-334.6
2026-09-05T04:22:10.724Z,-55.81,5.31,1094.4,-329.3
2026-09-05T04:22:25.220Z,-68.69,5.35,1094.2,-218
2026-09-05T04:22:40.708Z,-68.75,5.38,1090.4,-216.4
2026-09-05T04:22:55.235Z,-63.19,5.35,1094,-251.4
2026-09-05T04:23:10.051Z,-68.75,5.37,1093.4,-211.9
2026-09-05T04:23:25.859Z,-65.69,5.36,1093.4,-230.1
2026-09-05T04:23:40.259Z,-68.75,5.35,1094.8,-214.8
2026-09-05T04:23:54.659Z,-68.75,5.35,1094.1,-221.3
2026-09-05T04:24:09.027Z,-68.75,5.39,1092,-217.8
2026-09-05T04:24:23.747Z,-60.38,5.35,1092.2,-282.4
2026-09-05T04:24:38.115Z,-15.38,5.33,1094.7,859.4
2026-09-05T04:24:52.547Z,2.69,5.37,1090.6,256.5
2026-09-05T04:25:07.716Z,19.62,5.39,1090.1,167.7
2026-09-05T04:25:21.699Z,24.38,5.36,1093.3,147.7
2026-09-05T04:25:35.812Z,8.25,5.31,1094.6,220.3
2026-09-05T04:25:49.891Z,-30.5,5.38,1090.2,-6118.6
2026-09-05T04:26:04.323Z,-39.88,5.36,1091.4,-938
2026-09-05T04:26:18.820Z,-45.19,5.33,1094.3,-565.6
2026-09-05T04:26:33.219Z,-50.38,5.37,1090,-430.9
2026-09-05T04:26:48.740Z,-58.25,5.32,1094.4,-301.2
2026-09-05T04:27:03.172Z,-60.12,5.36,1091.9,-285.4
2026-09-05T04:27:17.603Z,23.81,5.32,1094.4,153.5
2026-09-05T04:27:31.203Z,22.75,5.32,1094.4,158.6
2026-09-05T04:27:44.995Z,21.94,5.35,1094,155.4
2026-09-05T04:28:00.291Z,22.31,5.37,1093.2,156
2026-09-05T04:28:14.019Z,24.44,5.35,1093.4,148.1
2026-09-05T04:28:27.747Z,-1.75,5.36,1093,298
2026-09-05T04:28:41.859Z,-68.75,5.37,1091.9,-214.2
2026-09-05T04:28:56.387Z,-68.75,5.38,1091.7,-211.6
2026-09-05T04:29:11.203Z,11.81,5.35,1089.8,204.2
2026-09-05T04:29:25.988Z,18.88,5.29,1093.8,171.5
2026-09-05T04:29:40.004Z,20.94,5.31,1089.7,169.6
2026-09-05T04:29:54.116Z,14.5,5.29,1094,186.7
2026-09-05T04:30:08.164Z,12.81,5.27,1094,194.8
2026-09-05T04:30:22.660Z,16,5.31,1093.2,178.5
2026-09-05T04:30:37.380Z,14.12,5.3,1094,191
2026-09-05T04:30:51.555Z,14.69,5.32,1091.3,186.9
2026-09-05T04:31:05.668Z,9.31,5.33,1091.2,211.5
2026-09-05T04:31:19.747Z,-23.19,5.31,1094.2,68888.6
2026-09-05T04:31:35.396Z,-68.75,5.37,1091.6,-223.5
2026-09-05T04:31:49.763Z,20.44,5.29,1092.8,169.9
2026-09-05T04:32:03.939Z,24.19,5.28,1090.5,164.1
2026-09-05T04:32:18.435Z,23,5.26,1093.6,164.8
2026-09-05T04:32:32.163Z,23,5.3,1090.6,162.2
2026-09-05T04:32:47.716Z,22.88,5.3,1090.4,162.7
2026-09-05T04:33:01.412Z,22.75,5.25,1093.4,162.5
2026-09-05T04:33:15.203Z,24.25,5.26,1093.6,156.9
2026-09-05T04:33:29.539Z,20.12,5.27,1093.1,171.1
2026-09-05T04:33:43.587Z,11.44,5.24,1093.4,209.5
2026-09-05T04:33:58.595Z,-10.81,5.24,1093.6,555
2026-09-05T04:34:24.068Z,-53.5,5.29,1093.8,-377.8
2026-09-05T04:34:39.299Z,-63.81,5.32,1094.2,-258.5
2026-09-05T04:34:53.763Z,-68.75,5.33,1093.2,-227.3
2026-09-05T04:35:08.740Z,-68.75,5.35,1093.4,-221.1
2026-09-05T04:35:23.203Z,-14.44,5.36,1089.6,804.4
2026-09-05T04:35:37.699Z,-1.81,5.29,1094,316
2026-09-05T04:35:51.779Z,3.5,5.29,1093.4,259.6
2026-09-05T04:36:05.795Z,10.75,5.33,1090.8,216.5
2026-09-05T04:36:20.355Z,13.81,5.31,1093.8,198.8
2026-09-05T04:36:34.403Z,5.75,5.31,1093.8,245
2026-09-05T04:36:48.484Z,-4.31,5.32,1093.8,359.8
2026-09-05T04:37:02.596Z,-18.94,5.29,1091.6,2621.1
2026-09-05T04:37:17.155Z,-38.12,5.31,1093.8,-1217.7
2026-09-05T04:37:32.100Z,-65.06,5.33,1093.4,-253.1
2026-09-05T04:37:46.595Z,-68.75,5.37,1090,-232
2026-09-05T04:38:01.027Z,-68.75,5.36,1090.2,-232.4
2026-09-05T04:38:15.428Z,-68.75,5.38,1089.8,-235.6
2026-09-05T04:38:30.564Z,-68.75,5.41,1091.1,-225.5
2026-09-05T04:38:45.379Z,-68.75,5.37,1094.8,-221.9
2026-09-05T04:38:59.876Z,-68.69,5.43,1094.5,-219.7
2026-09-05T04:39:14.339Z,-63.88,5.4,1092,-260.6
2026-09-05T04:39:28.771Z,-11.38,5.43,1092.7,546.6
2026-09-05T04:39:44.099Z,45.25,5.41,1091.1,112
2026-09-05T04:39:58.563Z,86.25,5.41,1091.2,73.4
2026-09-05T04:40:12.707Z,-49.81,5.41,1092.2,-440.6
2026-09-05T04:40:47.971Z,-68.38,5.39,1090.8,-228.5
2026-09-05T04:41:02.819Z,-26.69,5.37,1091.9,-126332.4
2026-09-05T04:41:18.211Z,-21.12,5.36,1092.8,7788.7
2026-09-05T04:41:32.771Z,-24.12,5.39,1089.6,722347
2026-09-05T04:41:47.299Z,-39.19,5.34,1094,-1020.2
2026-09-05T04:42:01.764Z,-62.12,5.35,1093.5,-275.9
2026-09-05T04:42:16.675Z,-68.75,5.41,1089.8,-229.7
2026-09-05T04:42:41.827Z,-68.75,5.38,1092.2,-226.7
2026-09-05T04:42:56.516Z,-31.69,5.41,1089.4,-4035.9
2026-09-05T04:43:10.947Z,-63.19,5.39,1093.3,-258.3
2026-09-05T04:43:25.732Z,-68.75,5.31,1089.8,-228.2
2026-09-05T04:43:40.899Z,-68.75,5.4,1089.9,-225.5
2026-09-05T04:43:55.587Z,-68.75,5.37,1092.6,-227.7
2026-09-05T04:44:09.955Z,-26.62,5.36,1093.8,-137945.4
2026-09-05T04:44:24.387Z,3.31,5.34,1093.8,256.7
2026-09-05T04:44:38.820Z,9.81,5.39,1089.2,215.6
2026-09-05T04:44:53.956Z,17.94,5.39,1089.4,180.1
2026-09-05T04:45:08.035Z,18,5.4,1089.2,178.4
2026-09-05T04:45:31.428Z,-5.75,5.33,1093.8,370.6
2026-09-05T04:45:45.827Z,16.5,5.37,1091.6,182.7
2026-09-05T04:45:59.843Z,17.25,5.33,1091.6,180.3
2026-09-05T04:46:13.923Z,8.44,5.39,1093.4,221.3
2026-09-05T04:46:27.971Z,-2.44,5.36,1093.7,315
2026-09-05T04:46:41.987Z,20.12,5.34,1092.2,171.3
2026-09-05T04:46:56.451Z,24.31,5.29,1093,158.8
2026-09-05T04:47:10.115Z,22.56,5.31,1093,161.2
2026-09-05T04:47:23.779Z,19.69,5.32,1091.6,171.3
2026-09-05T04:47:37.827Z,7.19,5.29,1093.3,227
2026-09-05T04:47:51.811Z,-15.06,5.34,1093.5,827.4
2026-09-05T04:48:15.075Z,-26.69,5.35,1093.5,-120590
2026-09-05T04:48:29.507Z,-10,5.33,1093.6,477.5
2026-09-05T04:48:43.555Z,10.62,5.38,1090.4,212.6
2026-09-05T04:48:57.635Z,23.62,5.35,1088.4,160.8
2026-09-05T04:49:11.683Z,23,5.3,1092.7,163.1
2026-09-05T04:49:25.411Z,23.06,5.31,1091.9,161.5
2026-09-05T04:49:39.107Z,22.62,5.33,1088.2,166.3
2026-09-05T04:49:52.771Z,23.19,5.28,1092.6,163.6
2026-09-05T04:50:07.107Z,23.25,5.29,1092.3,165.6
2026-09-05T04:50:21.283Z,22.94,5.32,1088.8,165.1
2026-09-05T04:50:34.915Z,23.19,5.29,1090.6,165.2
2026-09-05T04:50:49.507Z,20.44,5.32,1090,172.5
2026-09-05T04:51:03.651Z,7.62,5.33,1088.8,233.7
2026-09-05T04:51:17.667Z,-7.69,5.3,1092.4,421.3
2026-09-05T04:51:32.131Z,-40.75,5.35,1089.2,-892.4
2026-09-05T04:51:46.564Z,-68.75,5.3,1092.9,-228.1
2026-09-05T04:52:01.060Z,-68.75,5.32,1093.4,-221.1
2026-09-05T04:52:15.620Z,-68.75,5.35,1089.4,-226.1
2026-09-05T04:52:40.163Z,-68.75,5.37,1093.6,-218.1
2026-09-05T04:52:55.971Z,-53,5.36,1093.4,-377.5
2026-09-05T04:53:11.235Z,-68.75,5.42,1088.8,-223.4
2026-09-05T04:53:26.724Z,-68.75,5.42,1088.8,-221.2
2026-09-05T04:53:41.156Z,-68.75,5.42,1089.1,-219.4
2026-09-05T04:53:56.036Z,-3.44,5.38,1092.6,332.5
2026-09-05T04:54:10.116Z,3.81,5.34,1092.8,251.6
2026-09-05T04:54:24.291Z,-68.75,5.4,1090.8,-213.8
2026-09-05T04:54:39.331Z,-68.75,5.41,1089,-218.7
2026-09-05T04:54:53.827Z,-68.75,5.36,1093.4,-216.4
2026-09-05T04:55:08.707Z,4.12,5.36,1093.2,243.8
2026-09-05T04:55:22.787Z,14.81,5.36,1093.3,185.3
2026-09-05T04:55:36.964Z,-51.69,5.37,1093.3,-402.4
2026-09-05T04:55:52.227Z,-65.31,5.35,1093.2,-240
2026-09-05T04:56:07.875Z,-68.75,5.39,1089.9,-226.5
2026-09-05T04:56:23.651Z,-68.75,5.4,1091,-220.5
2026-09-05T04:56:38.115Z,-68.75,5.39,1093.4,-217.8
2026-09-05T04:56:53.572Z,-68.75,5.34,1093.2,-219.8
2026-09-05T04:57:08.163Z,-68.75,5.4,1088.4,-222
2026-09-05T04:57:23.012Z,-19.94,5.41,1089,3489.8
2026-09-05T04:57:37.507Z,11.56,5.35,1092.9,197.3
2026-09-05T04:57:52.163Z,-43,5.35,1090.8,-697.8
2026-09-05T04:58:06.915Z,-68.75,5.33,1093.2,-214.8
2026-09-05T04:58:21.412Z,-68.75,5.37,1092.7,-219.2
2026-09-05T04:58:36.227Z,-68.75,5.4,1088.4,-220.5
2026-09-05T04:58:50.819Z,-68.75,5.33,1093.4,-217.1
2026-09-05T04:59:05.347Z,-68.75,5.4,1088.4,-218.1
2026-09-05T04:59:20.259Z,-68.75,5.38,1092.1,-216.1
2026-09-05T04:59:34.724Z,-68.75,5.4,1091.9,-217.8
2026-09-05T04:59:49.667Z,-68.75,5.41,1090.1,-214.4
2026-09-05T05:00:04.099Z,-68.75,5.39,1091.6,-217.4
2026-09-05T05:00:18.628Z,-68.75,5.39,1090,-217.1
2026-09-05T05:00:33.091Z,-68.75,5.43,1088.7,-220.8
2026-09-05T05:00:47.427Z,-68.75,5.39,1092.8,-215.4
2026-09-05T05:01:02.471Z,-68.75,5.43,1088.7,-213.8
2026-09-05T05:01:18.147Z,-68.75,5.43,1091,-219.1
2026-09-05T05:01:32.835Z,-68.75,5.39,1089.8,-215
2026-09-05T05:01:47.267Z,-68.75,5.38,1093.2,-214
2026-09-05T05:02:01.763Z,-68.75,5.38,1092.6,-214
2026-09-05T05:02:16.803Z,-68.75,5.4,1089.4,-213.7
2026-09-05T05:02:31.972Z,-68.75,5.42,1089,-218.5
2026-09-05T05:02:46.471Z,-68.75,5.4,1091.2,-217.6
2026-09-05T05:03:00.963Z,-33.06,5.39,1093,-2643.5
2026-09-05T05:03:15.523Z,-52.69,5.39,1093.1,-366.9
2026-09-05T05:03:30.435Z,-31.56,5.38,1091,-4058.5
2026-09-05T05:03:45.828Z,-36.12,5.38,1092.8,-1522.4
2026-09-05T05:04:00.227Z,-52,5.34,1093,-396.2
2026-09-05T05:04:14.884Z,-62.12,5.36,1092.5,-268.8
2026-09-05T05:04:39.811Z,-68.75,5.4,1088.6,-218.7
2026-09-05T05:04:54.755Z,-68.75,5.4,1089.8,-215.4
2026-09-05T05:05:09.283Z,-68.75,5.41,1088.5,-222.9
2026-09-05T05:05:23.844Z,-68.75,5.39,1091.4,-221.3
2026-09-05T05:05:49.539Z,-68.75,5.37,1092.1,-221.2
2026-09-05T05:06:14.467Z,-68.75,5.43,1088.2,-217.3
2026-09-05T05:06:29.155Z,-68.25,5.41,1089.4,-221.4
2026-09-05T05:06:43.619Z,-68.75,5.42,1088.6,-217.4
2026-09-05T05:06:58.115Z,-68.75,5.38,1092.9,-216.8
2026-09-05T05:07:13.219Z,-68.75,5.41,1089.5,-217.2
2026-09-05T05:07:27.779Z,-68.75,5.38,1092.9,-212.4
2026-09-05T05:07:42.243Z,-68.75,5.38,1092.1,-212.7
2026-09-05T05:08:06.771Z,-68.75,5.37,1092.8,-215.8
2026-09-05T05:08:21.667Z,-68.75,5.38,1091.8,-215.6
2026-09-05T05:08:36.227Z,-68.75,5.38,1093,-215.2
2026-09-05T05:08:50.819Z,-68.75,5.41,1088.7,-218.5
2026-09-05T05:09:36.331Z,-68.75,5.4,1092,-221.7
2026-09-05T05:10:12.003Z,-68.75,5.41,1092.7,-217.1
2026-09-05T05:10:26.471Z,-34.5,5.44,1087.5,-2057
2026-09-05T05:10:41.828Z,-28,5.37,1091,-23652.8
2026-09-05T05:10:56.707Z,-48.19,5.39,1087.4,-490.6
2026-09-05T05:11:11.203Z,-48.5,5.41,1087.6,-467.3
2026-09-05T05:11:25.635Z,-60.56,5.4,1088.6,-278.9
2026-09-05T05:11:40.099Z,-45.38,5.38,1089.2,-566.6
2026-09-05T05:11:55.651Z,7.75,5.4,1087.9,218.4
2026-09-05T05:12:10.147Z,22,5.35,1088,165.7
2026-09-05T05:12:23.907Z,23.19,5.31,1090.4,160.7
2026-09-05T05:12:38.595Z,24.12,5.29,1091.4,159.8
2026-09-05T05:12:52.323Z,23.44,5.32,1087.4,162.3
2026-09-05T05:13:06.051Z,22.38,5.33,1087.2,166.3
2026-09-05T05:13:20.227Z,22.31,5.28,1089.8,168.8
2026-09-05T05:13:33.891Z,22.81,5.32,1087.4,166.3
2026-09-05T05:13:47.683Z,23.06,5.29,1089.4,167
2026-09-05T05:14:01.379Z,22.62,5.31,1086.4,167.4
2026-09-05T05:14:15.075Z,5.06,5.3,1091.2,246.2
2026-09-05T05:14:29.572Z,-12.25,5.32,1087.6,627.9
2026-09-05T05:14:44.420Z,-35.94,5.3,1091.5,-1556
2026-09-05T05:14:59.235Z,-66.62,5.33,1088.6,-243
2026-09-05T05:15:13.732Z,-64.06,5.37,1088.7,-258.6
2026-09-05T05:15:28.899Z,-68.75,5.34,1092.2,-220.3
2026-09-05T05:16:04.004Z,-45.31,5.38,1089,-596.2
2026-09-05T05:16:18.532Z,-34.62,5.38,1087.2,-2043.7
2026-09-05T05:16:32.995Z,-37.94,5.38,1088.2,-1200.5
2026-09-05T05:16:47.844Z,-49.25,5.39,1090.4,-455.7
2026-09-05T05:17:02.371Z,-48.31,5.37,1089.6,-488.2
2026-09-05T05:17:17.732Z,-31.94,5.39,1089,-3801.6
2026-09-05T05:17:32.227Z,-8.81,5.37,1088.4,459.3
2026-09-05T05:17:46.307Z,-15.88,5.33,1091.8,1012.2
2026-09-05T05:18:01.156Z,-26.75,5.37,1092,-109143.2
2026-09-05T05:18:17.091Z,-22.19,5.4,1087.4,19870.4
2026-09-05T05:18:40.099Z,-3.38,5.31,1091.7,336.9
2026-09-05T05:18:54.947Z,-5.62,5.32,1091.6,378.5
2026-09-05T05:19:10.115Z,2.38,5.33,1091.6,270.8
2026-09-05T05:19:24.195Z,7.56,5.37,1087.2,231.2
2026-09-05T05:19:38.979Z,11.56,5.33,1091.5,202.7
2026-09-05T05:19:53.027Z,15.19,5.31,1091.5,186.2
2026-09-05T05:20:07.108Z,17.69,5.3,1090,178.9
2026-09-05T05:20:21.859Z,19.88,5.32,1090,172.9
2026-09-05T05:20:36.003Z,16.81,5.32,1091.5,178.3
2026-09-05T05:20:51.267Z,-5.38,5.31,1090.2,375.9
2026-09-05T05:21:05.283Z,-26.38,5.36,1087.1,-252581.4
2026-09-05T05:21:19.843Z,-38.44,5.3,1091.8,-1132.2
2026-09-05T05:21:34.723Z,-48.69,5.34,1088.3,-499.9
2026-09-05T05:21:49.219Z,-68.75,5.35,1091.4,-217.2
2026-09-05T05:22:04.452Z,-68.75,5.37,1090.2,-218.9
2026-09-05T05:22:18.947Z,-68.75,5.4,1087.6,-228.9
2026-09-05T05:22:44.355Z,-68.75,5.42,1089,-226
2026-09-05T05:22:59.235Z,-53.88,5.42,1087.2,-376.8
2026-09-05T05:23:13.572Z,-52.88,5.41,1087.1,-397.2
2026-09-05T05:23:28.100Z,-56.31,5.36,1092,-338.3
2026-09-05T05:23:43.299Z,-68.75,5.42,1087.4,-223.8
2026-09-05T05:23:57.764Z,-68.75,5.36,1092.2,-218.3
2026-09-05T05:24:12.676Z,-68.75,5.43,1087.4,-226.8
2026-09-05T05:24:27.171Z,-68.75,5.43,1090.9,-216.8
2026-09-05T05:24:41.635Z,-68.75,5.39,1089.6,-220.5
2026-09-05T05:24:57.059Z,-68.75,5.43,1089,-224.1
2026-09-05T05:25:11.588Z,-38.44,5.4,1092.2,-1095.5
2026-09-05T05:25:26.307Z,-15.62,5.42,1089.1,914.4
2026-09-05T05:25:40.804Z,-11.31,5.39,1088.6,535.5
2026-09-05T05:25:56.131Z,-25.31,5.41,1087.6,-18025574.8
2026-09-05T05:26:11.587Z,-25.81,5.41,1089.9,-954442
2026-09-05T05:26:26.339Z,-25.19,5.35,1092,-67818991
2026-09-05T05:26:40.771Z,-13.06,5.36,1091.8,643.1
2026-09-05T05:26:55.172Z,21.31,5.36,1091,162.5
2026-09-05T05:27:09.251Z,22.69,5.34,1087.4,164
2026-09-05T05:27:23.908Z,23,5.35,1087.6,159.6
2026-09-05T05:27:37.956Z,22.94,5.34,1089.3,158.4
2026-09-05T05:27:51.716Z,23.88,5.33,1088.9,162.6
2026-09-05T05:28:05.347Z,24.38,5.32,1088.7,160.8
2026-09-05T05:28:19.044Z,23.69,5.32,1088,162.8
2026-09-05T05:28:32.772Z,23.12,5.32,1088.4,166.4
2026-09-05T05:28:46.788Z,8.25,5.34,1087,230.2
2026-09-05T05:29:00.932Z,-11.19,5.35,1088.1,546.7
2026-09-05T05:29:15.331Z,-25.56,5.32,1087.4,-3274474.6
2026-09-05T05:29:29.700Z,-35.81,5.3,1091.2,-1628
2026-09-05T05:29:44.868Z,-62.19,5.31,1091.1,-280.9
2026-09-05T05:29:59.652Z,-67.75,5.32,1089.6,-231.9
2026-09-05T05:30:14.147Z,-66.06,5.34,1091.2,-242.1
2026-09-05T05:30:28.515Z,-68.75,5.38,1088.8,-221.8
2026-09-05T05:30:42.883Z,-68.75,5.37,1089.2,-226.2
2026-09-05T05:30:57.419Z,-68.75,5.38,1090.5,-225.3
2026-09-05T05:31:44.836Z,-68.75,5.43,1087.2,-222.5
2026-09-05T05:31:59.235Z,-68.75,5.41,1088,-221
2026-09-05T05:32:14.723Z,-68.75,5.44,1087.4,-219.3
2026-09-05T05:32:29.092Z,-68.75,5.44,1088.4,-216.4
2026-09-05T05:32:44.483Z,-67.56,5.44,1088.8,-223.6
2026-09-05T05:32:58.948Z,-68.75,5.4,1089.7,-218.8
2026-09-05T05:33:13.476Z,-52.69,5.42,1090.5,-373.5
2026-09-05T05:33:28.355Z,-53.25,5.39,1091.6,-380.9
2026-09-05T05:33:42.788Z,-51,5.42,1088.6,-411.7
2026-09-05T05:33:57.155Z,-68.75,5.41,1090.7,-220.2
2026-09-05T05:34:11.555Z,-68.75,5.39,1090.8,-218.4
2026-09-05T05:34:26.019Z,-68.75,5.43,1087.2,-226.5
2026-09-05T05:34:48.868Z,-59.62,5.44,1087,-286.7
2026-09-05T05:35:03.235Z,-68.75,5.42,1088.4,-223.4
2026-09-05T05:35:17.635Z,-49.56,5.4,1091.5,-438.2
2026-09-05T05:35:32.003Z,-39.56,5.42,1088.8,-955
2026-09-05T05:35:46.819Z,-54.31,5.39,1091.6,-355.1
2026-09-05T05:36:01.955Z,-57.12,5.45,1086.6,-324.9
2026-09-05T05:36:16.452Z,-36.25,5.4,1091.6,-1425.6
2026-09-05T05:36:30.852Z,-42.69,5.45,1088,-704.5
2026-09-05T05:36:45.283Z,-63.19,5.4,1091.6,-250.6
2026-09-05T05:37:00.772Z,-64.69,5.39,1091.6,-247.8
2026-09-05T05:37:15.075Z,-63.5,5.39,1091.4,-255.8
2026-09-05T05:37:29.380Z,-68.69,5.43,1086.7,-221.4
2026-09-05T05:37:44.387Z,-68.75,5.43,1085.9,-215
2026-09-05T05:37:58.659Z,-40.06,5.36,1089.2,-876
2026-09-05T05:38:13.795Z,-37.81,5.39,1090.6,-1141.8
2026-09-05T05:38:28.867Z,-38.12,5.43,1087.7,-1125
2026-09-05T05:38:43.427Z,-6.81,5.44,1088.2,389.4
2026-09-05T05:38:57.380Z,-5.31,5.4,1091,359.7
2026-09-05T05:39:12.067Z,-3.88,5.4,1089.4,338.1
2026-09-05T05:39:26.371Z,-20.62,5.43,1088.3,5054.5
2026-09-05T05:39:41.155Z,-56.25,5.38,1091.6,-324.9
2026-09-05T05:39:55.555Z,-68.75,5.43,1088.4,-220.7
2026-09-05T05:40:09.892Z,-68.75,5.39,1091.4,-217.9
2026-09-05T05:40:24.323Z,-68.75,5.4,1091.6,-220.3
2026-09-05T05:40:39.172Z,-68.75,5.41,1088.2,-219.1
2026-09-05T05:40:54.532Z,-68.69,5.39,1091.4,-223.5
2026-09-05T05:41:08.867Z,-67.31,5.38,1091.2,-230.6
2026-09-05T05:41:23.171Z,-66.62,5.42,1088.4,-235.1
2026-09-05T05:41:37.507Z,-63.25,5.41,1087.8,-259.2
2026-09-05T05:41:52.259Z,-59.44,5.39,1087.8,-296.4
2026-09-05T05:42:07.140Z,-53.44,5.37,1090.8,-374.5
2026-09-05T05:42:21.539Z,-46.88,5.4,1087,-526.6
2026-09-05T05:42:35.939Z,-20,5.31,1090.4,3780.8
2026-09-05T05:42:50.307Z,-4.38,5.35,1085.6,362.4
2026-09-05T05:43:04.675Z,-1.19,5.33,1090.4,314
2026-09-05T05:43:18.628Z,-5,5.31,1090.2,367
2026-09-05T05:43:33.219Z,14.81,5.3,1090,193.3
2026-09-05T05:43:47.235Z,2.94,5.36,1085.8,271.7
2026-09-05T05:44:01.315Z,-10.75,5.34,1088.9,528.8
2026-09-05T05:44:17.027Z,-14.75,5.39,1086.4,857.2
2026-09-05T05:44:31.459Z,-11.81,5.39,1086.2,581.1
2026-09-05T05:44:45.923Z,0.75,5.33,1088.4,287.9
2026-09-05T05:45:00.035Z,11.19,5.32,1089.6,208.4
2026-09-05T05:45:14.115Z,19.69,5.32,1089.2,172.6
2026-09-05T05:45:28.419Z,24,5.38,1085,162
2026-09-05T05:45:41.987Z,23.31,5.38,1084.9,165.2
2026-09-05T05:46:05.827Z,22.62,5.36,1084.9,166.3
2026-09-05T05:46:20.931Z,22.62,5.3,1089.2,165.5
2026-09-05T22:00:52.132Z,-68.75,5.42,1095.1,-254.3
2026-09-05T22:01:19.908Z,-68.75,5.42,1094.2,-257.7
2026-09-05T22:01:34.404Z,-68.75,5.45,1091.2,-258.5
2026-09-05T22:01:48.836Z,-68.75,5.43,1094.3,-252.5
2026-09-05T22:02:03.299Z,-68.75,5.42,1093.5,-259.6
2026-09-05T22:02:18.243Z,-68.75,5.45,1092.2,-255.2
2026-09-05T22:02:33.667Z,-68.75,5.44,1091.4,-254.9
2026-09-05T22:02:48.067Z,-68.75,5.45,1091.4,-260.6
2026-09-05T22:03:03.203Z,-68.75,5.45,1091.4,-258.4
2026-09-05T22:03:17.732Z,-68.75,5.42,1095,-252.1
2026-09-05T22:03:32.579Z,-68.75,5.45,1091.4,-253.9
2026-09-05T22:03:47.044Z,-68.75,5.45,1091.4,-256.8
2026-09-05T22:04:01.507Z,-68.75,5.44,1092.2,-258.1
2026-09-05T22:04:16.004Z,-68.75,5.42,1095,-251.4
2026-09-05T22:04:30.404Z,-68.75,5.45,1092.3,-254
2026-09-05T22:04:46.147Z,-26.75,5.42,1094,-158046.1
2026-09-05T22:05:00.579Z,-31.94,5.44,1094.9,-4776.7
2026-09-05T22:05:14.915Z,-58.62,5.42,1094,-350.9
2026-09-05T22:05:29.475Z,-68.75,5.43,1094.4,-252.2
2026-09-05T22:05:44.900Z,-68.75,5.44,1095.1,-253.2
2026-09-05T22:05:59.652Z,-68.75,5.44,1094.8,-256.1
2026-09-05T22:06:15.108Z,-68.75,5.44,1092.8,-252.9
2026-09-05T22:06:29.635Z,-68.75,5.45,1092.2,-259.9
2026-09-05T22:06:44.068Z,-68.75,5.43,1095,-256.8
2026-09-05T22:06:58.468Z,-68.75,5.42,1095,-250.5
2026-09-05T22:07:13.251Z,-68.75,5.44,1091.5,-259.1
2026-09-05T22:07:27.652Z,-68.75,5.43,1093.6,-252
2026-09-05T22:07:42.051Z,-68.75,5.45,1093.3,-252.1
2026-09-05T22:07:56.387Z,-68.75,5.44,1095.2,-255.7
2026-09-05T22:08:10.787Z,-67,5.45,1092.2,-263.6
2026-09-05T22:08:25.539Z,-6.25,5.43,1093.7,423.9
2026-09-05T22:08:40.515Z,-6.75,5.43,1093.4,448.4
2026-09-05T22:08:54.564Z,-24.94,5.44,1092.9,3021224779.5
2026-09-05T22:09:08.964Z,-54.69,5.44,1092.7,-422.9
2026-09-05T22:09:23.556Z,-67.56,5.42,1095.2,-258.5
2026-09-05T22:09:38.564Z,-68.75,5.45,1092.6,-253
2026-09-05T22:09:53.028Z,-68.75,5.44,1094.5,-248.5
2026-09-05T22:10:07.492Z,-68.75,5.44,1092.8,-249.8
2026-09-05T22:10:22.243Z,-68.75,5.47,1091.9,-254.3
2026-09-05T22:10:36.836Z,-68.75,5.46,1092.6,-252.5
2026-09-05T22:10:52.547Z,-68.75,5.43,1095,-249.9
2026-09-05T22:11:07.076Z,-68.75,5.42,1095.2,-251.8
2026-09-05T22:11:22.339Z,-68.75,5.43,1095,-248.4
2026-09-05T22:11:36.803Z,-68.75,5.44,1094.1,-249.8
2026-09-05T22:11:51.715Z,-68.75,5.46,1093.5,-255
2026-09-05T22:12:07.012Z,-49.25,5.46,1093,-538.1
2026-09-05T22:12:21.764Z,-7.69,5.44,1095.2,465.2
2026-09-05T22:12:35.844Z,-5.62,5.47,1091.6,410.7
2026-09-05T22:12:49.955Z,-34.44,5.47,1091.6,-2455.3
2026-09-05T22:13:04.900Z,-54.5,5.46,1093.2,-410.6
2026-09-05T22:13:19.363Z,-60.94,5.42,1095,-324.8
2026-09-05T22:13:33.860Z,-68.75,5.43,1095,-251.6
2026-09-05T22:13:48.291Z,-68.75,5.44,1094.8,-253.1
2026-09-05T22:14:02.787Z,-68.75,5.43,1094.4,-251.5
2026-09-05T22:14:17.603Z,-68.75,5.44,1095.3,-252.3
2026-09-05T22:14:32.068Z,-68.75,5.47,1091.6,-255
2026-09-05T22:14:46.499Z,-68.75,5.47,1091.5,-254
2026-09-05T22:15:01.700Z,-68.75,5.42,1095,-253.9
2026-09-05T22:15:16.164Z,-68.75,5.43,1095,-248
2026-09-05T22:15:31.203Z,-68.75,5.46,1091.6,-255.6
2026-09-05T22:15:45.636Z,-68.75,5.46,1093.2,-247.7
2026-09-05T22:16:00.100Z,-68.75,5.44,1095.2,-254.5
2026-09-05T22:16:14.532Z,-68.75,5.47,1093.2,-248.9
2026-09-05T22:16:28.964Z,-68.75,5.47,1095.2,-250.2
2026-09-05T22:16:44.612Z,-58.5,5.45,1095.2,-349
2026-09-05T22:16:59.171Z,-29.56,5.48,1091.8,-11897.4
2026-09-05T22:17:13.604Z,-22,5.44,1095.2,20806.5
2026-09-05T22:17:28.068Z,-60,5.48,1092.6,-332.6
2026-09-05T22:17:42.563Z,-64.69,5.46,1095.2,-278.7
2026-09-05T22:17:57.379Z,-65.5,5.48,1091.6,-281.7
2026-09-05T22:18:12.035Z,-68.75,5.48,1091.8,-256.7
2026-09-05T22:18:26.471Z,-68.75,5.45,1095.3,-254.2
2026-09-05T22:18:40.900Z,-68.75,5.45,1095.2,-246.7
2026-09-05T22:18:55.555Z,-68.75,5.47,1094.3,-253.8
2026-09-05T22:19:10.435Z,-68.75,5.45,1093.2,-253.5
2026-09-05T22:19:24.867Z,-68.75,5.45,1093.6,-251.1
2026-09-05T22:19:39.299Z,-63.25,5.45,1095,-296
2026-09-05T22:19:54.883Z,-0.19,5.43,1094.6,324.5
2026-09-05T22:20:08.964Z,-5.12,5.44,1093.2,404.7
2026-09-05T22:20:23.427Z,-42.5,5.43,1093.9,-872.4
2026-09-05T22:20:37.891Z,-62.56,5.42,1095,-301.2
2026-09-05T22:20:52.355Z,-65.12,5.44,1094.6,-278.7
2026-09-05T22:21:06.915Z,-68.75,5.45,1092.7,-249.6
2026-09-05T22:21:21.347Z,-68.75,5.41,1094.7,-254
2026-09-05T22:21:37.251Z,-68.75,5.45,1091.3,-257.2
2026-09-05T22:21:51.844Z,-68.75,5.43,1092.8,-257.8
2026-09-05T22:22:07.172Z,-68.75,5.45,1093.8,-255.9
2026-09-05T22:22:21.635Z,-68.75,5.42,1095,-251.9
2026-09-05T22:22:36.580Z,-68.75,5.43,1094,-255.9
2026-09-05T22:22:51.012Z,-68.75,5.4,1094.8,-252.5
2026-09-05T22:23:06.148Z,-59.88,5.45,1091.8,-335.9
2026-09-05T22:23:20.580Z,-7.19,5.43,1091.8,457.7
2026-09-05T22:23:34.660Z,-9.94,5.43,1092.6,554
2026-09-05T22:23:49.668Z,-31.44,5.41,1095,-5633.9
2026-09-05T22:24:04.100Z,-55.12,5.44,1092,-411.6
2026-09-05T22:24:18.596Z,-68.62,5.42,1094.8,-254.6
2026-09-05T22:24:33.059Z,-68.75,5.43,1093.6,-259.2
2026-09-05T22:24:47.492Z,-68.75,5.43,1093,-256.3
2026-09-05T22:25:03.235Z,-68.75,5.43,1091.7,-258.8
2026-09-05T22:25:17.731Z,-68.75,5.42,1093.4,-256.7
2026-09-05T22:25:33.732Z,-68.75,5.42,1095.2,-248.7
2026-09-05T22:25:48.419Z,-68.75,5.42,1094.6,-247.3
2026-09-05T22:26:04.259Z,-68.75,5.42,1095,-253
2026-09-05T22:26:18.724Z,-68.75,5.43,1094.4,-253
2026-09-05T22:26:33.187Z,-68.75,5.44,1092.8,-252.6
2026-09-05T22:26:47.619Z,-68.75,5.44,1091.9,-256.1
2026-09-05T22:27:02.115Z,-68.75,5.42,1095,-252
2026-09-05T22:27:17.000Z,-15.38,5.4,1095,1085.8
2026-09-05T22:27:31.492Z,-3.62,5.39,1095.1,375.4
2026-09-05T22:27:46.499Z,-22.25,5.42,1094.2,28491.8
2026-09-05T22:28:01.092Z,-53.81,5.45,1092.2,-427.3
2026-09-05T22:28:15.556Z,-68.75,5.4,1095,-251.4
2026-09-05T22:28:30.500Z,-68.75,5.45,1093.9,-249.8
2026-09-05T22:28:45.091Z,-68.75,5.46,1091.9,-256.8
2026-09-05T22:29:00.836Z,-68.75,5.44,1094.2,-251.4
2026-09-05T22:29:15.492Z,-68.75,5.42,1092.5,-254.6
2026-09-05T22:29:29.976Z,-68.75,5.42,1092.2,-259.5
2026-09-05T22:29:44.868Z,-68.75,5.44,1091.3,-255.7
2026-09-05T22:29:59.556Z,-68.75,5.42,1094.2,-250.5
2026-09-05T22:30:14.211Z,-68.75,5.44,1091.3,-255.6
2026-09-05T22:30:28.740Z,-68.62,5.44,1093.1,-259.8
2026-09-05T22:30:43.267Z,-44.25,5.43,1095,-738.4
2026-09-05T22:30:58.148Z,-6.38,5.42,1095,431.8
2026-09-05T22:31:12.259Z,0.62,5.44,1095.2,308.8
2026-09-05T22:31:36.195Z,-43.31,5.43,1092,-830.7
2026-09-05T22:31:58.915Z,-65.62,5.41,1094.8,-277.8
2026-09-05T22:32:13.832Z,-66.94,5.44,1092,-268.8
2026-09-05T22:32:28.323Z,-68.75,5.44,1092.6,-261
2026-09-05T22:32:43.299Z,-68.75,5.4,1094.9,-259.5
2026-09-05T22:32:57.795Z,-68.75,5.44,1095.2,-249.2
2026-09-05T22:33:13.156Z,-68.75,5.44,1093,-256.3
2026-09-05T22:33:28.004Z,-68.75,5.41,1095,-259.7
2026-09-05T22:33:42.500Z,-68.75,5.43,1092.4,-255.2
2026-09-05T22:33:57.028Z,-68.75,5.43,1094.2,-253.1
2026-09-05T22:34:11.588Z,-68.75,5.44,1092.7,-254.4
2026-09-05T22:34:26.435Z,-61.81,5.41,1095,-310.5
2026-09-05T22:34:41.219Z,-38.25,5.42,1094.7,-1338.3
2026-09-05T22:34:56.003Z,-16.81,5.41,1095,1505.6
2026-09-05T22:35:10.595Z,-2.56,5.42,1095,354.4
2026-09-05T22:35:25.507Z,-5.25,5.42,1094.9,401.7
2026-09-05T22:35:39.843Z,-22.19,5.44,1093.2,28804.4
2026-09-05T22:35:55.684Z,-56.62,5.44,1092.7,-383.3
2026-09-05T22:36:10.179Z,-65.62,5.42,1095,-279.6
2026-09-05T22:36:24.676Z,-68.75,5.44,1092,-258.5
2026-09-05T22:36:39.139Z,-68.75,5.42,1095.1,-251.8
2026-09-05T22:36:53.700Z,-68.75,5.46,1091.7,-254.2
2026-09-05T22:37:08.611Z,-68.75,5.42,1095,-257.5
2026-09-05T22:37:23.108Z,-68.75,5.42,1094.3,-256
2026-09-05T22:37:37.731Z,-68.75,5.41,1094.2,-259.4
2026-09-05T22:37:52.227Z,-68.75,5.42,1095.2,-250.8
2026-09-05T22:38:06.724Z,-68.75,5.42,1095,-253.5
2026-09-05T22:38:22.436Z,-68.75,5.45,1091.5,-260.2
2026-09-05T22:38:36.899Z,-66.38,5.41,1095.2,-271.7
2026-09-05T22:38:51.428Z,-48.88,5.41,1095.2,-553.9
2026-09-05T22:39:06.083Z,-16.62,5.45,1092,1446
2026-09-05T22:39:20.579Z,1.5,5.42,1095.2,300.6
2026-09-05T22:39:36.067Z,10.56,5.45,1094.2,232.2
2026-09-05T22:39:50.180Z,-12.25,5.43,1095,701.5
2026-09-05T22:40:04.611Z,-42.75,5.43,1095.2,-813.6
2026-09-05T22:40:19.075Z,-59,5.46,1095.4,-338.4
2026-09-05T22:40:33.571Z,-59.81,5.45,1092.2,-331.8
2026-09-05T22:40:48.739Z,-68.75,5.45,1095.2,-253.1
2026-09-05T22:41:03.267Z,-68.75,5.45,1092.6,-258.9
2026-09-05T22:41:17.763Z,-68.75,5.45,1095.2,-249.7
2026-09-05T22:41:32.355Z,-68.75,5.44,1095.2,-248.7
2026-09-05T22:41:47.587Z,-68.75,5.43,1093.4,-258.4
2026-09-05T22:42:02.435Z,-68.75,5.45,1091.4,-257
2026-09-05T22:42:16.932Z,-68.75,5.43,1095.2,-251.5
2026-09-05T22:42:31.492Z,-68.75,5.44,1094,-254.6
2026-09-05T22:42:45.956Z,-68.75,5.41,1095.1,-250.6
2026-09-05T22:43:00.548Z,-68.75,5.48,1091.6,-255.4
2026-09-05T22:43:15.459Z,-68.75,5.47,1091.6,-249.4
2026-09-05T22:43:29.956Z,-68.75,5.44,1094.9,-254.4
2026-09-05T22:43:44.484Z,-68.75,5.45,1093.8,-250.1
2026-09-05T22:43:59.523Z,-55.75,5.41,1095.2,-393
2026-09-05T22:44:14.084Z,-43.06,5.42,1095,-830.9
2026-09-05T22:44:28.995Z,-36.56,5.44,1091.5,-1728.4
2026-09-05T22:44:43.492Z,-26.69,5.43,1095.2,-157819.1
2026-09-05T22:44:58.243Z,-35.81,5.44,1092.7,-1911.7
2026-09-05T22:45:12.771Z,-52.38,5.44,1094.4,-453.3
2026-09-05T22:45:27.267Z,-56.69,5.4,1095,-379.7
2026-09-05T22:45:42.307Z,-56.75,5.46,1091.6,-387.2
2026-09-05T22:45:56.803Z,-68.38,5.44,1093,-255.7
2026-09-05T22:46:11.299Z,-68.75,5.43,1091.7,-257
2026-09-05T22:46:25.923Z,-68.75,5.45,1092,-259.1
2026-09-05T22:46:40.420Z,-68.75,5.43,1095,-255.7
2026-09-05T22:46:55.363Z,-68.75,5.42,1093.6,-255.7
2026-09-05T22:47:09.859Z,-68.75,5.42,1092.8,-257
2026-09-05T22:47:24.484Z,-68.75,5.43,1092.1,-258.9
2026-09-05T22:47:38.979Z,-68.75,5.45,1092,-255
2026-09-05T22:47:53.859Z,-68.75,5.46,1091.6,-257.3
2026-09-05T22:48:08.739Z,-61.12,5.43,1095.2,-317.3
2026-09-05T22:48:23.235Z,-41.06,5.45,1091.4,-1000.6
2026-09-05T22:48:37.635Z,-9.81,5.44,1094,540.9
2026-09-05T22:48:52.099Z,2.12,5.45,1091.8,299.1
2026-09-05T22:49:06.211Z,-16.31,5.43,1095,1357
2026-09-05T22:49:21.187Z,-50.5,5.44,1093.6,-508.5
2026-09-05T22:49:36.675Z,-62.06,5.45,1091.9,-308.6
2026-09-05T22:49:51.303Z,-58.5,5.44,1094.7,-354.7
2026-09-05T22:50:05.859Z,-68.75,5.44,1095.2,-256.1
2026-09-05T22:50:21.380Z,-68.75,5.42,1095.1,-251.8
2026-09-05T22:50:36.388Z,-68.75,5.41,1095,-254.7
2026-09-05T22:50:52.163Z,-68.75,5.45,1093,-254.7
2026-09-05T22:51:06.724Z,-68.75,5.4,1094.9,-251.3
2026-09-05T22:51:21.251Z,-68.75,5.42,1095,-251.1
2026-09-05T22:51:35.779Z,-68.75,5.44,1092.6,-256.8
2026-09-05T22:51:50.595Z,-68.75,5.42,1095,-253.3
2026-09-05T22:52:05.219Z,-68.75,5.43,1095,-253.4
2026-09-05T22:52:19.812Z,-68.75,5.45,1094.2,-250.9
2026-09-05T22:52:34.307Z,-68.75,5.46,1093.2,-256.3
2026-09-05T22:52:48.836Z,-68.75,5.47,1094.8,-255.7
2026-09-05T22:53:03.747Z,-64.81,5.48,1091.6,-288.1
2026-09-05T22:53:18.243Z,-59,5.45,1094.2,-350.1
2026-09-05T22:53:33.156Z,-47.69,5.46,1093.8,-592
2026-09-05T22:53:47.716Z,-36.38,5.46,1095.4,-1753.1
2026-09-05T22:54:02.179Z,-21.5,5.44,1095.2,13723.4
2026-09-05T22:54:17.124Z,-13.12,5.45,1091.2,788.3
2026-09-05T22:54:32.612Z,-41.19,5.46,1092.6,-987.9
2026-09-05T22:54:48.164Z,-52.62,5.42,1094.1,-447.3
2026-09-05T22:55:02.659Z,-50.75,5.43,1094.7,-484.1
2026-09-05T22:55:17.540Z,-64.25,5.42,1094.2,-288.8
2026-09-05T22:55:32.100Z,-63.25,5.43,1091.7,-306.5
2026-09-05T22:55:46.564Z,-68.75,5.4,1095,-257
2026-09-05T22:56:01.060Z,-68.75,5.42,1094.2,-250.7
2026-09-05T22:56:15.620Z,-68.75,5.44,1091.2,-260.1
2026-09-05T22:56:31.524Z,-68.75,5.43,1092.8,-253.5
2026-09-05T22:56:46.019Z,-68.75,5.42,1094,-257.4
2026-09-05T22:57:00.580Z,-68.75,5.44,1092.9,-255.8
2026-09-05T22:57:15.107Z,-19.44,5.43,1094.2,3860.6
2026-09-05T22:57:30.307Z,-24.19,5.41,1093.4,1330296.2
2026-09-05T22:57:45.315Z,-47.56,5.4,1094.7,-601.4
2026-09-05T22:57:59.844Z,-68.75,5.41,1093.7,-260.9
2026-09-05T22:58:14.371Z,-68.75,5.43,1093,-253
2026-09-05T22:58:28.868Z,-68.75,5.38,1095,-253.6
2026-09-05T22:58:43.396Z,-68.75,5.42,1092,-256.3
2026-09-05T22:58:59.363Z,-68.75,5.41,1093.4,-255.8
2026-09-05T22:59:13.827Z,-68.75,5.42,1092.2,-265.2
2026-09-05T22:59:29.091Z,-68.75,5.4,1094.8,-255.1
2026-09-05T22:59:43.684Z,-68.75,5.4,1094.8,-261.6
2026-09-05T22:59:59.044Z,-68.75,5.42,1091,-263
2026-09-05T23:00:13.956Z,-68.75,5.42,1091,-260.1
2026-09-05T23:00:29.156Z,-9.75,5.41,1091.4,566.8
2026-09-05T23:00:43.748Z,-4.69,5.4,1090.8,409.6
2026-09-05T23:00:58.788Z,-22.19,5.41,1092.5,29159.3
2026-09-05T23:01:13.347Z,-51.69,5.42,1091.2,-489.2
2026-09-05T23:01:28.163Z,-67,5.41,1094.2,-276.3
2026-09-05T23:01:55.491Z,-68.75,5.41,1095.2,-258.2
2026-09-05T23:02:19.172Z,-68.75,5.41,1094.9,-257.7
2026-09-05T23:02:35.076Z,-68.75,5.43,1093.6,-258.8
2026-09-05T23:02:49.571Z,-68.75,5.41,1095,-250.2
2026-09-05T23:03:04.036Z,-68.75,5.4,1095,-252.8
2026-09-05T23:03:18.564Z,-68.75,5.44,1091.4,-254.9
2026-09-05T23:03:33.060Z,-68.75,5.41,1094.4,-251.3
2026-09-05T23:03:48.003Z,-68.75,5.42,1094.4,-259.1
2026-09-05T23:04:02.499Z,-68.75,5.42,1095.2,-253.6
2026-09-05T23:04:16.964Z,-67.31,5.43,1095,-264.6
2026-09-05T23:04:31.460Z,-53.5,5.44,1095.3,-433.9
2026-09-05T23:04:46.692Z,-30.81,5.45,1094.1,-6789.8
2026-09-05T23:05:01.636Z,-11.12,5.43,1094.2,617.7
2026-09-05T23:05:16.323Z,-0.19,5.41,1095,320.9
2026-09-05T23:05:30.852Z,0.12,5.45,1092.8,318.9
2026-09-05T23:05:44.996Z,-22.44,5.43,1095.2,35418.9
2026-09-05T23:06:00.452Z,-51.19,5.44,1095,-483.6
2026-09-05T23:06:16.291Z,-63.75,5.42,1095,-286.9
2026-09-05T23:06:30.916Z,-61.19,5.42,1094.9,-323
2026-09-05T23:06:45.443Z,-68.75,5.4,1094.6,-254.3
2026-09-05T23:07:00.804Z,-68.75,5.43,1092.6,-258.8
2026-09-05T23:07:15.779Z,-68.75,5.43,1092.4,-258.6
2026-09-05T23:07:30.307Z,-68.75,5.41,1091.6,-262.3
2026-09-05T23:07:44.836Z,-68.75,5.42,1092.7,-256.3
2026-09-05T23:07:59.363Z,-68.75,5.41,1094.2,-256.5
2026-09-05T23:08:13.923Z,-68.75,5.42,1093.4,-256
2026-09-05T23:08:28.836Z,-68.75,5.41,1095,-258.2
2026-09-05T23:08:43.299Z,-68.75,5.44,1091.3,-259.1
2026-09-05T23:08:57.828Z,-68.75,5.41,1094.6,-251.3
2026-09-05T23:09:12.355Z,-68.75,5.44,1092.8,-258.8
2026-09-05T23:09:26.948Z,-68.75,5.43,1091.5,-261.3
2026-09-05T23:09:41.860Z,-68.75,5.42,1095,-253.2
2026-09-05T23:09:56.387Z,-68.75,5.44,1091.3,-258.9
2026-09-05T23:10:10.979Z,-58,5.43,1095.2,-355.7
2026-09-05T23:10:25.507Z,-47.31,5.42,1095.1,-604.5
2026-09-05T23:10:40.004Z,-39.56,5.41,1095.2,-1156.9
2026-09-05T23:10:55.012Z,-21.94,5.43,1093.2,21598.1
2026-09-05T23:11:11.492Z,-23.31,5.41,1093.8,135237.4
2026-09-05T23:11:25.987Z,-40.44,5.43,1094.8,-1073.3
2026-09-05T23:11:40.515Z,-50.56,5.46,1091.4,-502.9
2026-09-05T23:11:55.431Z,-52.06,5.44,1091.2,-465.8
2026-09-05T23:12:09.955Z,-60.81,5.39,1094.6,-325.3
2026-09-05T23:12:25.379Z,-68.75,5.41,1091.8,-262.1
2026-09-05T23:12:39.843Z,-68.75,5.41,1091.6,-264.4
2026-09-05T23:12:54.403Z,-68.75,5.4,1090.8,-265.6
2026-09-05T23:13:09.283Z,-68.75,5.39,1092,-267.2
2026-09-05T23:13:23.780Z,-68.75,5.37,1093.2,-265.1
2026-09-05T23:13:39.108Z,-68.75,5.4,1091,-264.7
2026-09-05T23:13:53.604Z,-68.75,5.38,1094.6,-261
2026-09-05T23:14:08.132Z,-68.75,5.4,1094.9,-260.5
2026-09-05T23:14:23.011Z,-68.75,5.39,1092.6,-264.4
2026-09-05T23:14:37.507Z,-68.75,5.39,1093.6,-261.6
2026-09-05T23:14:52.835Z,-68.75,5.39,1094.8,-260.8
2026-09-05T23:15:07.331Z,-68.75,5.39,1095,-262.1
2026-09-05T23:15:22.756Z,-68.75,5.39,1094,-267.7
2026-09-05T23:15:37.700Z,-68.75,5.39,1094.8,-260.7
2026-09-05T23:15:52.355Z,-68.75,5.42,1091,-265.8
2026-09-05T23:16:06.852Z,-68.75,5.43,1091.2,-261.9
2026-09-05T23:16:22.084Z,-68.75,5.42,1093.2,-258.9
2026-09-05T23:16:36.707Z,-68.75,5.43,1092.8,-255.3
2026-09-05T23:16:51.684Z,-68.75,5.45,1091.7,-260.5
2026-09-05T23:17:09.091Z,-68.75,5.43,1091.2,-258.4
2026-09-05T23:17:23.556Z,-48.19,5.42,1093.5,-577.7
2026-09-05T23:17:38.083Z,-38,5.37,1094.6,-1413
2026-09-05T23:17:52.995Z,-58.44,5.4,1092.2,-369.4
2026-09-05T23:18:07.587Z,-64.31,5.4,1094,-300.8
2026-09-05T23:18:22.115Z,-67,5.4,1093.4,-269.5
2026-09-05T23:18:36.579Z,-68.75,5.38,1094.8,-253.4
2026-09-05T23:18:51.075Z,-68.75,5.42,1091,-258.4
2026-09-05T23:19:05.975Z,-68.75,5.41,1094.6,-258.1
2026-09-05T23:19:20.484Z,-68.75,5.43,1092.5,-258.9
2026-09-05T23:19:35.428Z,-68.75,5.4,1094.8,-256.8
2026-09-05T23:19:49.955Z,-68.75,5.42,1092.6,-259.6
2026-09-05T23:20:05.475Z,-68.62,5.4,1092.8,-260.5
2026-09-05T23:20:20.419Z,-37.69,5.41,1092.6,-1502.2
2026-09-05T23:20:34.915Z,-24.69,5.42,1090.9,24597404.1
2026-09-05T23:20:49.475Z,-12.25,5.41,1094.8,704.5
2026-09-05T23:21:04.004Z,-0.44,5.43,1091.4,331.4
2026-09-05T23:21:18.307Z,-0.12,5.42,1091.1,331.7
2026-09-05T23:21:33.732Z,-35.12,5.39,1094.9,-2225.7
2026-09-05T23:21:49.092Z,-53.75,5.42,1092.7,-439.7
2026-09-05T23:22:03.556Z,-56,5.43,1091.2,-403.5
2026-09-05T23:22:18.020Z,-59.56,5.42,1093.6,-338.9
2026-09-05T23:22:32.484Z,-68.69,5.43,1095,-258.6
2026-09-05T23:22:48.164Z,-68.75,5.43,1091.2,-262.1
2026-09-05T23:23:02.628Z,-68.75,5.44,1093.3,-251.1
2026-09-05T23:23:17.091Z,-68.75,5.44,1093.2,-259.3
2026-09-05T23:23:31.683Z,-68.75,5.41,1094.2,-257.8
2026-09-05T23:23:46.243Z,-68.75,5.42,1092.8,-259.8
2026-09-05T23:24:01.700Z,-68.75,5.43,1092.3,-260.2
2026-09-05T23:24:16.195Z,-68.75,5.41,1093.9,-260.9
2026-09-05T23:24:30.660Z,-68.75,5.43,1092.9,-257
2026-09-05T23:24:45.187Z,-68.75,5.45,1093,-253.6
2026-09-05T23:24:59.716Z,-68.75,5.45,1093,-252
2026-09-05T23:25:14.563Z,-68.75,5.44,1093.8,-258.2
2026-09-05T23:25:29.860Z,-65.44,5.45,1091.6,-276.8
2026-09-05T23:25:44.451Z,-51.81,5.47,1091.8,-460.2
2026-09-05T23:25:58.947Z,-39.81,5.47,1091.6,-1134
2026-09-05T23:26:13.443Z,-23.56,5.43,1094.7,205550.7
2026-09-05T23:26:28.355Z,-0.56,5.41,1094.6,328.7
2026-09-05T23:26:42.499Z,-19.56,5.42,1094.2,3971
2026-09-05T23:26:57.060Z,-45.38,5.43,1092.6,-682.9
2026-09-05T23:27:11.492Z,-55.62,5.39,1094.8,-387.3
2026-09-05T23:27:26.020Z,-51.44,5.42,1091,-491.1
2026-09-05T23:27:41.667Z,-68.5,5.42,1091.8,-262.4
2026-09-05T23:27:56.163Z,-68.75,5.41,1092.2,-258.7
2026-09-05T23:28:10.692Z,-68.75,5.4,1094.8,-256.4
2026-09-05T23:28:25.219Z,-68.75,5.38,1095,-252.7
2026-09-05T23:28:39.716Z,-68.75,5.42,1091.1,-258.7
2026-09-05T23:28:54.628Z,-68.75,5.41,1092.7,-254
2026-09-05T23:29:10.148Z,-68.75,5.42,1091.1,-254.2
2026-09-05T23:29:24.612Z,-68.75,5.42,1094.1,-251.1
2026-09-05T23:29:39.171Z,-68.75,5.44,1091.2,-257.4
2026-09-05T23:29:53.700Z,-55.88,5.42,1093,-399.1
2026-09-05T23:30:08.580Z,-34.62,5.43,1092.5,-2421.7
2026-09-05T23:30:23.044Z,-14.38,5.4,1095,922.9
2026-09-05T23:30:37.699Z,-9.69,5.42,1091.6,553.7
2026-09-05T23:30:52.259Z,-21.12,5.4,1093.2,10931.9
2026-09-05T23:31:06.756Z,-51.69,5.43,1091.2,-498.9
2026-09-05T23:31:22.147Z,-68.75,5.39,1093.6,-260.5
2026-09-05T23:31:36.740Z,-64.62,5.39,1095,-292
2026-09-05T23:31:51.171Z,-67.12,5.42,1093.4,-268.2
2026-09-05T23:32:15.396Z,-68.75,5.42,1094.6,-256
2026-09-05T23:32:39.460Z,-68.75,5.4,1095,-260.6
2026-09-05T23:32:54.020Z,-68.75,5.4,1093.6,-259.4
2026-09-05T23:33:08.612Z,-68.75,5.42,1092.8,-258.9
2026-09-05T23:33:23.171Z,-68.75,5.39,1095,-256.6
2026-09-05T23:33:37.988Z,-68.75,5.41,1091.4,-260.4
2026-09-05T23:33:52.484Z,-10.81,5.39,1092,623.1
2026-09-05T23:34:06.980Z,-18.62,5.37,1091.6,2876.9
2026-09-05T23:34:21.476Z,-39.44,5.34,1094.4,-1230.5
2026-09-05T23:34:36.099Z,-68.19,5.39,1094.6,-261.5
2026-09-05T23:34:50.979Z,-68.75,5.37,1094.7,-258.8
2026-09-05T23:35:05.507Z,-68.75,5.41,1092.8,-255.7
2026-09-05T23:35:20.068Z,-68.75,5.39,1093.4,-259.3
2026-09-05T23:35:34.627Z,-68.75,5.39,1093.2,-264
2026-09-05T23:35:50.020Z,-68.75,5.38,1095,-257.7
2026-09-05T23:36:04.932Z,-68.75,5.42,1091.2,-262.4
2026-09-05T23:36:19.459Z,-68.75,5.4,1092.5,-261.6
2026-09-05T23:36:34.371Z,-68.75,5.4,1095.2,-256.1
2026-09-05T23:36:48.804Z,-68.75,5.42,1093.7,-260.2
2026-09-05T23:37:03.331Z,-68.75,5.42,1091.4,-264.5
2026-09-05T23:37:18.211Z,-68.62,5.43,1091.8,-261
2026-09-05T23:37:32.835Z,-27.5,5.39,1093.2,-62323.3
2026-09-05T23:37:47.363Z,-3.5,5.4,1094.7,379.3
2026-09-05T23:38:01.539Z,-1,5.4,1093.9,340.3
2026-09-05T23:38:15.715Z,0.88,5.42,1093.4,316
2026-09-05T23:38:30.243Z,-13.88,5.42,1094,876.1
2026-09-05T23:38:44.868Z,-48.88,5.44,1092.8,-575.4
2026-09-05T23:39:00.259Z,-63,5.4,1095,-302.7
2026-09-05T23:39:14.755Z,-61.25,5.43,1092.6,-332.4
2026-09-05T23:39:29.251Z,-66.88,5.41,1094.6,-266.6
2026-09-05T23:39:44.164Z,-68.75,5.42,1091.4,-263.8
2026-09-05T23:39:58.627Z,-68.75,5.39,1095.1,-255.4
2026-09-05T23:40:13.156Z,-68.75,5.44,1092.8,-257.1
2026-09-05T23:40:27.619Z,-68.75,5.42,1095,-251.6
2026-09-05T23:40:43.011Z,-68.75,5.43,1092.2,-264.4
2026-09-05T23:40:58.019Z,-68.75,5.43,1093,-256
2026-09-05T23:41:13.699Z,-68.75,5.41,1095.2,-259.8
2026-09-05T23:41:28.451Z,-68.75,5.41,1095,-249.5
2026-09-05T23:41:42.948Z,-68.75,5.42,1095.1,-257.2
2026-09-05T23:41:57.444Z,-66.94,5.43,1092.7,-273
2026-09-05T23:42:12.355Z,-27.56,5.41,1095,-57362.3
2026-09-05T23:42:27.331Z,-36.12,5.4,1094.2,-1884.8
2026-09-05T23:42:41.795Z,-37.94,5.42,1092.4,-1446.6
2026-09-05T23:42:56.195Z,-47.38,5.37,1095,-622.1
2026-09-05T23:43:10.691Z,-52.44,5.42,1091,-476.7
2026-09-05T23:43:25.508Z,-68.75,5.44,1091.9,-262.4
2026-09-05T23:43:39.971Z,-68.75,5.41,1092.7,-257.1
2026-09-05T23:43:54.980Z,-68.75,5.43,1092.4,-264.2
2026-09-05T23:44:09.475Z,-68.75,5.41,1094.1,-251.8
2026-09-05T23:44:23.875Z,-68.75,5.41,1095.2,-250.5
2026-09-05T23:44:38.691Z,-68.75,5.42,1095.2,-258.1
2026-09-05T23:44:53.155Z,-51.38,5.43,1093,-487.1
2026-09-05T23:45:07.652Z,-23.75,5.42,1092.2,331373.8
2026-09-05T23:45:22.211Z,-5.81,5.41,1094.8,421.4
2026-09-05T23:45:36.291Z,-16.69,5.42,1093,1437.7
2026-09-05T23:45:51.139Z,-45.06,5.42,1094,-721.5
2026-09-05T23:46:05.539Z,-66.69,5.43,1094.4,-271.4
2026-09-05T23:46:20.004Z,-64.12,5.44,1092,-292.9
2026-09-05T23:46:36.163Z,-68.75,5.43,1094.1,-254.9
2026-09-05T23:46:50.628Z,-66.75,5.39,1094,-270.1
2026-09-05T23:47:05.476Z,-68.75,5.39,1095.2,-255.6
2026-09-05T23:47:19.908Z,-68.75,5.4,1095,-252.7
2026-09-05T23:47:34.339Z,-68.75,5.41,1094.6,-261.6
2026-09-05T23:47:48.932Z,-68.75,5.41,1095.2,-256.1
2026-09-05T23:48:03.363Z,-68.75,5.42,1091.6,-256.4
2026-09-05T23:48:18.243Z,-44.31,5.44,1091.4,-767.4
2026-09-05T23:48:33.604Z,0.62,5.42,1094.8,316.4
2026-09-05T23:48:48.420Z,-15.75,5.4,1095,1220
2026-09-05T23:49:02.852Z,-45.38,5.44,1091.2,-701.3
2026-09-05T23:49:17.347Z,-58.81,5.43,1092,-357
2026-09-05T23:49:32.227Z,-63.69,5.44,1091.3,-302.8
2026-09-05T23:49:46.596Z,-66.44,5.43,1091.4,-280
2026-09-05T23:50:01.028Z,-68.75,5.43,1095,-256.8
2026-09-05T23:50:15.523Z,-68.75,5.42,1094.9,-252.5
2026-09-05T23:50:30.564Z,-68.75,5.4,1095,-259.5
2026-09-05T23:50:45.412Z,-68.75,5.41,1095,-265.6
2026-09-05T23:51:00.548Z,-68.75,5.42,1092.8,-261
2026-09-05T23:51:15.012Z,-68.75,5.4,1094,-263.7
2026-09-05T23:51:29.412Z,-68.75,5.44,1092.9,-254
2026-09-05T23:51:44.003Z,-68.75,5.41,1095.2,-258.4
2026-09-05T23:51:58.820Z,-64.88,5.43,1093.6,-286.5
2026-09-05T23:52:13.316Z,-47.38,5.42,1095.2,-600.4
2026-09-05T23:52:27.844Z,-31.88,5.43,1095.3,-4838.6
2026-09-05T23:52:42.339Z,-9.06,5.43,1091.9,521.8
2026-09-05T23:52:56.867Z,-30.62,5.4,1095.2,-7317.1
2026-09-05T23:53:11.748Z,-47,5.43,1092.2,-628.2
2026-09-05T23:53:26.263Z,-52.25,5.4,1094.9,-447.7
2026-09-05T23:53:41.892Z,-58.69,5.4,1095,-345.4
2026-09-05T23:53:56.355Z,-68.38,5.41,1091.8,-260.8
2026-09-05T23:54:10.819Z,-68.75,5.43,1092.2,-255.1
2026-09-05T23:54:25.668Z,-68.75,5.4,1095.1,-257
2026-09-05T23:54:40.227Z,-68.75,5.39,1094.8,-258.1
2026-09-05T23:54:54.756Z,-68.75,5.41,1095,-261
2026-09-05T23:55:09.251Z,-68.75,5.42,1095.2,-254.7
2026-09-05T23:55:24.355Z,-68.75,5.41,1092.2,-260.9
2026-09-05T23:55:39.203Z,-60.19,5.39,1095,-331.4
2026-09-05T23:55:54.211Z,-49.31,5.42,1092.7,-549.7
2026-09-05T23:56:08.611Z,-30.25,5.38,1094.8,-8899.3
2026-09-05T23:56:23.107Z,-9,5.4,1094.7,505.9
2026-09-05T23:56:37.603Z,-11.94,5.41,1095.1,655.8
2026-09-05T23:56:52.483Z,-43.44,5.4,1094.9,-815.2
2026-09-05T23:57:07.459Z,-50.88,5.44,1091.3,-510.1
2026-09-05T23:57:21.955Z,-53.19,5.4,1094,-447.5
2026-09-05T23:57:36.419Z,-60,5.41,1093,-343.2
2026-09-05T23:57:51.427Z,-68.75,5.39,1095,-254.3
2026-09-05T23:58:06.243Z,-68.75,5.41,1094,-257.3
2026-09-05T23:58:20.675Z,-68.75,5.41,1095.2,-252.9
2026-09-05T23:58:35.107Z,-68.75,5.39,1093.4,-260.1
2026-09-05T23:58:49.540Z,-68.75,5.43,1092,-258.7
2026-09-05T23:59:03.972Z,-68.75,5.41,1093.4,-261.3
2026-09-05T23:59:19.076Z,-68.75,5.41,1095.2,-254.7
2026-09-05T23:59:33.571Z,-68.75,5.44,1092.3,-254.5
2026-09-05T23:59:47.972Z,-68.75,5.43,1094.5,-253.9
2026-09-06T00:00:02.404Z,-52.12,5.42,1093.8,-473.1
2026-09-06T00:00:16.900Z,-6.62,5.44,1091.2,449
2026-09-06T00:00:31.363Z,-19.12,5.39,1094.9,3261
2026-09-06T00:00:45.860Z,-44.88,5.44,1091.6,-727.5
2026-09-06T00:01:00.355Z,-58.88,5.43,1094.6,-345.7
2026-09-06T00:01:14.979Z,-58,5.4,1094.8,-364.9
2026-09-06T00:01:29.444Z,-60.88,5.43,1093.3,-330.3
2026-09-06T00:01:44.836Z,-68.75,5.43,1092.9,-253.3
2026-09-06T00:01:59.331Z,-68.75,5.43,1094.4,-258.2
2026-09-06T00:02:13.956Z,-68.75,5.42,1093.4,-261.1
2026-09-06T00:02:39.715Z,-68.75,5.41,1095,-261.6
2026-09-06T00:03:03.459Z,-68.75,5.43,1091.4,-256.3
2026-09-06T00:03:18.564Z,-68.75,5.43,1093.5,-259.2
2026-09-06T00:03:33.155Z,-68.75,5.43,1093.5,-260.5
2026-09-06T00:03:48.099Z,-27.62,5.41,1093.8,-51418.6
2026-09-06T00:04:02.947Z,-37.62,5.39,1094.9,-1486
2026-09-06T00:04:17.796Z,-58.12,5.4,1095,-364.8
2026-09-06T00:04:32.259Z,-62.38,5.43,1091.2,-313.5
2026-09-06T00:04:48.195Z,-62.88,5.39,1094.9,-303.5
2026-09-06T00:05:03.107Z,-63.62,5.41,1095,-297.3
2026-09-06T00:05:17.571Z,-39.31,5.42,1092.4,-1267.8
2026-09-06T00:05:32.100Z,-39.44,5.42,1092.6,-1222.3
2026-09-06T00:05:46.500Z,-47.06,5.42,1091.1,-629
2026-09-06T00:06:01.028Z,-56.81,5.4,1095,-380.4
2026-09-06T00:06:15.908Z,-60.19,5.42,1092,-338.5
2026-09-06T00:06:30.403Z,-68.75,5.43,1093.1,-259.7
2026-09-06T00:06:44.899Z,-68.75,5.41,1093.8,-257.7
2026-09-06T00:06:59.395Z,-68.75,5.4,1095,-253
2026-09-06T00:07:13.860Z,-68.75,5.42,1093,-253.7
2026-09-06T00:07:29.091Z,-68.75,5.42,1091.8,-264.2
2026-09-06T00:07:43.619Z,-68.75,5.39,1094.9,-259.1
2026-09-06T00:07:58.020Z,-68.75,5.43,1091.4,-263.7
2026-09-06T00:08:12.676Z,-68.75,5.44,1091.4,-259.5
2026-09-06T00:08:27.108Z,-68.75,5.44,1095.2,-261.6
2026-09-06T00:08:41.956Z,-60.06,5.41,1094.4,-329.8
2026-09-06T00:08:56.451Z,-55.44,5.45,1094.4,-405.5
2026-09-06T00:09:10.915Z,-62.56,5.44,1093.8,-307.5
2026-09-06T00:09:25.347Z,-63.62,5.44,1094.6,-296.5
2026-09-06T00:09:39.779Z,-63.75,5.42,1093.6,-301
2026-09-06T00:09:54.628Z,-68.62,5.43,1093.4,-256.1
2026-09-06T00:10:09.635Z,-68.75,5.44,1092.7,-260
2026-09-06T00:10:24.131Z,-68.75,5.44,1095,-256.7
2026-09-06T00:10:38.627Z,-68.75,5.42,1091.8,-261.6
2026-09-06T00:10:53.124Z,-68.75,5.42,1093.8,-257
2026-09-06T00:11:08.259Z,-68.75,5.42,1095.2,-253.6
2026-09-06T00:11:22.723Z,-68.75,5.41,1090.8,-264.1
2026-09-06T00:11:37.859Z,-68.75,5.39,1095,-254.5
2026-09-06T00:11:52.963Z,-68.75,5.39,1094.8,-258.8
2026-09-06T00:12:07.587Z,-63.88,5.42,1091.2,-300.9
2026-09-06T00:12:22.467Z,-46.75,5.4,1094.6,-651.3
2026-09-06T00:12:37.667Z,-19.31,5.41,1095.1,3611.6
2026-09-06T00:12:52.163Z,-21.31,5.43,1092.4,12862
2026-09-06T00:13:07.203Z,-50.81,5.45,1091.6,-499.7
2026-09-06T00:13:21.763Z,-61.31,5.42,1095.2,-312.6
2026-09-06T00:13:36.644Z,-54.38,5.4,1095,-414.7
2026-09-06T00:13:51.107Z,-65.62,5.41,1095,-276.7
2026-09-06T00:14:05.540Z,-68.75,5.43,1092.8,-253.9
2026-09-06T00:14:19.907Z,-68.75,5.42,1092.8,-254.9
2026-09-06T00:14:34.339Z,-68.75,5.44,1092.8,-252.3
2026-09-06T00:14:49.188Z,-68.75,5.43,1095.1,-252.6
2026-09-06T00:15:04.772Z,-68.75,5.43,1092,-253.6
2026-09-06T00:15:19.203Z,-68.75,5.44,1091.2,-257.9
2026-09-06T00:15:33.635Z,-49.25,5.43,1091.2,-545.7
2026-09-06T00:15:48.227Z,-35.81,5.4,1092.2,-1990.3
2026-09-06T00:16:03.043Z,-42.06,5.38,1094.8,-893
2026-09-06T00:16:17.507Z,-16.19,5.41,1093.6,1304.5
2026-09-06T00:16:32.259Z,-48.06,5.42,1092.1,-588.6
2026-09-06T00:16:46.659Z,-52.31,5.42,1092,-463.7
2026-09-06T00:17:01.571Z,-66.56,5.42,1093,-270
2026-09-06T00:17:16.452Z,-68.75,5.43,1091.2,-258.9
2026-09-06T00:17:30.884Z,-68.75,5.39,1095,-254.4
2026-09-06T00:17:45.315Z,-68.75,5.39,1095.1,-251.4
2026-09-06T00:18:00.420Z,-68.75,5.4,1094.8,-253.1
2026-09-06T00:18:14.852Z,-68.75,5.43,1092.2,-257.4
2026-09-06T00:18:29.668Z,-68.75,5.4,1095.1,-256.6
2026-09-06T00:18:44.536Z,-68.75,5.42,1093.8,-257.2
2026-09-06T00:18:59.107Z,-68.75,5.43,1094.2,-253.6
2026-09-06T00:19:13.572Z,-68.75,5.44,1092.4,-257.1
2026-09-06T00:19:28.740Z,-61.69,5.44,1093,-315
2026-09-06T00:19:43.492Z,-46.31,5.4,1094,-649.8
2026-09-06T00:19:57.956Z,-23.75,5.41,1095.2,329294.1
2026-09-06T00:20:12.420Z,-7.19,5.42,1092.9,458.1
2026-09-06T00:20:26.500Z,-27.88,5.43,1091.4,-42033.6
2026-09-06T00:20:40.899Z,-55.69,5.44,1092.6,-399.4
2026-09-06T00:20:56.388Z,-63.44,5.45,1091.4,-302.8
2026-09-06T00:21:10.851Z,-55.25,5.43,1091.4,-420.2
2026-09-06T00:21:25.699Z,-65.06,5.41,1095.1,-285.8
2026-09-06T00:21:40.132Z,-68.75,5.4,1095,-264.4
2026-09-06T00:21:54.500Z,-68.75,5.38,1095,-261.2
2026-09-06T00:22:09.315Z,-68.75,5.45,1091.5,-262.5
2026-09-06T00:22:24.131Z,-68.75,5.44,1091.4,-262.7
2026-09-06T00:22:38.595Z,-68.75,5.43,1092.2,-257.7
2026-09-06T00:22:53.187Z,-68.75,5.42,1095,-258.6
2026-09-06T00:23:08.259Z,-68.75,5.43,1091.4,-261.9
2026-09-06T00:23:23.203Z,-68.75,5.39,1095,-255
2026-09-06T00:23:37.668Z,-68.75,5.44,1092.3,-255.1
2026-09-06T00:23:52.100Z,-68.75,5.42,1094.4,-255.1
2026-09-06T00:24:06.564Z,-68.75,5.41,1095,-259.2
2026-09-06T00:24:21.124Z,-68.75,5.44,1093.2,-257.7
2026-09-06T00:24:35.908Z,-45.19,5.43,1090.8,-748.6
2026-09-06T00:24:50.980Z,-20.88,5.42,1092.8,9537.6
2026-09-06T00:25:05.411Z,-40.06,5.4,1095,-1113.8
2026-09-06T00:25:19.908Z,-62.44,5.43,1091.5,-314
2026-09-06T00:25:34.500Z,-67.5,5.43,1093.3,-268.3
2026-09-06T00:25:49.923Z,-68.75,5.42,1092.7,-266.9
2026-09-06T00:26:04.388Z,-68.75,5.43,1091.9,-262.1
2026-09-06T00:26:19.203Z,-68.75,5.4,1094.1,-260.5
2026-09-06T00:26:33.732Z,-68.75,5.42,1093.2,-268.4
2026-09-06T00:26:48.611Z,-68.75,5.43,1093.6,-258.1
2026-09-06T00:27:04.067Z,-68.75,5.43,1093,-260.4
2026-09-06T00:27:18.532Z,-68.75,5.42,1095.2,-250.2
2026-09-06T00:27:32.963Z,-68.75,5.4,1095,-255.8
2026-09-06T00:27:48.035Z,-68.75,5.43,1092.8,-262.6
2026-09-06T00:28:02.471Z,-50.88,5.44,1094.6,-490.4
2026-09-06T00:28:17.795Z,-5.75,5.41,1094.2,429.7
2026-09-06T00:28:31.843Z,-26.62,5.42,1093,-208966.2
2026-09-06T00:28:46.628Z,-57.38,5.42,1092.4,-383.8
2026-09-06T00:29:01.059Z,-68.75,5.43,1093.4,-258
2026-09-06T00:29:15.492Z,-66.62,5.42,1095.2,-272.4
2026-09-06T00:29:30.468Z,-68.75,5.43,1091.6,-259.2
2026-09-06T00:29:45.028Z,-68.75,5.4,1095.1,-251.8
2026-09-06T00:29:59.523Z,-68.75,5.41,1095,-255.6
2026-09-06T00:30:14.436Z,-68.75,5.44,1092.8,-252.2
2026-09-06T00:30:28.835Z,-68.44,5.43,1091.2,-265.1
2026-09-06T00:30:43.748Z,-68.75,5.43,1094.8,-254.3
2026-09-06T00:30:58.852Z,-68.75,5.41,1095.2,-257
2026-09-06T00:31:13.251Z,-68.75,5.39,1095,-254.5
2026-09-06T00:31:28.068Z,-68.75,5.43,1091,-261.6
2026-09-06T00:31:42.532Z,-68.75,5.4,1094.8,-258.5
2026-09-06T00:31:57.860Z,-68.75,5.43,1091.2,-262.8
2026-09-06T00:32:12.452Z,-68.75,5.42,1095.2,-258.1
2026-09-06T00:32:26.916Z,-68.75,5.42,1095.1,-255.6
2026-09-06T00:32:51.716Z,-62.38,5.44,1091.4,-318.2
2026-09-06T00:33:16.963Z,-62.88,5.44,1091.6,-309.4
2026-09-06T00:33:31.460Z,-68.75,5.45,1092.1,-262.1
2026-09-06T00:33:45.923Z,-64.25,5.43,1091.7,-298.9
2026-09-06T00:34:00.611Z,-65.75,5.41,1095.2,-276.9
2026-09-06T00:34:15.427Z,-68.31,5.41,1095,-266.3
2026-09-06T00:34:29.891Z,-68.75,5.44,1092.2,-257.9
2026-09-06T00:34:45.155Z,-68.75,5.44,1093.1,-257.7
2026-09-06T00:34:59.587Z,-68.75,5.42,1094,-254.3
2026-09-06T00:35:14.020Z,-68.75,5.44,1093.4,-257
2026-09-06T00:35:29.143Z,-68.75,5.41,1092.8,-259.4
2026-09-06T00:35:43.587Z,-68.75,5.41,1094.4,-264.9
2026-09-06T00:35:58.147Z,-68.75,5.42,1095.4,-252.2
2026-09-06T00:36:12.644Z,-68.75,5.45,1091.6,-261.7
2026-09-06T00:36:27.107Z,-68.75,5.44,1093.4,-254.9
2026-09-06T00:36:41.891Z,-60.38,5.41,1095.2,-330
2026-09-06T00:36:56.996Z,-45.5,5.46,1091.6,-694.2
2026-09-06T00:37:11.588Z,-26.62,5.43,1092.9,-204146.8
2026-09-06T00:37:26.020Z,-41.56,5.44,1093.8,-917.9
2026-09-06T00:37:40.484Z,-54.69,5.44,1092.7,-422.8
2026-09-06T00:37:55.236Z,-53.25,5.43,1094.9,-455
2026-09-06T00:38:09.860Z,-51.94,5.45,1091.4,-487.6
2026-09-06T00:38:24.355Z,-62.94,5.44,1092.6,-305
2026-09-06T00:38:39.427Z,-66.62,5.41,1095.1,-271.9
2026-09-06T00:38:53.924Z,-68.75,5.44,1092.9,-257.4
2026-09-06T00:39:09.539Z,-68.75,5.45,1091.4,-256.3
2026-09-06T00:39:23.971Z,-68.75,5.41,1095.1,-256.1
2026-09-06T00:39:39.075Z,-68.75,5.4,1095.2,-252.8
2026-09-06T00:39:53.507Z,-63.44,5.41,1095.2,-300.3
2026-09-06T00:40:07.875Z,-68.75,5.43,1092.6,-254.4
2026-09-06T00:40:22.659Z,-68.75,5.44,1093,-253.6
2026-09-06T00:40:37.219Z,-68.75,5.42,1093.8,-261.6
2026-09-06T00:40:51.651Z,-68.75,5.41,1094,-260.9
2026-09-06T00:41:06.051Z,-68.75,5.44,1092.6,-255.7
2026-09-06T00:41:20.963Z,-68.75,5.41,1095,-257
2026-09-06T00:41:35.907Z,-68.75,5.42,1093.6,-258.1
2026-09-06T00:41:51.171Z,-68.75,5.44,1092.2,-262.8
2026-09-06T00:42:06.211Z,-68.75,5.41,1095,-255.3
2026-09-06T00:42:20.740Z,-20.69,5.4,1094.8,8038.5
2026-09-06T00:42:35.235Z,-39.62,5.42,1092.2,-1213.5
2026-09-06T00:42:50.052Z,-65,5.43,1091.8,-292
2026-09-06T00:43:04.580Z,-68.75,5.39,1093.2,-263.8
2026-09-06T00:43:18.948Z,-64.94,5.39,1094.6,-286.8
2026-09-06T00:43:33.476Z,-67.31,5.39,1092,-277.8
2026-09-06T00:43:48.355Z,-68.75,5.39,1090.8,-270.2
2026-09-06T00:44:03.171Z,-68.75,5.38,1094.6,-259.8
2026-09-06T00:44:17.635Z,-68.75,5.39,1093.3,-264.1
2026-09-06T00:44:32.099Z,-68.75,5.38,1094.6,-264.8
2026-09-06T00:44:46.532Z,-68.75,5.37,1093.6,-266.6
2026-09-06T00:45:01.507Z,-68.75,5.39,1091.3,-270.5
2026-09-06T00:45:16.291Z,-54.5,5.41,1091,-439.8
2026-09-06T00:45:31.299Z,-9.25,5.4,1093,545.7
2026-09-06T00:45:45.795Z,-29.94,5.41,1092.2,-11055.7
2026-09-06T00:46:00.259Z,-57.25,5.43,1091.2,-379.4
2026-09-06T00:46:14.723Z,-65.62,5.39,1095,-285.7
2026-09-06T00:46:29.476Z,-62.12,5.41,1095.2,-314.2
2026-09-06T00:46:43.939Z,-61.06,5.42,1091.3,-332.9
2026-09-06T00:46:58.403Z,-68.75,5.4,1093.4,-262.1
2026-09-06T00:47:12.900Z,-68.75,5.4,1095,-254.2
2026-09-06T00:47:27.331Z,-68.75,5.38,1095,-260.2
2026-09-06T00:47:42.275Z,-68.75,5.42,1091.3,-261.2
2026-09-06T00:47:56.996Z,-68.75,5.4,1095,-252.8
2026-09-06T00:48:11.491Z,-68.75,5.41,1091.5,-262.3
2026-09-06T00:48:25.955Z,-68.75,5.4,1094.9,-259.6
2026-09-06T00:48:40.355Z,-13.62,5.41,1093.2,859.1
2026-09-06T00:48:55.683Z,-26,5.41,1095,-818788.3
2026-09-06T00:49:10.211Z,-47.31,5.43,1093.7,-623.9
2026-09-06T00:49:24.964Z,-67.5,5.43,1091.6,-268.6
2026-09-06T00:49:39.427Z,-68.75,5.44,1093,-258
2026-09-06T00:49:53.827Z,-68.75,5.45,1091.4,-257.2
2026-09-06T00:50:09.219Z,-68.75,5.41,1095.1,-257.7
2026-09-06T00:50:23.652Z,-68.75,5.44,1091.4,-262.8
2026-09-06T00:50:38.116Z,-68.75,5.43,1094.5,-256.3
2026-09-06T00:50:53.380Z,-68.75,5.43,1092.3,-260.7
2026-09-06T00:51:07.780Z,-68.75,5.41,1093.8,-254.6
2026-09-06T00:51:23.428Z,-68.75,5.4,1094.9,-254.2
2026-09-06T00:51:37.924Z,-66.62,5.41,1093.9,-273
2026-09-06T00:51:52.291Z,-21.62,5.43,1092.8,15436.3
2026-09-06T00:52:06.756Z,-3.38,5.39,1095,372.7
2026-09-06T00:52:21.156Z,-16.19,5.44,1091.4,1331.1
2026-09-06T00:52:36.516Z,-44.62,5.4,1095,-746.2
2026-09-06T00:52:50.980Z,-59.94,5.41,1095.4,-339.6
2026-09-06T00:53:05.508Z,-68.62,5.42,1095.2,-255.4
2026-09-06T00:53:20.035Z,-68.75,5.43,1093.1,-261.6
2026-09-06T00:53:34.532Z,-66.81,5.42,1091,-278.8
2026-09-06T00:53:49.347Z,-68.75,5.41,1094.5,-248.9
2026-09-06T00:54:03.843Z,-68.75,5.43,1093,-252.9
2026-09-06T00:54:18.243Z,-68.75,5.41,1094.4,-256.8
2026-09-06T00:54:32.675Z,-68.75,5.41,1095.1,-252.9
2026-09-06T00:54:47.203Z,-68.75,5.44,1092.8,-255.6
2026-09-06T00:55:02.148Z,-68.75,5.38,1095,-253.4
2026-09-06T00:55:16.676Z,-17.56,5.44,1091.2,1977.5
2026-09-06T00:55:31.172Z,-15.69,5.4,1094.1,1227.3
2026-09-06T00:55:45.860Z,-47,5.42,1092.6,-628
2026-09-06T00:56:00.387Z,-68.44,5.43,1091.2,-259.6
2026-09-06T00:56:17.412Z,-67.19,5.39,1093.4,-273.3
2026-09-06T00:58:35.139Z,-7.06,5.38,1094.8,453.9
2026-09-06T00:58:49.187Z,-10.25,5.37,1094.8,586.2
2026-09-06T00:59:03.619Z,-11.06,5.39,1094.7,627.9
2026-09-06T00:59:18.019Z,-17,5.41,1092.6,1661
2026-09-06T00:59:32.483Z,-31.19,5.38,1092.8,-6301.6
2026-09-06T00:59:48.323Z,-47.69,5.39,1092.4,-620.6
2026-09-06T01:00:03.588Z,-68.75,5.42,1093.4,-255.1
2026-09-06T01:00:18.020Z,-68.75,5.39,1094.2,-256.8
2026-09-06T01:00:32.419Z,-68.75,5.41,1095,-256.7
2026-09-06T01:00:46.787Z,-68.75,5.42,1094,-258.6
2026-09-06T01:01:01.667Z,-68.75,5.41,1093.7,-263
2026-09-06T01:01:16.131Z,-68.75,5.44,1091.2,-260.2
2026-09-06T01:01:30.563Z,-68.75,5.39,1095.2,-255.9
2026-09-06T01:01:44.995Z,-68.75,5.43,1094.8,-256.1
2026-09-06T01:01:59.619Z,-68.75,5.41,1095.2,-257
2026-09-06T01:02:14.563Z,-68.75,5.42,1095.2,-248.4
2026-09-06T01:02:28.995Z,-68.75,5.43,1095.2,-249.1
2026-09-06T01:02:43.395Z,-51.81,5.44,1093,-468.7
2026-09-06T01:03:11.171Z,-34.88,5.41,1095,-2364.9
2026-09-06T01:03:37.124Z,-68.12,5.45,1091.8,-256.6
2026-09-06T01:03:51.523Z,-68.75,5.46,1091.6,-254.9
2026-09-06T01:04:05.987Z,-68.75,5.43,1095.2,-258.4
2026-09-06T01:04:20.451Z,-68.75,5.44,1092.8,-254.9
2026-09-06T01:04:35.267Z,-68.75,5.44,1092.9,-258.2
2026-09-06T01:04:49.731Z,-68.75,5.45,1091.3,-261.2
2026-09-06T01:05:04.067Z,-68.75,5.42,1095,-256.3
2026-09-06T01:05:18.500Z,-68.75,5.44,1091.4,-258.8
2026-09-06T01:05:32.963Z,-68.75,5.43,1095.2,-253.2
2026-09-06T01:05:48.580Z,-68.75,5.41,1094.6,-260.7
2026-09-06T01:06:03.043Z,-68.75,5.44,1094.4,-257.3
2026-09-06T01:06:17.604Z,-68.75,5.41,1095.2,-254.7
2026-09-06T01:06:32.035Z,-61.38,5.43,1094.7,-325.1
2026-09-06T01:06:46.531Z,-28.5,5.43,1095.2,-24802.9
2026-09-06T01:07:01.507Z,-0.5,5.42,1090.6,340.8
2026-09-06T01:07:15.555Z,-3.44,5.38,1092.2,384.7
2026-09-06T01:07:29.667Z,-6.31,5.39,1094.6,438.3
2026-09-06T01:07:43.811Z,-8.62,5.41,1092.2,518.3
2026-09-06T01:07:58.307Z,-21.38,5.4,1091.3,13577.9
2026-09-06T01:08:13.283Z,-31.31,5.41,1091,-6069.5
2026-09-06T01:08:27.844Z,-61.88,5.39,1093.6,-321.7
2026-09-06T01:08:42.307Z,-66.75,5.41,1094.5,-267.2
2026-09-06T01:08:56.803Z,-68.75,5.41,1091.5,-264.2
2026-09-06T01:09:11.363Z,-68.75,5.42,1093.4,-261.4
2026-09-06T01:09:26.179Z,-68.75,5.41,1095,-256
2026-09-06T01:09:41.155Z,-68.75,5.41,1095.2,-248.5
2026-09-06T01:09:55.747Z,-68.75,5.42,1094.2,-252.9
2026-09-06T01:10:10.211Z,-68.75,5.42,1093,-255.7
2026-09-06T01:10:25.060Z,-55.69,5.41,1092.2,-410.5
2026-09-06T01:10:39.939Z,-13.44,5.4,1094.9,803.2
2026-09-06T01:10:54.468Z,-34.94,5.42,1093.9,-2422.2
2026-09-06T01:11:09.540Z,-60.38,5.41,1094.4,-332.5
2026-09-06T01:11:24.003Z,-68.75,5.43,1093.6,-260.2
2026-09-06T01:11:38.532Z,-68.75,5.43,1094.8,-258.1
2026-09-06T01:11:53.667Z,-68.75,5.41,1095.2,-254.3
2026-09-06T01:12:08.163Z,-68.75,5.44,1091.8,-261.1
2026-09-06T01:12:22.659Z,-68.75,5.4,1095,-252.8
2026-09-06T01:12:37.763Z,-68.75,5.43,1092.5,-266.3
2026-09-06T01:12:52.291Z,-68.75,5.41,1095.1,-255.6
2026-09-06T01:13:07.171Z,-68.75,5.42,1092.7,-255.4
2026-09-06T01:13:21.667Z,-68.75,5.42,1092,-259.5
2026-09-06T01:13:36.804Z,-68.75,5.41,1093.6,-259.2
2026-09-06T01:13:51.299Z,-68.75,5.45,1091.2,-257.2
2026-09-06T01:14:05.795Z,-49.56,5.43,1094.4,-547.2
2026-09-06T01:14:20.803Z,-16.06,5.42,1093.2,1320.9
2026-09-06T01:14:35.844Z,-14.56,5.44,1091.5,972.7
2026-09-06T01:14:50.371Z,-44.44,5.42,1095,-747.2
2026-09-06T01:15:04.868Z,-47.69,5.41,1095.2,-588.4
2026-09-06T01:15:19.972Z,-58.75,5.42,1094.2,-357.7
2026-09-06T01:15:34.980Z,-56.88,5.41,1095.2,-374.1
2026-09-06T01:15:50.051Z,-52.69,5.44,1092,-452.9
2026-09-06T01:16:04.516Z,-68.75,5.41,1092,-260.9
2026-09-06T01:16:19.076Z,-68.75,5.43,1093.3,-260.2
2026-09-06T01:16:34.179Z,-68.75,5.43,1091.6,-267
2026-09-06T01:16:49.187Z,-68.75,5.42,1095.2,-258.1
2026-09-06T01:17:03.652Z,-68.75,5.43,1091.6,-259.5
2026-09-06T01:17:18.884Z,-68.75,5.42,1093,-262.1
2026-09-06T01:17:33.412Z,-68.75,5.44,1092.6,-257.3
2026-09-06T01:17:47.876Z,-57.62,5.41,1095.3,-363.5
2026-09-06T01:18:02.724Z,-24.81,5.42,1094.6,98648484.5
2026-09-06T01:18:17.796Z,-1.75,5.42,1095.2,344.3
2026-09-06T01:18:31.876Z,-4.94,5.45,1091.6,403.9
2026-09-06T01:18:46.531Z,-26.81,5.41,1093.2,-151816.7
2026-09-06T01:19:00.900Z,-60.31,5.39,1095,-331.4
2026-09-06T01:19:15.972Z,-62.81,5.44,1092.6,-308.4
2026-09-06T01:19:30.436Z,-59.06,5.39,1093.6,-357.4
2026-09-06T01:19:44.931Z,-68.69,5.4,1094.8,-262.8
2026-09-06T01:19:59.812Z,-67.56,5.42,1091,-271.6
2026-09-06T01:20:14.339Z,-68.75,5.38,1094.7,-258.9
2026-09-06T01:20:29.219Z,-68.75,5.42,1092,-265.8
2026-09-06T01:20:43.652Z,-68.75,5.42,1091.8,-259.8
2026-09-06T01:20:58.148Z,-68.75,5.38,1094.8,-260.9
2026-09-06T01:21:12.579Z,-68.75,5.4,1093.4,-267.5
2026-09-06T01:21:27.076Z,-68.75,5.43,1093.5,-264.9
2026-09-06T01:21:42.403Z,-68.75,5.38,1094.8,-260
2026-09-06T01:21:56.931Z,-36,5.39,1094.8,-1941.8
2026-09-06T01:22:11.331Z,-21.31,5.38,1094.9,12853.5
2026-09-06T01:22:25.795Z,-27.25,5.39,1094.8,-82013.9
2026-09-06T01:22:40.291Z,-57.81,5.4,1095.2,-377.9
2026-09-06T01:22:55.172Z,-54.75,5.41,1095,-411
2026-09-06T01:23:10.243Z,-68.75,5.42,1092.7,-262.3
2026-09-06T01:23:24.772Z,-68.75,5.43,1091.3,-256.4
2026-09-06T01:23:39.812Z,-68.75,5.42,1092,-262.3
2026-09-06T01:23:54.788Z,-68.75,5.38,1094.6,-263.2
2026-09-06T01:24:09.891Z,-68.75,5.41,1094.2,-252.6
2026-09-06T01:24:24.388Z,-68.75,5.42,1095,-251.6
2026-09-06T01:24:38.915Z,-68.75,5.4,1094.8,-254.3
2026-09-06T01:24:53.411Z,-68.75,5.38,1094.6,-257.3
2026-09-06T01:25:08.803Z,-68.75,5.4,1094.4,-256.6
2026-09-06T01:25:23.620Z,-68.75,5.38,1094.9,-251.4
2026-09-06T01:25:38.788Z,-68.69,5.4,1093,-261.4
2026-09-06T01:25:53.283Z,-44.69,5.4,1095,-727.1
2026-09-06T01:26:07.779Z,-20.88,5.39,1094.4,8879.8
2026-09-06T01:26:22.403Z,-9.75,5.4,1094.7,574.8
2026-09-06T01:26:37.347Z,-26,5.41,1092.6,-816137.1
2026-09-06T01:26:52.323Z,-65,5.43,1092.2,-290.2
2026-09-06T01:27:06.884Z,-68.75,5.43,1092.6,-258.7
2026-09-06T01:27:21.828Z,-68.75,5.44,1092,-261.1
2026-09-06T01:27:36.259Z,-68.75,5.43,1094.8,-251.4
2026-09-06T01:27:51.876Z,-68.75,5.43,1094.4,-255.4
2026-09-06T01:28:06.472Z,-68.75,5.42,1091.1,-264.5
2026-09-06T01:28:20.964Z,-68.75,5.42,1092.7,-263.8
2026-09-06T01:28:35.460Z,-68.75,5.43,1092.9,-253.5
2026-09-06T01:28:50.084Z,-68.75,5.39,1094.8,-260.4
2026-09-06T01:29:04.964Z,-68.75,5.39,1094.8,-254.9
2026-09-06T01:29:19.524Z,-68.75,5.42,1092.7,-260.5
2026-09-06T01:29:34.019Z,-68.75,5.41,1092.8,-259.4
2026-09-06T01:29:48.643Z,-68.75,5.39,1095.2,-254.3
2026-09-06T01:30:03.139Z,-59.38,5.44,1091.3,-346.2
2026-09-06T01:30:18.147Z,-27,5.41,1095,-106533.7
2026-09-06T01:30:32.644Z,-6.56,5.42,1092,443.3
2026-09-06T01:30:46.692Z,-2.44,5.44,1091.2,364.5
2026-09-06T01:31:00.804Z,-16.31,5.4,1092.9,1375
2026-09-06T01:31:15.267Z,-43.25,5.42,1094.1,-800.2
2026-09-06T01:31:30.084Z,-61.38,5.43,1092.7,-327.9
2026-09-06T01:31:45.092Z,-56.62,5.4,1095,-387.7
2026-09-06T01:31:59.555Z,-57,5.4,1095,-368.1
2026-09-06T01:32:14.084Z,-62.94,5.42,1093.8,-306.7
2026-09-06T01:32:28.612Z,-68.75,5.43,1091.9,-260.7
2026-09-06T01:32:43.492Z,-68.75,5.44,1093.2,-258
2026-09-06T01:32:57.892Z,-68.75,5.41,1095.1,-251.4
2026-09-06T01:33:23.844Z,-68.75,5.41,1095.1,-255.9
2026-09-06T01:33:48.355Z,-68.75,5.42,1095,-254.4
2026-09-06T01:34:03.139Z,-68.75,5.44,1091.5,-260.1
2026-09-06T01:34:18.180Z,-68.75,5.43,1092.3,-255.9
2026-09-06T01:34:32.835Z,-61.25,5.43,1094.4,-332.2
2026-09-06T01:34:47.331Z,-65.94,5.42,1095,-275.5
2026-09-06T01:35:01.828Z,-68.75,5.42,1094,-256.1
2026-09-06T01:35:16.675Z,-68.75,5.42,1095,-256.8
2026-09-06T01:35:31.203Z,-68.75,5.41,1091.4,-264.8
2026-09-06T01:35:45.795Z,-68.75,5.41,1091.2,-258.8
2026-09-06T01:36:00.291Z,-68.75,5.38,1094,-261.1
2026-09-06T01:36:15.396Z,-68.75,5.41,1095.1,-250.9
2026-09-06T01:36:37.860Z,-68.75,5.42,1091.2,-266.7
2026-09-06T01:36:56.419Z,-68.75,5.41,1092.2,-263.2
2026-09-06T01:37:10.819Z,-29.81,5.43,1095,-11116.5
2026-09-06T01:37:25.347Z,-47.06,5.39,1095,-617.9
2026-09-06T01:37:40.355Z,-62.62,5.43,1094,-311.3
2026-09-06T01:37:55.331Z,-67.06,5.44,1091.5,-279.5
2026-09-06T01:38:09.763Z,-68.31,5.44,1091.4,-264.5
2026-09-06T01:38:24.291Z,-67.81,5.42,1094.9,-263.8
2026-09-06T01:38:38.755Z,-68.75,5.42,1092.9,-262.1
2026-09-06T01:38:53.796Z,-68.75,5.42,1092.2,-260.6
2026-09-06T01:39:08.867Z,-68.75,5.45,1091.4,-264.9
2026-09-06T01:39:23.267Z,-68.75,5.43,1095.2,-256.8
2026-09-06T01:39:37.763Z,-68.75,5.43,1092.6,-256.8
2026-09-06T01:39:52.355Z,-68.75,5.42,1095.2,-255.3
2026-09-06T01:40:07.235Z,-57.19,5.43,1091.2,-384.5
2026-09-06T01:40:22.307Z,-22.88,5.42,1094,68278.3
2026-09-06T01:40:36.836Z,-18.69,5.43,1091,2929.8
2026-09-06T01:40:51.396Z,-35.56,5.39,1093.4,-2217
2026-09-06T01:41:06.660Z,-40.31,5.41,1092.6,-1123.7
2026-09-06T01:41:21.540Z,-68.75,5.41,1095.2,-255.7
2026-09-06T01:41:36.036Z,-68.75,5.44,1093,-254.9
2026-09-06T01:41:51.108Z,-68.75,5.41,1095.2,-260.9
2026-09-06T01:42:05.731Z,-68.75,5.44,1092.8,-255.4
2026-09-06T01:42:20.227Z,-68.75,5.45,1091.4,-260.3
2026-09-06T01:42:35.043Z,-68.75,5.42,1095,-254.7
2026-09-06T01:42:49.539Z,-68.75,5.44,1095,-253.2
2026-09-06T01:43:04.132Z,-68.75,5.44,1091.8,-258
2026-09-06T01:43:18.756Z,-68.75,5.41,1095.2,-248.9
2026-09-06T01:43:33.283Z,-68.75,5.45,1095.4,-244.3
2026-09-06T01:43:48.163Z,-68.75,5.43,1093.8,-260.1
2026-09-06T01:44:02.596Z,-68.75,5.44,1095.5,-254.4
2026-09-06T01:44:17.219Z,-68.75,5.45,1094.6,-250.8
2026-09-06T01:44:31.683Z,-65.06,5.46,1093.3,-280.8
2026-09-06T01:44:46.083Z,-64.69,5.47,1091.8,-285.6
2026-09-06T01:45:00.963Z,-50.25,5.46,1093,-502.7
2026-09-06T01:45:15.779Z,-18.31,5.44,1092.4,2413.1
2026-09-06T01:45:30.243Z,-38.88,5.44,1091.2,-1320.2
2026-09-06T01:45:44.740Z,-68.75,5.41,1094.8,-256.3
2026-09-06T01:46:00.036Z,-61.38,5.44,1092.7,-321.1
2026-09-06T01:46:14.947Z,-59.44,5.42,1094.8,-343
2026-09-06T01:46:30.148Z,-61.12,5.43,1091,-328.1
2026-09-06T01:46:44.580Z,-68.19,5.42,1092.6,-257.6
2026-09-06T01:46:59.075Z,-68.75,5.42,1093,-260.4
2026-09-06T01:47:13.539Z,-68.75,5.39,1092.8,-255.4
2026-09-06T01:47:28.388Z,-68.75,5.41,1093.6,-254.7
2026-09-06T01:47:43.235Z,-68.75,5.38,1094.8,-256.7
2026-09-06T01:47:57.731Z,-68.75,5.4,1093.8,-259.8
2026-09-06T01:48:12.323Z,-68.75,5.42,1092.2,-255.4
2026-09-06T01:48:26.884Z,-68.75,5.4,1093.8,-254.7
2026-09-06T01:48:41.763Z,-68.75,5.43,1091.7,-260.4
2026-09-06T01:48:56.259Z,-68.75,5.42,1095.2,-254.9
2026-09-06T01:49:10.723Z,-68.75,5.44,1091.5,-262.3
2026-09-06T01:49:25.315Z,-68.75,5.41,1095,-252.5
2026-09-06T01:49:39.876Z,-68.75,5.42,1092.2,-254.7
2026-09-06T01:49:55.427Z,-68.75,5.43,1093,-257.1
2026-09-06T01:50:09.923Z,-68.75,5.44,1091.7,-256.7
2026-09-06T01:50:24.420Z,-68.75,5.43,1093.4,-250.2
2026-09-06T01:50:38.980Z,-47.38,5.37,1094.8,-601.6
2026-09-06T01:50:53.508Z,-47.75,5.42,1091.4,-590.7
2026-09-06T01:51:08.291Z,-53.94,5.42,1091.2,-429.8
2026-09-06T01:51:22.788Z,-53.44,5.37,1095,-435.9
2026-09-06T01:51:37.668Z,-62.81,5.36,1094.6,-310.1
2026-09-06T01:51:52.132Z,-59.69,5.39,1092.4,-342.4
2026-09-06T01:52:07.459Z,-68.75,5.4,1091.4,-263.7
2026-09-06T01:52:22.371Z,-68.75,5.38,1094.9,-253.6
2026-09-06T01:52:36.836Z,-68.75,5.36,1094.9,-256.8
2026-09-06T01:52:51.299Z,-68.75,5.4,1091.2,-260.3
2026-09-06T01:53:05.764Z,-68.75,5.39,1093.6,-261.1
2026-09-06T01:53:21.219Z,-68.75,5.4,1092.6,-252.8
2026-09-06T01:53:36.131Z,-68.75,5.39,1095.2,-249.3
2026-09-06T01:53:51.396Z,-68.75,5.42,1091.9,-257.4
2026-09-06T01:54:05.828Z,-68.75,5.41,1095.1,-248.3
2026-09-06T01:54:20.227Z,-68.75,5.44,1095.4,-254.3
2026-09-06T01:54:34.660Z,-46.31,5.42,1093.2,-642.4
2026-09-06T01:54:49.539Z,-56.69,5.41,1094.2,-374.7
2026-09-06T01:55:04.003Z,-68.75,5.4,1093,-257.3
2026-09-06T01:55:18.468Z,-68.75,5.43,1094,-250.9
2026-09-06T01:55:32.931Z,-68.75,5.42,1092.9,-253.8
2026-09-06T01:55:47.395Z,-68.75,5.42,1091.1,-261.4
2026-09-06T01:56:02.723Z,-68.75,5.4,1093.5,-256.8
2026-09-06T01:56:17.187Z,-68.75,5.41,1092.8,-259.2
2026-09-06T01:56:31.619Z,-68.75,5.42,1091.8,-259.6
2026-09-06T01:56:46.499Z,-68.75,5.38,1094.8,-255.2
2026-09-06T01:57:01.444Z,-68.75,5.4,1092.4,-257.4
2026-09-06T01:57:16.259Z,-68.75,5.42,1092.4,-262.3
2026-09-06T01:57:30.756Z,-68.75,5.4,1095,-254.5
2026-09-06T01:57:45.219Z,-68.75,5.41,1094,-256.1
2026-09-06T01:57:59.619Z,-68.75,5.4,1095,-252.6
2026-09-06T01:58:14.084Z,-68.75,5.38,1095,-254.2
2026-09-06T01:58:29.604Z,-68.75,5.42,1091.4,-257.8
2026-09-06T01:58:44.036Z,-68.75,5.38,1095,-254.7
2026-09-06T01:58:58.884Z,-68.75,5.4,1092.8,-263.9
2026-09-06T01:59:13.412Z,-68.75,5.41,1094.6,-251.2
2026-09-06T01:59:27.939Z,-68.75,5.42,1091.1,-262.1
2026-09-06T01:59:42.724Z,-68.75,5.41,1093.8,-255.4
2026-09-06T01:59:57.923Z,-68.75,5.38,1094.4,-259.6
2026-09-06T02:00:12.515Z,-68.75,5.37,1095.2,-253.2
2026-09-06T02:00:27.427Z,-68.75,5.43,1091.4,-257.7
2026-09-06T02:00:41.860Z,-68.75,5.39,1095.2,-252.7
2026-09-06T02:00:57.028Z,-68.75,5.42,1092.6,-266.6
2026-09-06T02:01:11.492Z,-68.75,5.42,1091.9,-254
2026-09-06T02:01:25.955Z,-68.75,5.4,1095.2,-255.8
2026-09-06T02:01:40.451Z,-68.75,5.41,1091.3,-257
2026-09-06T02:01:55.108Z,-68.75,5.39,1095,-251.8
2026-09-06T02:02:09.923Z,-68.75,5.4,1094.6,-256.3
2026-09-06T02:02:25.124Z,-68.75,5.4,1094.4,-257.5
2026-09-06T02:02:39.555Z,-60.75,5.43,1093.1,-326.7
2026-09-06T02:02:53.923Z,-19.94,5.39,1094.9,4804.1
2026-09-06T02:03:08.548Z,-16.81,5.38,1093.6,1543.3
2026-09-06T02:03:23.395Z,-33.62,5.41,1094.9,-3050.3
2026-09-06T02:03:49.251Z,-68.75,5.43,1091.4,-260.3
2026-09-06T02:04:13.604Z,-68.75,5.41,1092.2,-263
2026-09-06T02:04:28.420Z,-66.81,5.43,1092,-273.9
2026-09-06T02:04:42.883Z,-68.75,5.4,1094,-261.6
2026-09-06T02:04:57.347Z,-68.75,5.42,1093.7,-255.6
2026-09-06T02:05:11.779Z,-68.75,5.41,1094.9,-258.9
2026-09-06T02:05:26.243Z,-68.75,5.41,1095.2,-247.4
2026-09-06T02:05:41.124Z,-68.75,5.43,1092,-258.9
2026-09-06T02:05:56.195Z,-68.75,5.39,1095,-258.4
2026-09-06T02:06:10.595Z,-63.88,5.44,1091.7,-295.9
2026-09-06T02:06:24.995Z,-37.5,5.43,1093.6,-1475.8
2026-09-06T02:06:39.427Z,-7.75,5.44,1091.6,471
2026-09-06T02:06:54.083Z,3.88,5.41,1093.8,287.2
2026-09-06T02:07:08.419Z,-12.38,5.4,1095,692.3
2026-09-06T02:07:22.883Z,-37,5.42,1093.9,-1625.7
2026-09-06T02:07:37.347Z,-60.19,5.43,1091.6,-336.5
2026-09-06T02:07:52.035Z,-62.62,5.43,1092.4,-306.6
2026-09-06T02:08:06.883Z,-61.25,5.39,1094.8,-320.4
2026-09-06T02:08:21.347Z,-64,5.41,1095,-290.1
2026-09-06T02:08:35.811Z,-68.75,5.43,1094.4,-255.4
2026-09-06T02:08:50.979Z,-68.75,5.41,1093.8,-256.6
2026-09-06T02:09:05.412Z,-68.75,5.44,1091.4,-259.8
2026-09-06T02:09:20.132Z,-68.75,5.39,1095,-254.3
2026-09-06T02:09:34.564Z,-68.75,5.39,1094.5,-255
2026-09-06T02:09:48.996Z,-67.25,5.43,1091.4,-268.8
2026-09-06T02:10:03.428Z,-14.06,5.4,1091,919.5
2026-09-06T02:10:18.596Z,-10.5,5.39,1093.6,570.8
2026-09-06T02:10:33.380Z,-29.19,5.35,1094.5,-15054.7
2026-09-06T02:10:47.844Z,-34.38,5.35,1094.4,-2540.5
2026-09-06T02:11:02.820Z,-57.12,5.37,1094.8,-378.3
2026-09-06T02:11:17.283Z,-68.75,5.39,1092,-262.4
2026-09-06T02:11:32.419Z,-68.75,5.4,1091.2,-263
2026-09-06T02:11:47.235Z,-68.75,5.38,1094.8,-254
2026-09-06T02:12:01.668Z,-68.75,5.41,1091.1,-261.6
2026-09-06T02:12:16.227Z,-68.75,5.39,1095,-249.8
2026-09-06T02:12:31.235Z,-68.75,5.38,1094.9,-258.5
2026-09-06T02:12:45.700Z,-68.75,5.41,1092.7,-253.7
2026-09-06T02:13:00.579Z,-68.75,5.42,1092.6,-256.5
2026-09-06T02:13:15.012Z,-68.75,5.39,1095.2,-252.9
2026-09-06T02:13:29.444Z,-68.75,5.38,1095,-254.3
2026-09-06T02:13:43.876Z,-68.75,5.39,1095.2,-255.8
2026-09-06T02:13:58.307Z,-68.75,5.41,1092.6,-260.2
2026-09-06T02:14:13.251Z,-68.75,5.41,1092.8,-255.2
2026-09-06T02:14:27.812Z,-68.75,5.42,1091.3,-267.2
2026-09-06T02:14:42.179Z,-68.75,5.39,1095.1,-258.1
2026-09-06T02:14:56.611Z,-68.75,5.4,1093.7,-259.8
2026-09-06T02:15:11.652Z,-68.75,5.42,1092.8,-253.7
2026-09-06T02:15:26.532Z,-68.75,5.4,1093.2,-256.6
2026-09-06T02:15:41.060Z,-68.75,5.4,1093.6,-258.8
2026-09-06T02:15:55.940Z,-68.75,5.4,1094.2,-255.7
2026-09-06T02:16:10.467Z,-56.75,5.4,1095.2,-365.6
2026-09-06T02:16:35.939Z,-38.69,5.4,1093.7,-1281.3
2026-09-06T02:16:50.691Z,-55.75,5.39,1095.2,-393
2026-09-06T02:17:05.123Z,-68.75,5.41,1095,-250.8
2026-09-06T02:17:19.811Z,-68.75,5.42,1093,-255.3
2026-09-06T02:17:34.307Z,-68.75,5.41,1092.4,-258.4
2026-09-06T02:17:48.772Z,-64.88,5.4,1095,-283.1
2026-09-06T02:18:03.587Z,-68.75,5.41,1092,-262.1
2026-09-06T02:18:18.179Z,-68.75,5.4,1092.7,-263.5
2026-09-06T02:18:32.611Z,-68.75,5.4,1095.1,-250.8
2026-09-06T02:18:47.043Z,-68.75,5.41,1091.4,-253.6
2026-09-06T02:19:02.371Z,-68.75,5.4,1093.2,-259.6
2026-09-06T02:19:17.219Z,-68.75,5.42,1091.4,-259.7
2026-09-06T02:19:31.715Z,-68.75,5.4,1095,-254.3
2026-09-06T02:19:46.179Z,-68.62,5.41,1092.1,-256.6
2026-09-06T02:20:00.644Z,-68.75,5.42,1091.2,-260.4
2026-09-06T02:20:15.139Z,-68.75,5.37,1092.8,-269.4
2026-09-06T02:20:29.956Z,-68.75,5.41,1091.6,-258.8
2026-09-06T02:20:44.419Z,-68.75,5.39,1094.9,-258.2
2026-09-06T02:20:58.915Z,-68.75,5.38,1093.4,-259.1
2026-09-06T02:21:13.412Z,-68.75,5.41,1091.9,-258
2026-09-06T02:21:27.907Z,-68.75,5.4,1093.5,-259.5
2026-09-06T02:21:42.883Z,-68.75,5.37,1095,-260
2026-09-06T02:21:57.411Z,-68.75,5.4,1092.4,-262.6
2026-09-06T02:22:11.811Z,-68.75,5.39,1093.4,-261.6
2026-09-06T02:22:26.339Z,-68.75,5.39,1093.6,-267.2
2026-09-06T02:22:41.283Z,-68.75,5.39,1093.3,-260.9
2026-09-06T02:22:56.131Z,-68.75,5.39,1095.1,-254.2
2026-09-06T02:23:10.595Z,-32.25,5.39,1095,-4387.2
2026-09-06T02:23:25.091Z,-23.81,5.39,1094.9,392493.6
2026-09-06T02:23:39.555Z,-45.88,5.4,1094,-682.6
2026-09-06T02:23:54.084Z,-68.12,5.42,1091.6,-265.1
2026-09-06T02:24:08.995Z,-68.75,5.39,1095,-258.7
2026-09-06T02:24:23.363Z,-68.75,5.39,1095,-250
2026-09-06T02:24:38.371Z,-68.75,5.38,1095.1,-256.1
2026-09-06T02:24:53.059Z,-68.75,5.42,1091.4,-262
2026-09-06T02:25:07.524Z,-68.75,5.39,1095.2,-252.6
2026-09-06T02:25:22.788Z,-68.75,5.39,1095.1,-254.3
2026-09-06T02:25:37.251Z,-68.75,5.39,1095.2,-254.9
2026-09-06T02:25:51.684Z,-68.75,5.4,1093.2,-261.6
2026-09-06T02:26:06.596Z,-68.75,5.4,1093.6,-258.1
2026-09-06T02:26:21.060Z,-68.75,5.41,1092,-260.9
2026-09-06T02:26:35.907Z,-68.75,5.4,1095,-259.6
2026-09-06T02:26:50.756Z,-68.75,5.42,1093.4,-253.8
2026-09-06T02:27:05.347Z,-68.75,5.41,1093.6,-259.3
2026-09-06T02:27:19.812Z,-68.75,5.41,1092.6,-256.3
2026-09-06T02:27:34.243Z,-68.75,5.43,1092.2,-258.2
2026-09-06T02:27:49.251Z,-68.75,5.4,1094.6,-251.8
2026-09-06T02:28:03.683Z,-59,5.44,1091.6,-347.3
2026-09-06T02:28:18.211Z,-30.06,5.42,1093.2,-9870.7
2026-09-06T02:28:32.644Z,-8.12,5.41,1095,474.4
2026-09-06T02:28:46.756Z,-5.31,5.41,1094.5,410.3
2026-09-06T02:29:01.219Z,-27.19,5.4,1095.1,-82380.2
2026-09-06T02:29:15.652Z,-51.12,5.4,1095,-494
2026-09-06T02:29:30.083Z,-68.25,5.41,1095.2,-253.7
2026-09-06T02:29:44.515Z,-68.75,5.4,1095.1,-254.4
2026-09-06T02:29:59.459Z,-68.75,5.38,1095,-252.2
2026-09-06T02:30:14.339Z,-66.81,5.42,1091.2,-268.8
2026-09-06T02:30:28.772Z,-68.75,5.42,1093.4,-256.6
2026-09-06T02:30:43.204Z,-68.75,5.43,1092.2,-255.4
2026-09-06T02:30:57.700Z,-68.75,5.4,1095,-257.4
2026-09-06T02:31:12.163Z,-68.75,5.42,1092.7,-252.5
2026-09-06T02:31:26.979Z,-68.75,5.42,1094.6,-252.2
2026-09-06T02:31:41.987Z,-67.94,5.39,1095.1,-258.1
2026-09-06T02:31:56.515Z,-34.5,5.42,1092.5,-2583.1
2026-09-06T02:32:10.980Z,0.31,5.43,1091.4,318.8
2026-09-06T02:32:25.124Z,-24.5,5.4,1092.4,5559950.9
2026-09-06T02:32:39.940Z,-54.44,5.38,1095.1,-412.7
2026-09-06T02:32:54.788Z,-68.75,5.39,1095.1,-250.4
2026-09-06T02:33:09.251Z,-64.62,5.41,1092.8,-282.6
2026-09-06T02:33:23.684Z,-65.38,5.37,1095,-284.9
2026-09-06T02:33:39.075Z,-68.75,5.41,1092.3,-258.9
2026-09-06T02:34:06.020Z,-68.75,5.4,1092,-260.4
2026-09-06T02:34:31.203Z,-68.75,5.4,1091.1,-258.7
2026-09-06T02:34:45.700Z,-68.75,5.37,1095,-254
2026-09-06T02:35:00.515Z,-68.75,5.42,1091.4,-259.5
2026-09-06T02:35:14.980Z,-68.75,5.39,1094.8,-257.5
2026-09-06T02:35:29.476Z,-68.75,5.41,1092.2,-257.1
2026-09-06T02:35:44.643Z,-16.62,5.38,1095.1,1423.2
2026-09-06T02:35:59.075Z,-23.88,5.41,1091.4,464333.4
2026-09-06T02:36:13.955Z,-32.75,5.39,1091.7,-3938.7
2026-09-06T02:36:28.483Z,-40.88,5.4,1093.2,-1009.1
2026-09-06T02:36:42.948Z,-51.12,5.39,1094.9,-489.9
2026-09-06T02:36:57.411Z,-54.56,5.4,1091.1,-431.7
2026-09-06T02:37:12.323Z,-68.75,5.37,1095,-259.5
2026-09-06T02:37:27.140Z,-68.75,5.41,1092.2,-264.1
2026-09-06T02:37:41.604Z,-68.75,5.39,1095.1,-250.4
2026-09-06T02:37:56.067Z,-68.75,5.4,1091.9,-262.7
2026-09-06T02:38:10.532Z,-68.75,5.38,1095.1,-256
2026-09-06T02:38:25.028Z,-68.75,5.4,1092.4,-258.4
2026-09-06T02:38:40.067Z,-68.75,5.4,1093.6,-258.7
2026-09-06T02:38:55.108Z,-15.81,5.41,1091.2,1248.2
2026-09-06T02:39:09.539Z,-23.12,5.36,1095,95594.1
2026-09-06T02:39:24.484Z,-42.5,5.4,1095,-869.1
2026-09-06T02:39:38.948Z,-52.88,5.37,1095.1,-451.9
2026-09-06T02:39:53.796Z,-59.94,5.4,1094.4,-326.9
2026-09-06T02:40:08.259Z,-68.75,5.43,1091.5,-259.6
2026-09-06T02:40:23.076Z,-68.75,5.42,1093.9,-254.6
2026-09-06T02:40:37.540Z,-68.75,5.38,1094.6,-257.8
2026-09-06T02:40:52.004Z,-68.75,5.41,1093.6,-261.2
2026-09-06T02:41:06.820Z,-68.75,5.41,1094.8,-254.3
2026-09-06T02:41:21.347Z,-68.75,5.4,1095.2,-249.7
2026-09-06T02:41:35.844Z,-68.75,5.41,1093.6,-254.9
2026-09-06T02:41:50.307Z,-68.75,5.41,1094.6,-248.8
2026-09-06T02:42:04.771Z,-40,5.4,1094.9,-1118.1
2026-09-06T02:42:19.619Z,-7.12,5.41,1091.3,459.6
2026-09-06T02:42:34.148Z,-16.19,5.39,1095.2,1303.3
2026-09-06T02:42:49.604Z,-37.5,5.4,1093.6,-1540.4
2026-09-06T02:43:04.163Z,-65.19,5.41,1093.1,-285.1
2026-09-06T02:43:18.628Z,-68.75,5.41,1095.4,-246.8
2026-09-06T02:43:33.476Z,-65.69,5.43,1092.8,-278.8
2026-09-06T02:43:48.100Z,-67.75,5.42,1092.8,-258.7
2026-09-06T02:44:02.468Z,-68.75,5.39,1095,-250.5
2026-09-06T02:44:17.315Z,-68.75,5.38,1095,-251.8
2026-09-06T02:44:32.484Z,-68.75,5.43,1091.3,-256.1
2026-09-06T02:44:47.299Z,-68.75,5.4,1092.8,-264.4
2026-09-06T02:45:01.796Z,-68.75,5.38,1094,-252.2
2026-09-06T02:45:16.259Z,-68.75,5.41,1093.2,-254
2026-09-06T02:45:30.692Z,-68.75,5.43,1091.4,-253.8
2026-09-06T02:45:46.084Z,-68.75,5.4,1093.3,-253
2026-09-06T02:46:00.900Z,-68.38,5.39,1095.3,-256.3
2026-09-06T02:46:15.459Z,-46.19,5.41,1094,-647.6
2026-09-06T02:46:30.275Z,5.25,5.42,1091.4,270.9
2026-09-06T02:46:44.355Z,-7,5.4,1095,445.3
2026-09-06T02:46:58.532Z,-28.81,5.39,1094.3,-19259.8
2026-09-06T02:47:13.571Z,-58.44,5.42,1091.4,-351.7
2026-09-06T02:47:27.971Z,-64.56,5.41,1095.2,-289.8
2026-09-06T02:47:42.404Z,-55.88,5.41,1091.4,-396.2
2026-09-06T02:47:56.771Z,-64.75,5.41,1091,-293.3
2026-09-06T02:48:11.299Z,-68.75,5.4,1093.9,-259.1
2026-09-06T02:48:26.307Z,-68.75,5.4,1091.3,-257.4
2026-09-06T02:48:40.772Z,-68.75,5.37,1095,-253.5
2026-09-06T02:48:55.235Z,-68.75,5.39,1092.4,-259.5
2026-09-06T02:49:09.700Z,-68,5.41,1092.8,-262.3
2026-09-06T02:49:24.323Z,-68.75,5.39,1095,-251.5
2026-09-06T02:49:39.140Z,-68.75,5.39,1093.4,-257.7
2026-09-06T02:49:53.604Z,-68.75,5.42,1091.5,-263.5
2026-09-06T02:50:08.867Z,-68.75,5.41,1092.6,-257.2
2026-09-06T02:50:23.331Z,-39.19,5.4,1093.5,-1216.2
2026-09-06T02:50:37.796Z,-21.12,5.4,1092.1,10611.8
2026-09-06T02:50:53.219Z,-38.06,5.39,1091.6,-1433.2
2026-09-06T02:51:07.587Z,-45.06,5.38,1094.8,-713.9
2026-09-06T02:51:22.051Z,-57.12,5.4,1091,-385.7
2026-09-06T02:51:36.547Z,-68.75,5.41,1091.2,-258.6
2026-09-06T02:51:51.011Z,-68.75,5.39,1093.2,-261
2026-09-06T02:52:05.827Z,-68.75,5.41,1092.6,-257
2026-09-06T02:52:20.451Z,-68.75,5.4,1094,-253.2
2026-09-06T02:52:35.044Z,-68.75,5.37,1094.9,-252.6
2026-09-06T02:52:49.475Z,-68.75,5.36,1091.6,-264.9
2026-09-06T02:53:04.484Z,-68.75,5.39,1090.6,-261.6
2026-09-06T02:53:19.331Z,-68.75,5.34,1094,-258.5
2026-09-06T02:53:33.987Z,-68.75,5.37,1094.6,-252.8
2026-09-06T02:53:48.452Z,-68.75,5.38,1093,-259.9
2026-09-06T02:54:02.915Z,-68.75,5.41,1094.3,-256.4
2026-09-06T02:54:17.347Z,-68.75,5.41,1093.2,-254
2026-09-06T02:54:32.163Z,-56,5.38,1094.8,-392.3
2026-09-06T02:54:46.723Z,-19.25,5.39,1094.6,3417.8
2026-09-06T02:55:01.187Z,-30.31,5.37,1093.8,-8945.7
2026-09-06T02:55:15.715Z,-68.5,5.42,1092.5,-258
2026-09-06T02:55:30.179Z,-68.75,5.4,1095,-253.9
2026-09-06T02:55:45.028Z,-68.75,5.4,1095,-252.2
2026-09-06T02:55:59.523Z,-68.75,5.4,1094.8,-256.8
2026-09-06T02:56:13.987Z,-66.44,5.38,1094.6,-267.7
2026-09-06T02:56:28.451Z,-67.88,5.4,1091.2,-268.4
2026-09-06T02:56:42.884Z,-68.69,5.4,1090.8,-258.8
2026-09-06T02:56:57.731Z,-68.75,5.38,1094.7,-252.2
2026-09-06T02:57:12.547Z,-68.75,5.4,1094.1,-250.2
2026-09-06T02:57:26.979Z,-68.75,5.4,1092.4,-259.4
2026-09-06T02:57:41.443Z,-68.75,5.36,1094.8,-257.8
2026-09-06T02:57:55.875Z,-68.75,5.38,1094.9,-253.8
2026-09-06T02:58:10.787Z,-68.75,5.38,1094.5,-252.2
2026-09-06T02:58:25.251Z,-68.75,5.42,1092.8,-250.2
2026-09-06T02:58:50.564Z,-22,5.38,1093.4,22978.6
2026-09-06T02:59:05.156Z,-47.81,5.38,1094.8,-584.6
2026-09-06T02:59:20.740Z,-65.38,5.39,1095,-275.8
2026-09-06T02:59:35.203Z,-68.62,5.38,1094.6,-259
2026-09-06T02:59:49.763Z,-67.81,5.38,1093.4,-269.8
2026-09-06T03:00:04.195Z,-63.12,5.41,1091.6,-314.1
2026-09-06T03:00:19.331Z,-68.75,5.4,1092.3,-252.9
2026-09-06T03:00:35.011Z,-68.75,5.4,1091.6,-259.9
2026-09-06T03:00:49.700Z,-68.75,5.39,1091.6,-263.1
2026-09-06T03:01:04.835Z,-68.75,5.37,1094.8,-260.2
2026-09-06T03:01:19.779Z,-68.75,5.41,1090.7,-259.6
2026-09-06T03:01:34.660Z,-68.75,5.39,1094.9,-256.1
2026-09-06T03:01:49.604Z,-23.75,5.38,1094.8,315877.3
2026-09-06T03:02:04.164Z,-9.06,5.41,1090.6,521.7
2026-09-06T03:02:18.692Z,-33.94,5.41,1092.6,-2753.3
2026-09-06T03:02:33.636Z,-58.75,5.41,1093,-345.7
2026-09-06T03:02:49.059Z,-67.25,5.41,1092.6,-263
2026-09-06T03:03:03.555Z,-62.44,5.4,1093.4,-315.2
2026-09-06T03:03:18.756Z,-67.38,5.4,1093.2,-261.1
2026-09-06T03:03:33.347Z,-68.75,5.4,1091.2,-268.6
2026-09-06T03:03:47.811Z,-68.75,5.42,1092.4,-252.5
2026-09-06T03:04:02.755Z,-68.75,5.38,1094.8,-252.5
2026-09-06T03:04:27.875Z,-68.75,5.42,1090.8,-257.9
2026-09-06T03:04:52.644Z,-66.69,5.39,1094.9,-262.8
2026-09-06T03:05:07.652Z,-33.88,5.43,1092.1,-2767.3
2026-09-06T03:05:22.116Z,-6.12,5.43,1094.9,431.4
2026-09-06T03:05:36.263Z,1.81,5.41,1094.1,300.2
2026-09-06T03:05:50.371Z,-18.31,5.4,1095,2312.3
2026-09-06T03:06:04.835Z,-49.88,5.44,1091,-514.3
2026-09-06T03:06:19.684Z,-58.62,5.41,1095,-345.5
2026-09-06T03:06:34.307Z,-60.75,5.42,1092.3,-325.6
2026-09-06T03:06:49.380Z,-66.69,5.42,1092,-266.3
2026-09-06T03:07:03.876Z,-65.31,5.42,1091,-282.4
2026-09-06T03:07:18.371Z,-68.75,5.41,1094.9,-246
2026-09-06T03:07:33.251Z,-68.75,5.42,1092.2,-255.6
2026-09-06T03:07:47.715Z,-68.75,5.42,1092.6,-254.9
2026-09-06T03:08:02.179Z,-68.75,5.4,1093.4,-251.5
2026-09-06T03:08:16.611Z,-68.75,5.39,1095,-249.8
2026-09-06T03:08:31.076Z,-68.75,5.43,1091,-254.7
2026-09-06T03:08:46.020Z,-58.81,5.43,1091.4,-345.5
2026-09-06T03:09:00.612Z,-8.81,5.42,1091.4,508
2026-09-06T03:09:15.075Z,-33.62,5.41,1092.4,-3014.4
2026-09-06T03:09:29.635Z,-40.38,5.4,1091.1,-1074.1
2026-09-06T03:09:44.643Z,-57.31,5.37,1094.7,-362.4
2026-09-06T03:09:59.492Z,-56.44,5.4,1090.6,-389.3
2026-09-06T03:10:14.020Z,-60.94,5.38,1094.5,-316.2
2026-09-06T03:10:28.611Z,-65,5.4,1091.2,-283.2
2026-09-06T03:10:43.075Z,-68.75,5.4,1092,-252.5
2026-09-06T03:10:57.572Z,-68.75,5.36,1094.7,-255.8
2026-09-06T03:11:12.452Z,-68.75,5.38,1092.2,-260.2
2026-09-06T03:11:26.820Z,-68.75,5.4,1093.1,-260.3
2026-09-06T03:11:41.411Z,-68.75,5.38,1094.4,-253.5
2026-09-06T03:11:55.843Z,-68.75,5.37,1094.8,-250.1
2026-09-06T03:12:10.915Z,-68.75,5.38,1094.8,-251.6
2026-09-06T03:12:25.796Z,-68.75,5.38,1094.8,-260.6
2026-09-06T03:12:41.123Z,-68.75,5.4,1092.4,-255.9
2026-09-06T03:12:56.387Z,-68.75,5.37,1093.2,-255.2
2026-09-06T03:13:10.851Z,-68.75,5.4,1092.8,-258.4
2026-09-06T03:13:25.283Z,-68.75,5.4,1094.2,-255
2026-09-06T03:13:40.100Z,-68.75,5.39,1094.9,-256.3
2026-09-06T03:13:54.564Z,-68.75,5.39,1094.8,-246.6
2026-09-06T03:14:08.996Z,-68.75,5.43,1091.1,-257.8
2026-09-06T03:14:23.492Z,-68.75,5.4,1095,-250.6
2026-09-06T03:14:38.403Z,-68.75,5.43,1092.4,-257.9
2026-09-06T03:14:53.411Z,-41.38,5.42,1091.7,-966.5
2026-09-06T03:15:07.876Z,-58.56,5.41,1093.2,-350.5
2026-09-06T03:15:22.371Z,-68.75,5.43,1091.4,-255.7
2026-09-06T03:15:36.836Z,-68.75,5.43,1091.6,-255
2026-09-06T03:15:51.331Z,-68.44,5.42,1094.7,-261.3
2026-09-06T03:16:06.884Z,-68.06,5.4,1093.4,-263
2026-09-06T03:16:21.379Z,-68.75,5.41,1092.2,-256.6
2026-09-06T03:16:35.875Z,-68.75,5.38,1094.8,-252
2026-09-06T03:16:50.883Z,-68.75,5.42,1091,-253.5
2026-09-06T03:17:05.379Z,-68.75,5.41,1090.7,-254
2026-09-06T03:17:20.227Z,-68.75,5.4,1091.8,-259.8
2026-09-06T03:17:34.723Z,-68.75,5.37,1094.8,-252.2
2026-09-06T03:17:49.219Z,-68.75,5.38,1094.8,-252.2
2026-09-06T03:18:04.611Z,-68.75,5.42,1092.6,-253.5
2026-09-06T03:18:19.491Z,-68.75,5.4,1095,-250.2
2026-09-06T03:18:34.275Z,-68.75,5.4,1094.8,-253.2
2026-09-06T03:18:48.708Z,-68.75,5.42,1094.6,-250.9
2026-09-06T03:19:03.235Z,-68.75,5.42,1092.2,-254.6
2026-09-06T03:19:17.892Z,-68.75,5.41,1093.4,-252.9
2026-09-06T03:19:32.388Z,-54.12,5.43,1092.4,-426.8
2026-09-06T03:19:47.331Z,-24.94,5.38,1094.2,3191732172.7
2026-09-06T03:20:01.784Z,-5.5,5.41,1094.9,413.9
2026-09-06T03:20:15.908Z,-17.56,5.42,1094.2,1830.3
2026-09-06T03:20:30.916Z,-37.75,5.44,1091.2,-1457
2026-09-06T03:20:45.412Z,-61.38,5.44,1091,-318.1
2026-09-06T03:21:00.291Z,-66.62,5.42,1095,-268.9
2026-09-06T03:21:14.787Z,-56,5.4,1095,-388.6
2026-09-06T03:21:29.251Z,-66.25,5.42,1091.8,-269.6
2026-09-06T03:21:43.747Z,-68.75,5.41,1094.3,-253
2026-09-06T03:21:58.211Z,-68.75,5.42,1091,-257.4
2026-09-06T03:22:13.764Z,-68.75,5.42,1091.4,-258.1
2026-09-06T03:22:29.028Z,-68.75,5.41,1094.2,-256.1
2026-09-06T03:22:43.427Z,-68.75,5.42,1092,-250.2
2026-09-06T03:22:57.859Z,-68.75,5.41,1093.4,-254.5
2026-09-06T03:23:12.355Z,-68.25,5.4,1095,-259.6
2026-09-06T03:23:27.203Z,-45.94,5.42,1091.8,-672.5
2026-09-06T03:23:41.667Z,4.62,5.41,1094.8,273.9
2026-09-06T03:23:55.779Z,1.38,5.4,1095,301.6
2026-09-06T03:24:09.828Z,-22.75,5.4,1092.8,54132.4
2026-09-06T03:24:24.259Z,-47.44,5.42,1091.6,-604.9
2026-09-06T03:24:39.140Z,-57.06,5.42,1092.6,-375.4
2026-09-06T03:24:54.019Z,-56.06,5.41,1091.9,-391.4
2026-09-06T03:25:08.420Z,-63.12,5.39,1094.8,-305.8
2026-09-06T03:25:22.788Z,-65.12,5.42,1090.8,-285.6
2026-09-06T03:25:38.052Z,-68.75,5.42,1093.9,-252.5
2026-09-06T03:25:52.900Z,-68.75,5.42,1095,-252.5
2026-09-06T03:26:07.396Z,-68.75,5.42,1091,-257
2026-09-06T03:26:21.891Z,-68.75,5.4,1094.6,-257.3
2026-09-06T03:26:37.220Z,-68.75,5.38,1094.6,-256.4
2026-09-06T03:26:51.747Z,-68.75,5.4,1094,-251.1
2026-09-06T03:27:06.660Z,-68.75,5.41,1091.2,-261
2026-09-06T03:27:21.187Z,-68.75,5.42,1090.8,-259.1
2026-09-06T03:27:35.652Z,-68.75,5.42,1091.5,-255.3
2026-09-06T03:27:50.116Z,-68.75,5.39,1095,-249.2
2026-09-06T03:28:04.644Z,-68.75,5.42,1095,-245.2
2026-09-06T03:28:20.068Z,-68.75,5.43,1092.7,-248.1
2026-09-06T03:28:34.563Z,-68.75,5.43,1092.5,-249.6
2026-09-06T03:28:49.092Z,-53.44,5.43,1093.8,-430.3
2026-09-06T03:29:04.195Z,-15.25,5.4,1095.1,1038.1
2026-09-06T03:29:18.756Z,-8.38,5.4,1094.5,496.7
2026-09-06T03:29:33.283Z,-39.94,5.42,1092.6,-1129.2
2026-09-06T03:29:47.811Z,-61.06,5.43,1090.8,-323.9
2026-09-06T03:30:02.307Z,-62.06,5.4,1094.8,-303.5
2026-09-06T03:30:16.803Z,-60.31,5.4,1094.8,-328.1
2026-09-06T03:30:31.908Z,-68.5,5.41,1093.4,-254.9
2026-09-06T03:30:46.820Z,-68.75,5.37,1094.4,-251.3
2026-09-06T03:31:01.412Z,-68.75,5.37,1094.4,-253.6
2026-09-06T03:31:15.972Z,-68.75,5.38,1094.6,-256.4
2026-09-06T03:31:30.468Z,-68.75,5.4,1091.4,-261.3
2026-09-06T03:31:44.996Z,-68.75,5.4,1091.9,-256.8
2026-09-06T03:31:59.875Z,-68.75,5.39,1093.2,-258.1
2026-09-06T03:32:14.500Z,-68.75,5.39,1092.6,-259.8
2026-09-06T03:32:28.996Z,-68.75,5.39,1090.3,-264.9
2026-09-06T03:32:43.524Z,-68.75,5.4,1091.8,-259.5
2026-09-06T03:32:58.020Z,-68.75,5.41,1091.2,-262.8
2026-09-06T03:33:14.180Z,-68.75,5.41,1092.1,-258.5
2026-09-06T03:33:28.740Z,-68.75,5.42,1091.8,-258
2026-09-06T03:33:43.716Z,-68.31,5.39,1094.2,-261.2
2026-09-06T03:33:58.148Z,-40.69,5.41,1094.7,-999.7
2026-09-06T03:34:12.676Z,-12.88,5.41,1092.4,754.6
2026-09-06T03:34:40.484Z,-9.88,5.4,1094.9,545.1
2026-09-06T03:35:03.748Z,-47.19,5.39,1095,-606.9
2026-09-06T03:35:18.275Z,-65,5.4,1095,-285
2026-09-06T03:35:33.187Z,-65,5.4,1095,-285
2026-09-06T03:35:47.651Z,-61.75,5.41,1091.8,-317.8
2026-09-06T03:36:02.852Z,-68.19,5.4,1094.9,-254.6
2026-09-06T03:36:17.380Z,-68.75,5.42,1091.1,-262.3
2026-09-06T03:36:32.612Z,-68.75,5.42,1092.4,-256
2026-09-06T03:36:47.428Z,-68.75,5.43,1090.9,-260
2026-09-06T03:37:01.924Z,-68.75,5.43,1091.9,-257.1
2026-09-06T03:37:16.355Z,-68.75,5.41,1092.6,-256
2026-09-06T03:37:30.852Z,-68.75,5.42,1090.9,-259.5
2026-09-06T03:37:45.347Z,-68.75,5.43,1091,-258.4
2026-09-06T03:38:00.227Z,-68.75,5.4,1095.2,-252.1
2026-09-06T03:38:15.331Z,-68.75,5.42,1093.4,-248.7
2026-09-06T03:38:29.763Z,-62.19,5.43,1094.3,-308.1
2026-09-06T03:38:44.195Z,-38.12,5.43,1093,-1407.2
2026-09-06T03:38:58.659Z,-30,5.44,1092.7,-9702.3
2026-09-06T03:39:14.307Z,-45.25,5.44,1092.6,-696.7
2026-09-06T03:39:29.572Z,-58.88,5.4,1094.8,-343.1
2026-09-06T03:39:43.971Z,-54.88,5.37,1094.6,-403.5
2026-09-06T03:39:58.435Z,-61.25,5.37,1094.6,-317.7
2026-09-06T03:40:12.899Z,-68.75,5.37,1094.8,-249.3
2026-09-06T03:40:27.683Z,-68.75,5.37,1094.6,-255.7
2026-09-06T03:40:42.116Z,-68.75,5.38,1092.1,-264.2
2026-09-06T03:40:56.676Z,-68.75,5.4,1091.4,-264
2026-09-06T03:41:11.140Z,-68.75,5.37,1092.8,-260.5
2026-09-06T03:41:25.571Z,-68.75,5.35,1094.6,-260
2026-09-06T03:41:40.387Z,-68.75,5.36,1093.8,-262.1
2026-09-06T03:41:54.852Z,-68.75,5.34,1094.3,-255.1
2026-09-06T03:42:09.347Z,-68.75,5.39,1091.6,-258.9
2026-09-06T03:42:23.812Z,-68.75,5.35,1094.6,-261.2
2026-09-06T03:42:38.243Z,-68.75,5.36,1093.6,-258.1
2026-09-06T03:42:53.668Z,-68.75,5.37,1094.5,-258.4
2026-09-06T03:43:08.163Z,-68.75,5.38,1094,-253.6
2026-09-06T03:43:22.596Z,-68.75,5.4,1090.8,-260.9
2026-09-06T03:43:36.964Z,-68,5.35,1094.6,-255.2
2026-09-06T03:43:51.396Z,-30.69,5.37,1093.6,-7601.6
2026-09-06T03:44:06.916Z,-11.06,5.37,1091.8,638.4
2026-09-06T03:44:21.379Z,-18,5.34,1094.4,2253.7
2026-09-06T03:44:36.420Z,-48.5,5.38,1092.2,-574.3
2026-09-06T03:44:50.820Z,-68.62,5.37,1094.6,-257.3
2026-09-06T03:45:05.283Z,-68.75,5.4,1091.8,-264.9
2026-09-06T03:45:20.163Z,-64.44,5.37,1092.2,-298.1
2026-09-06T03:45:34.692Z,-68.5,5.33,1094.2,-259.6
2026-09-06T03:45:49.251Z,-68.75,5.36,1094,-258.2
2026-09-06T03:46:03.684Z,-68.75,5.38,1091,-264.1
2026-09-06T03:46:18.115Z,-68.75,5.36,1094.4,-260.9
2026-09-06T03:46:33.444Z,-68.75,5.34,1094.2,-255.8
2026-09-06T03:46:47.779Z,-68.75,5.36,1094.6,-256.5
2026-09-06T03:47:02.243Z,-68.75,5.39,1092,-267.4
2026-09-06T03:47:16.675Z,-68.75,5.38,1094.6,-257.3
2026-09-06T03:47:31.683Z,-68.75,5.39,1094.2,-252.7
2026-09-06T03:47:46.659Z,-68.75,5.4,1093.2,-250.9
2026-09-06T03:48:01.059Z,-68.75,5.42,1093,-252.6
2026-09-06T03:48:15.492Z,-68.75,5.41,1094.9,-255.6
2026-09-06T03:48:29.891Z,-32.56,5.42,1093.8,-3890.1
2026-09-06T03:48:44.291Z,-6.12,5.4,1095,422.3
2026-09-06T03:48:58.628Z,-3.44,5.39,1095,373
2026-09-06T03:49:12.676Z,-23.12,5.39,1093.3,95327.8
2026-09-06T03:49:27.108Z,-53.5,5.4,1094.8,-427.6
2026-09-06T03:49:41.603Z,-56.38,5.4,1092.7,-390.1
2026-09-06T03:49:56.035Z,-57,5.41,1092,-376.8
2026-09-06T03:50:10.883Z,-64.06,5.39,1091.8,-292.4
2026-09-06T03:50:25.379Z,-65.19,5.42,1090.8,-288.2
2026-09-06T03:50:39.779Z,-68.75,5.38,1094.7,-253.9
2026-09-06T03:50:54.275Z,-68.75,5.42,1092.1,-252.5
2026-09-06T03:51:08.867Z,-68.75,5.41,1091,-253.7
2026-09-06T03:51:23.651Z,-68.75,5.37,1094.7,-250.6
2026-09-06T03:51:38.084Z,-68.75,5.37,1094.6,-253.8
2026-09-06T03:51:52.548Z,-68.75,5.4,1090.8,-261.1
2026-09-06T03:52:06.979Z,-66.19,5.38,1094.7,-265.9
2026-09-06T03:52:21.923Z,-56.44,5.39,1091.6,-397.6
2026-09-06T03:52:37.859Z,-10.5,5.37,1093.7,590.8
2026-09-06T03:52:52.323Z,-41.38,5.37,1094.7,-966.8
2026-09-06T03:53:07.619Z,-65.62,5.4,1093,-278.5
2026-09-06T03:53:22.020Z,-68.75,5.38,1094.7,-256.8
2026-09-06T03:53:37.315Z,-66.62,5.39,1094.7,-272.9
2026-09-06T03:53:51.779Z,-61.12,5.4,1091.4,-322.4
2026-09-06T03:54:06.243Z,-67.5,5.36,1094.6,-270
2026-09-06T03:54:20.611Z,-68.75,5.41,1090.6,-263.4
2026-09-06T03:54:35.011Z,-68.75,5.4,1091,-257.2
2026-09-06T03:54:49.859Z,-68.75,5.4,1092.2,-255.4
2026-09-06T03:55:04.356Z,-68.75,5.41,1091.6,-260.5
2026-09-06T03:55:18.820Z,-68.75,5.38,1094,-259.5
2026-09-06T03:55:33.283Z,-68.75,5.39,1090.8,-267.5
2026-09-06T03:55:47.715Z,-68.75,5.37,1094.6,-254.9
2026-09-06T03:56:02.531Z,-68.75,5.38,1094.7,-256.1
2026-09-06T03:56:16.900Z,-68.75,5.36,1094.6,-257.3
2026-09-06T03:56:32.355Z,-68.75,5.37,1094.8,-255.7
2026-09-06T03:56:50.755Z,-68.75,5.42,1090.8,-258.9
2026-09-06T03:57:05.540Z,-68.75,5.38,1094.9,-250.1
2026-09-06T03:57:20.132Z,-68.75,5.39,1094.6,-259.7
2026-09-06T03:57:34.499Z,-68.75,5.37,1094.6,-252.5
2026-09-06T03:57:48.964Z,-68.75,5.41,1091.8,-257.1
2026-09-06T03:58:03.460Z,-68.75,5.39,1094.7,-254.9
2026-09-06T03:58:18.307Z,-68.75,5.36,1094.7,-251.8
2026-09-06T03:58:32.836Z,-68.75,5.39,1094.7,-250.7
2026-09-06T03:58:47.267Z,-68.75,5.39,1094.7,-250.8
2026-09-06T03:59:02.275Z,-53,5.41,1092.4,-445.9
2026-09-06T03:59:16.675Z,-21.44,5.37,1094.8,12932.9
2026-09-06T03:59:31.524Z,-47.5,5.39,1094.8,-595.2
2026-09-06T03:59:45.988Z,-67.06,5.42,1091.2,-266.9
2026-09-06T04:00:00.420Z,-68.75,5.4,1094.9,-250.4
2026-09-06T04:00:14.948Z,-68.75,5.41,1093.2,-253.7
2026-09-06T04:00:29.379Z,-68.75,5.4,1094.8,-256.7
2026-09-06T04:00:44.772Z,-68.75,5.41,1093.2,-257.9
2026-09-06T04:00:59.235Z,-68.38,5.4,1094.2,-255.6
2026-09-06T04:01:13.700Z,-68.75,5.4,1094.7,-254.2
2026-09-06T04:01:28.132Z,-68.75,5.4,1092.9,-253.4
2026-09-06T04:01:42.628Z,-68.75,5.4,1093.4,-251.2
2026-09-06T04:01:57.476Z,-68.75,5.42,1090.6,-256.7
2026-09-06T04:02:11.972Z,-68.75,5.41,1092,-252.7
2026-09-06T04:02:26.436Z,-68.75,5.41,1093.8,-250.6
2026-09-06T04:02:40.963Z,-68.75,5.4,1091.4,-260.4
2026-09-06T04:02:55.331Z,-68.75,5.39,1094.2,-258.1
2026-09-06T04:03:10.596Z,-68.75,5.43,1090.8,-259.5
2026-09-06T04:03:25.028Z,-65.62,5.39,1094.7,-284.9
2026-09-06T04:03:39.428Z,-45.12,5.43,1090.8,-709.6
2026-09-06T04:03:54.628Z,-7.19,5.43,1091.4,458.8
2026-09-06T04:04:08.707Z,0.06,5.42,1092.2,319.7
2026-09-06T04:04:23.171Z,-2.94,5.4,1094.5,361.2
2026-09-06T04:04:37.219Z,-10.81,5.38,1094.3,611.4
2026-09-06T04:05:02.116Z,-34.31,5.38,1092,-2612.3
2026-09-06T04:05:23.939Z,-68.06,5.4,1094.5,-256.1
2026-09-06T04:05:38.820Z,-68.75,5.39,1094.4,-253.4
2026-09-06T04:05:53.315Z,-68.75,5.38,1094.6,-253.8
2026-09-06T04:06:08.579Z,-68.75,5.4,1091.4,-253.4
2026-09-06T04:06:23.812Z,-68.75,5.41,1091.9,-256.8
2026-09-06T04:06:38.307Z,-68.75,5.39,1093,-254.3
2026-09-06T04:06:53.251Z,-68.75,5.42,1090.7,-257.4
2026-09-06T04:07:07.715Z,-68.75,5.42,1091,-253.6
2026-09-06T04:07:22.243Z,-68.75,5.39,1094.5,-250.5
2026-09-06T04:07:37.412Z,-68.5,5.4,1091,-257.2
2026-09-06T04:07:51.940Z,-66.06,5.41,1091.8,-271.4
2026-09-06T04:08:07.011Z,-64.44,5.4,1093.8,-282.4
2026-09-06T04:08:21.539Z,-68.75,5.42,1090.4,-255.4
2026-09-06T04:08:36.548Z,-68.75,5.4,1094.2,-252.2
2026-09-06T04:08:51.171Z,-68.75,5.4,1091.4,-249.8
2026-09-06T04:09:05.763Z,-68.75,5.4,1091.3,-255.4
2026-09-06T04:09:20.644Z,-68.69,5.39,1094.2,-247.5
2026-09-06T04:09:35.139Z,-68.75,5.4,1093.7,-246.5
2026-09-06T04:09:49.668Z,-68.75,5.42,1092,-251.1
2026-09-06T04:10:04.195Z,-68.75,5.39,1094.2,-250.1
2026-09-06T04:10:18.692Z,-68.75,5.4,1094.2,-250.9
2026-09-06T04:10:33.604Z,-68.75,5.41,1090.3,-256.1
2026-09-06T04:10:48.100Z,-68.75,5.41,1090.2,-258
2026-09-06T04:11:02.691Z,-68.75,5.41,1091.6,-252.5
2026-09-06T04:11:17.251Z,-68.75,5.41,1092.8,-244.7
2026-09-06T04:11:31.748Z,-68.75,5.41,1092,-249.1
2026-09-06T04:11:46.692Z,-68.75,5.41,1090.8,-254.3
2026-09-06T04:12:01.187Z,-68.75,5.4,1093,-252.1
2026-09-06T04:12:15.715Z,-68.75,5.41,1094.5,-248.9
2026-09-06T04:12:30.115Z,-68.75,5.42,1093.8,-250.5
2026-09-06T04:12:44.579Z,-68.75,5.42,1090.4,-254.7
2026-09-06T04:12:59.460Z,-67.38,5.42,1092.2,-262.7
2026-09-06T04:13:13.924Z,-68.75,5.38,1093.1,-259.3
2026-09-06T04:13:28.388Z,-68.75,5.42,1089.8,-260
2026-09-06T04:13:43.267Z,-68.75,5.41,1092,-253.6
2026-09-06T04:13:57.795Z,-68.75,5.39,1093.4,-255.4
2026-09-06T04:14:12.740Z,-68.75,5.4,1094,-254.3
2026-09-06T04:14:27.235Z,-68.75,5.39,1094.2,-251.6
2026-09-06T04:14:42.468Z,-68.75,5.4,1093.4,-256
2026-09-06T04:14:56.964Z,-68.75,5.41,1092.4,-254
2026-09-06T04:15:11.396Z,-68.75,5.41,1091,-257.4
2026-09-06T04:15:26.243Z,-68.75,5.41,1094.3,-254.6
2026-09-06T04:15:40.835Z,-68.75,5.42,1092.4,-248.5
2026-09-06T04:15:55.939Z,-68.75,5.4,1094.2,-250.7
2026-09-06T04:16:10.436Z,-68.75,5.41,1094.4,-249.7
2026-09-06T04:16:24.964Z,-68.75,5.44,1092.5,-249.9
2026-09-06T04:16:39.972Z,-68.75,5.41,1094.3,-250.2
2026-09-06T04:16:54.531Z,-42.25,5.39,1094.3,-873.3
2026-09-06T04:17:09.060Z,-18.81,5.43,1090.8,2756.8
2026-09-06T04:17:23.555Z,-31.06,5.43,1092.5,-6119.9
2026-09-06T04:17:38.215Z,-36.94,5.42,1092.6,-1598.9
2026-09-06T04:17:53.187Z,-44,5.39,1092.4,-756.6
2026-09-06T04:18:07.684Z,-66.31,5.43,1090.6,-272.9
2026-09-06T04:18:22.211Z,-68.75,5.44,1090,-250.7
2026-09-06T04:18:36.676Z,-68.75,5.42,1092.4,-254
2026-09-06T04:18:51.235Z,-68.75,5.43,1089.9,-253.3
2026-09-06T04:19:06.788Z,-68.75,5.42,1094,-246.7
2026-09-06T04:19:21.315Z,-68.75,5.39,1093.2,-251.8
2026-09-06T04:19:35.876Z,-68.75,5.41,1093.6,-250.2
2026-09-06T04:19:50.339Z,-68.75,5.42,1092.4,-254.2
2026-09-06T04:20:04.771Z,-68.75,5.41,1094,-255.6
2026-09-06T04:20:19.684Z,-68.75,5.4,1093.2,-250.1
2026-09-06T04:20:34.179Z,-68.75,5.4,1094.2,-251.4
2026-09-06T04:20:48.675Z,-68.75,5.43,1090.3,-251.1
2026-09-06T04:21:03.140Z,-68.75,5.43,1089.6,-254.3
2026-09-06T04:21:17.603Z,-65.19,5.39,1093.1,-279.7
2026-09-06T04:21:32.451Z,-68.44,5.43,1089.4,-259.5
2026-09-06T04:21:46.948Z,-68.75,5.43,1090,-261.2
2026-09-06T04:22:01.508Z,-68.75,5.39,1093.6,-246.4
2026-09-06T04:22:16.676Z,-68.75,5.4,1092.4,-253.5
2026-09-06T04:22:31.140Z,-68.75,5.41,1090.2,-255.4
2026-09-06T04:22:46.020Z,-68.75,5.38,1093.8,-250.6
2026-09-06T04:23:00.580Z,-68.75,5.42,1090,-253.6
2026-09-06T04:23:14.980Z,-68.75,5.42,1089.6,-254.7
2026-09-06T04:23:29.476Z,-68.75,5.4,1093,-249.7
2026-09-06T04:23:43.972Z,-68.75,5.4,1093.9,-251.4
2026-09-06T04:23:58.852Z,-68.75,5.42,1090.8,-250.7
2026-09-06T04:24:13.476Z,-68.75,5.37,1093.9,-246.3
2026-09-06T04:24:27.972Z,-68.75,5.39,1092.2,-256
2026-09-06T04:24:43.267Z,-52.88,5.4,1093.7,-436.7
2026-09-06T04:24:57.731Z,-24.38,5.41,1091.4,2764539.3
2026-09-06T04:25:12.644Z,-47.81,5.43,1089.8,-585.6
2026-09-06T04:25:27.075Z,-68.75,5.42,1091.2,-258.1
2026-09-06T04:25:41.635Z,-68.75,5.4,1092.5,-256.7
2026-09-06T04:25:56.803Z,-68.69,5.39,1090.8,-258.6
2026-09-06T04:26:11.235Z,-68.75,5.42,1091.8,-249.1
2026-09-06T04:26:25.992Z,-68.75,5.37,1093.6,-255.2
2026-09-06T04:26:40.483Z,-68.75,5.4,1090.6,-255.7
2026-09-06T04:26:55.172Z,-68.75,5.38,1093.5,-258.4
2026-09-06T04:27:09.667Z,-68.75,5.38,1093.4,-251.4
2026-09-06T04:27:24.580Z,-65.06,5.4,1093,-283.8
2026-09-06T04:27:39.619Z,-51.69,5.39,1090.2,-484.2
2026-09-06T04:27:54.115Z,-3.81,5.36,1091.7,391.8
2026-09-06T04:28:08.163Z,-17.88,5.39,1090.2,2075.5
2026-09-06T04:28:22.692Z,-40.88,5.38,1089.6,-1033.8
2026-09-06T04:28:37.635Z,-61.56,5.4,1090,-319.2
2026-09-06T04:28:53.092Z,-59.56,5.4,1089.1,-352.6
2026-09-06T04:29:07.588Z,-60.5,5.39,1089.5,-340.1
2026-09-06T04:29:22.052Z,-68.75,5.39,1089.5,-260.1
2026-09-06T04:29:36.548Z,-68.75,5.38,1093,-252.2
2026-09-06T04:29:51.076Z,-68.75,5.4,1090,-256.3
2026-09-06T04:30:05.924Z,-68.75,5.39,1088.9,-264.8
2026-09-06T04:30:20.420Z,-68.75,5.37,1093.4,-254.9
2026-09-06T04:30:34.916Z,-68.75,5.39,1090.9,-260.8
2026-09-06T04:30:49.412Z,-65.31,5.37,1093.6,-280.9
2026-09-06T04:31:03.940Z,-65.19,5.42,1089.9,-283.1
2026-09-06T04:31:18.884Z,-63.75,5.41,1091.5,-294
2026-09-06T04:31:33.412Z,-24.81,5.42,1089.2,104289034.5
2026-09-06T04:31:47.843Z,7.62,5.39,1093.4,255.4
2026-09-06T04:32:01.955Z,-1.75,5.41,1091.2,353.2
2026-09-06T04:32:16.708Z,-11.62,5.37,1092.9,656.4
2026-09-06T04:32:31.620Z,-30.81,5.37,1092.5,-7313.4
2026-09-06T04:32:47.011Z,-60.75,5.4,1090.4,-328.7
2026-09-06T04:33:01.443Z,-68.19,5.41,1089.4,-263.2
2026-09-06T04:33:15.939Z,-68.75,5.4,1088.8,-260.2
2026-09-06T04:33:30.371Z,-68.75,5.4,1089.6,-259.1
2026-09-06T04:33:45.284Z,-68.12,5.41,1088.6,-266.4
2026-09-06T04:33:59.843Z,-68.75,5.38,1093.2,-252.8
2026-09-06T04:34:14.371Z,-68.75,5.38,1093.2,-255.9
2026-09-06T04:34:29.443Z,-68.75,5.39,1093,-259.6
2026-09-06T04:34:43.971Z,-68.75,5.4,1090.7,-257.3
2026-09-06T04:34:58.915Z,-68.75,5.39,1093,-250.4
2026-09-06T04:35:24.419Z,-68.75,5.38,1092.8,-257.4
2026-09-06T04:35:48.291Z,-68.75,5.41,1093.2,-253.6
2026-09-06T04:36:03.235Z,-68.75,5.42,1090.4,-256
2026-09-06T04:36:17.668Z,-68.75,5.44,1089.8,-250.2
2026-09-06T04:36:32.227Z,-58.12,5.39,1093.2,-354.5
2026-09-06T04:36:46.660Z,-60.5,5.43,1088.8,-324.2
2026-09-06T04:37:01.156Z,-68.75,5.43,1090.6,-252
2026-09-06T04:37:16.004Z,-68.75,5.44,1088.8,-253.6
2026-09-06T04:37:31.331Z,-65.69,5.39,1093.1,-274.3
2026-09-06T04:37:45.796Z,-9.44,5.41,1089.4,552.1
2026-09-06T04:38:00.836Z,-51.56,5.42,1088.6,-495.4
2026-09-06T04:38:15.267Z,-68.75,5.42,1088.8,-256.1
2026-09-06T04:38:30.692Z,-68.75,5.4,1092.2,-252.9
2026-09-06T04:38:45.187Z,-68.75,5.42,1088.4,-257.2
2026-09-06T04:39:00.004Z,-58.81,5.41,1089,-356.1
2026-09-06T04:39:14.436Z,-61.44,5.37,1090.6,-325.2
2026-09-06T04:39:28.900Z,-63.94,5.37,1092.4,-301.6
2026-09-06T04:39:43.620Z,-68.12,5.39,1091.1,-263.6
2026-09-06T04:39:58.115Z,-68.75,5.39,1089.5,-259.6
2026-09-06T04:40:12.612Z,-68.75,5.38,1092.6,-252.3
2026-09-06T04:40:27.171Z,-68.75,5.41,1088.6,-263.5
2026-09-06T04:40:41.636Z,-68.75,5.41,1091.4,-256.6
2026-09-06T04:40:56.484Z,-68.75,5.42,1089.5,-257.5
2026-09-06T04:41:10.980Z,-68.75,5.39,1092.6,-254.4
2026-09-06T04:41:25.507Z,-68.75,5.37,1092.6,-262.5
2026-09-06T04:41:40.067Z,-68.75,5.4,1092.4,-258.2
2026-09-06T04:41:54.532Z,-68.75,5.38,1092.1,-257.4
2026-09-06T04:42:09.444Z,-68.75,5.38,1090.5,-260.9
2026-09-06T04:42:23.971Z,-68.75,5.42,1089,-256.7
2026-09-06T04:42:38.627Z,-68.75,5.42,1089.5,-259.7
2026-09-06T04:42:53.092Z,-68.75,5.4,1089.9,-266.1
2026-09-06T04:43:08.195Z,-68.75,5.4,1092.4,-257.2
2026-09-06T04:43:23.012Z,-68.75,5.37,1092.6,-256.3
2026-09-06T04:43:37.412Z,-68.75,5.39,1092.7,-252.6
2026-09-06T04:43:51.876Z,-68.75,5.4,1092.5,-253.4
2026-09-06T04:44:06.404Z,-68.75,5.44,1088.6,-261.2
2026-09-06T04:44:21.571Z,-68.75,5.42,1090.5,-259.5
2026-09-06T04:44:36.580Z,-57.62,5.43,1089,-369.4
2026-09-06T04:44:51.588Z,-29.69,5.4,1092.2,-12134.7
2026-09-06T04:45:06.052Z,-56.81,5.42,1090.9,-383.6
2026-09-06T04:45:20.488Z,-68.75,5.43,1092.9,-258.7
2026-09-06T04:45:34.916Z,-68.75,5.44,1092,-255.2
2026-09-06T04:45:49.827Z,-68.75,5.44,1089.8,-254
2026-09-06T04:46:04.995Z,-68.75,5.4,1091.8,-254.7
2026-09-06T04:46:19.491Z,-65.56,5.4,1092.4,-280.9
2026-09-06T04:46:34.083Z,-68.75,5.39,1092.3,-252.5
2026-09-06T04:46:48.547Z,-68.75,5.4,1089.6,-263.7
2026-09-06T04:47:03.460Z,-68.75,5.42,1088.8,-258.1
2026-09-06T04:47:17.956Z,-68.75,5.41,1089.7,-260.6
2026-09-06T04:47:32.452Z,-68.75,5.42,1090.2,-252.2
2026-09-06T04:47:47.684Z,-68.75,5.41,1088.7,-260
2026-09-06T04:48:02.148Z,-68.75,5.39,1092.6,-256
2026-09-06T04:48:16.996Z,-68.75,5.41,1092.8,-248.9
2026-09-06T04:48:31.492Z,-68.75,5.42,1092.6,-257
2026-09-06T04:48:45.955Z,-32.94,5.41,1092.6,-3565.5
2026-09-06T04:49:00.355Z,-10.31,5.42,1089.8,593.8
2026-09-06T04:49:14.820Z,-23.19,5.43,1088.4,112696.9
2026-09-06T04:49:29.764Z,-59.25,5.42,1092.2,-337.8
2026-09-06T04:49:44.355Z,-65.44,5.41,1091.7,-286.9
2026-09-06T04:49:58.851Z,-66.31,5.44,1089.8,-270.5
2026-09-06T04:50:13.347Z,-65.06,5.39,1092.4,-283.3
2026-09-06T04:50:27.844Z,-61.06,5.4,1092.4,-326
2026-09-06T04:50:43.460Z,-63.56,5.39,1092.2,-299.4
2026-09-06T04:50:57.923Z,-66.94,5.41,1091.4,-269
2026-09-06T04:51:12.420Z,-68.75,5.39,1092.3,-256.8
2026-09-06T04:51:26.916Z,-68.75,5.39,1092.1,-260.2
2026-09-06T04:51:41.540Z,-67.5,5.37,1092.1,-267.3
2026-09-06T04:51:56.420Z,-68.75,5.4,1091.8,-252.3
2026-09-06T04:52:11.043Z,-68.5,5.43,1087.8,-259.1
2026-09-06T04:52:25.540Z,-67.19,5.41,1092.4,-266.7
2026-09-06T04:52:40.035Z,-68.75,5.4,1092.4,-254.9
2026-09-06T04:52:54.531Z,-60.06,5.41,1092,-332.1
2026-09-06T04:53:09.475Z,-44.5,5.38,1091.8,-751
2026-09-06T04:53:23.939Z,-36.81,5.38,1088.3,-1745.9
2026-09-06T04:53:38.435Z,-29.5,5.38,1088.4,-13613.5
2026-09-06T04:53:53.379Z,-37.12,5.4,1087,-1662.9
2026-09-06T04:54:08.035Z,-43.56,5.38,1087.1,-816.3
2026-09-06T04:54:22.883Z,-68.75,5.38,1091.6,-256.3
2026-09-06T04:54:37.379Z,-68.75,5.4,1088,-257.1
2026-09-06T04:54:52.036Z,-68.75,5.37,1091.6,-256.4
2026-09-06T04:55:06.564Z,-68.75,5.38,1088.2,-265.4
2026-09-06T04:55:20.995Z,-68.75,5.41,1087.2,-257.5
2026-09-06T04:55:35.939Z,-68.75,5.41,1089.2,-257
2026-09-06T04:55:50.563Z,-68.75,5.43,1087.2,-260.5
2026-09-06T04:56:05.443Z,-68.75,5.42,1087.7,-253.6
2026-09-06T04:56:19.939Z,-68.75,5.41,1089.2,-261
2026-09-06T04:56:34.467Z,-68.75,5.39,1091.9,-252
2026-09-06T04:56:49.283Z,-68.75,5.41,1088.6,-260
2026-09-06T04:57:04.451Z,-68.75,5.39,1091.7,-260.9
2026-09-06T04:57:18.915Z,-68.44,5.39,1091.2,-256.9
2026-09-06T04:57:33.411Z,-68.75,5.39,1091.5,-254.7
2026-09-06T04:57:48.547Z,-68.75,5.39,1091.9,-253.9
2026-09-06T04:58:03.492Z,-68.75,5.41,1091.1,-256.4
2026-09-06T04:58:17.987Z,-68.75,5.4,1091.9,-252.8
2026-09-06T04:58:32.451Z,-68.75,5.4,1090.4,-252.5
2026-09-06T04:58:46.947Z,-68.75,5.42,1087.2,-265.5
2026-09-06T04:59:01.475Z,-68.75,5.42,1088.6,-255.8
2026-09-06T04:59:17.732Z,-68.75,5.4,1091.5,-254.3
2026-09-06T04:59:32.259Z,-68.75,5.43,1090.8,-251.2
2026-09-06T04:59:46.788Z,-68.75,5.45,1087.8,-258.9
2026-09-06T05:00:01.828Z,-68.75,5.43,1090.2,-252.3
2026-09-06T05:00:16.900Z,-40,5.41,1092,-1075.3
2026-09-06T05:00:31.524Z,-29.38,5.41,1091.8,-13421.7
2026-09-06T05:00:46.020Z,-36.12,5.42,1091.1,-1931.1
2026-09-06T05:01:00.580Z,-46.19,5.43,1087.2,-674.9
2026-09-06T05:01:15.108Z,-68.75,5.41,1089.8,-257.2
2026-09-06T05:01:30.211Z,-68.75,5.41,1090.5,-251.1
2026-09-06T05:01:45.315Z,-68.75,5.41,1090.4,-257.8
2026-09-06T05:01:59.811Z,-68.75,5.42,1087.5,-262.1
2026-09-06T05:02:14.467Z,-68.75,5.39,1090,-257.5
2026-09-06T05:02:29.603Z,-68.75,5.42,1087.4,-262.5
2026-09-06T05:02:44.579Z,-68.75,5.43,1088,-255.6
2026-09-06T05:02:59.108Z,-68.75,5.42,1092,-256.5
2026-09-06T05:03:13.700Z,-55.06,5.43,1090,-408.5
2026-09-06T05:03:28.484Z,-16.25,5.44,1089.7,1325.9
2026-09-06T05:03:43.108Z,-25.06,5.41,1091.7,-3126987203.8
2026-09-06T05:03:57.923Z,-54.12,5.4,1092,-416.7
2026-09-06T05:04:12.676Z,-68.75,5.44,1091.2,-252.8
2026-09-06T05:04:27.203Z,-68.75,5.41,1091.9,-257.4
2026-09-06T05:04:42.084Z,-65.12,5.44,1087.6,-282.9
2026-09-06T05:04:56.612Z,-68.75,5.43,1087.4,-254
2026-09-06T05:05:11.492Z,-68.75,5.41,1091.8,-256.4
2026-09-06T05:05:38.243Z,-68.75,5.43,1087,-256.4
2026-09-06T05:06:01.315Z,-68.75,5.41,1091.5,-251.6
2026-09-06T05:06:16.227Z,-68.75,5.41,1091.8,-256.6
2026-09-06T05:06:30.788Z,-68.75,5.44,1087.2,-256.4
2026-09-06T05:06:45.219Z,-68.75,5.44,1087.4,-256.3
2026-09-06T05:06:59.844Z,-68.75,5.4,1092,-252.7
2026-09-06T05:07:14.563Z,-68.75,5.44,1089.7,-252.6
2026-09-06T05:07:29.539Z,-61.81,5.43,1088.2,-310.7
2026-09-06T05:07:44.740Z,-48.88,5.45,1087.6,-548.9
2026-09-06T05:07:59.172Z,-22.62,5.39,1087.6,45657.9
2026-09-06T05:08:13.604Z,-59.69,5.38,1088.4,-349.2
2026-09-06T05:08:28.099Z,-68.75,5.37,1091.3,-251.6
2026-09-06T05:08:43.011Z,-68.75,5.38,1089,-252.5
2026-09-06T05:08:58.083Z,-54.56,5.38,1090.7,-420
2026-09-06T05:09:12.515Z,-61.5,5.35,1089,-336
2026-09-06T05:09:27.011Z,-68.75,5.37,1087.3,-272.3
2026-09-06T05:09:41.635Z,-68.75,5.37,1086.6,-263.8
2026-09-06T05:09:56.451Z,-68.12,5.36,1086.8,-268.9
2026-09-06T05:10:11.459Z,-66.88,5.36,1090.4,-268
2026-09-06T05:10:25.859Z,-68,5.38,1088.2,-267.2
2026-09-06T05:10:40.323Z,-68.75,5.37,1089.6,-258.2
2026-09-06T05:10:54.884Z,-68.75,5.37,1091.4,-250.8
2026-09-06T05:11:09.763Z,-68.75,5.41,1089.8,-255.1
2026-09-06T05:11:24.996Z,-63.81,5.4,1089.8,-299.6
2026-09-06T05:11:39.459Z,-33.12,5.4,1088.6,-3532.1
2026-09-06T05:11:54.788Z,-14.25,5.4,1087.2,948.1
2026-09-06T05:12:09.508Z,-25.06,5.36,1091.2,-3461288644.6
2026-09-06T05:12:24.419Z,-51.56,5.39,1087.3,-495.1
2026-09-06T05:12:38.979Z,-68.75,5.4,1087.2,-257.3
2026-09-06T05:12:53.571Z,-68.75,5.4,1090.2,-258.6
2026-09-06T05:13:08.195Z,-62.94,5.38,1090.6,-301.3
2026-09-06T05:13:22.692Z,-58.44,5.36,1090.4,-367.6
2026-09-06T05:13:38.211Z,-68.75,5.39,1087.6,-266.7
2026-09-06T05:13:52.739Z,-68.75,5.4,1086.6,-269.7
2026-09-06T05:14:07.907Z,-68.75,5.39,1087.2,-264.6
2026-09-06T05:14:22.820Z,-68.75,5.4,1086.6,-264.4
2026-09-06T05:14:37.636Z,-68.75,5.37,1091,-264.2
2026-09-06T05:14:52.132Z,-68.75,5.39,1087.2,-271.8
2026-09-06T05:15:06.628Z,-68.75,5.38,1091,-257.1
2026-09-06T05:15:21.956Z,-68.75,5.39,1086.9,-263.5
2026-09-06T05:15:36.452Z,-68.75,5.39,1087.7,-262.8
2026-09-06T05:15:51.331Z,-68.75,5.34,1090.4,-270.7
2026-09-06T05:16:05.860Z,-68.75,5.38,1087.4,-265.1
2026-09-06T05:16:20.323Z,-68.75,5.38,1087.8,-263.4
2026-09-06T05:16:35.235Z,-68.75,5.39,1087.7,-265.1
2026-09-06T05:16:49.699Z,-17.94,5.35,1090.2,2162.9
2026-09-06T05:17:04.611Z,-37.69,5.39,1086.6,-1534.1
2026-09-06T05:17:19.267Z,-64.12,5.38,1091.4,-288.2
2026-09-06T05:17:33.827Z,-68.75,5.39,1091.2,-261.4
2026-09-06T05:17:48.355Z,-68.75,5.39,1086.2,-272
2026-09-06T05:18:03.011Z,-68.75,5.35,1089.2,-265.5
2026-09-06T05:18:17.891Z,-67.38,5.37,1088,-273.2
2026-09-06T05:18:32.515Z,-68.75,5.35,1090.8,-260.6
2026-09-06T05:18:47.587Z,-68.75,5.39,1086.3,-273.3
2026-09-06T05:19:02.147Z,-68.75,5.39,1087.3,-268.7
2026-09-06T05:19:16.707Z,-68.75,5.39,1090,-264.1
2026-09-06T05:19:31.971Z,-68.75,5.41,1086.5,-269
2026-09-06T05:19:46.659Z,-68.75,5.37,1091,-268.3
2026-09-06T05:20:01.636Z,-68.75,5.41,1086.7,-260.3
2026-09-06T05:20:16.163Z,-68.75,5.41,1087.2,-265.1
2026-09-06T05:20:31.492Z,-52.56,5.42,1090,-454.1
2026-09-06T05:20:46.947Z,-34.5,5.41,1089,-2512.8
2026-09-06T05:21:01.475Z,-58,5.39,1089.4,-368.3
2026-09-06T05:21:16.036Z,-66.69,5.4,1088,-282.1
2026-09-06T05:21:30.691Z,-63.69,5.4,1090,-300.4
2026-09-06T05:21:45.763Z,-58.62,5.4,1087.2,-360.6
2026-09-06T05:22:00.675Z,-65.19,5.4,1088.4,-293.1
2026-09-06T05:22:15.171Z,-68.75,5.39,1088.2,-264
2026-09-06T05:22:29.667Z,-68.75,5.39,1088.8,-259.1
2026-09-06T05:22:44.163Z,-68.75,5.36,1090.8,-258.7
2026-09-06T05:22:58.659Z,-68.75,5.39,1086.8,-263
2026-09-06T05:23:14.243Z,-68.75,5.37,1091,-258.9
2026-09-06T05:23:28.771Z,-68.75,5.41,1091.1,-254.2
2026-09-06T05:23:43.363Z,-68.75,5.41,1086.7,-259.6
2026-09-06T05:23:58.339Z,-68.38,5.39,1091.4,-259.4
2026-09-06T05:24:12.932Z,-40.81,5.41,1087,-1043.8
2026-09-06T05:24:27.812Z,-20.06,5.41,1087,5441.1
2026-09-06T05:24:42.243Z,-56.44,5.4,1089.1,-389
2026-09-06T05:24:56.835Z,-68.75,5.4,1089,-254
2026-09-06T05:25:11.875Z,-63,5.39,1091,-301.1
2026-09-06T05:25:26.339Z,-51.94,5.35,1090.4,-473
2026-09-06T05:25:41.219Z,-61.81,5.37,1087.3,-313.8
2026-09-06T05:25:55.652Z,-56.75,5.37,1086,-383.4
2026-09-06T05:26:11.044Z,-62.75,5.39,1082.2,-313.9
2026-09-06T05:26:25.508Z,-68.75,5.38,1083.6,-264.1
2026-09-06T05:26:39.971Z,-68.75,5.36,1085.8,-260.7
2026-09-06T05:26:54.820Z,-68.75,5.37,1086,-258.4
2026-09-06T05:27:09.859Z,-68.75,5.39,1085,-260.4
2026-09-06T05:27:24.452Z,-68.75,5.39,1085.1,-260.5
2026-09-06T05:27:39.043Z,-68.75,5.41,1085.2,-256.8
2026-09-06T05:27:53.571Z,-49.62,5.42,1082.6,-535.1
2026-09-06T05:28:08.611Z,-36.56,5.4,1086.8,-1709.4
2026-09-06T05:28:23.108Z,-68.75,5.38,1087.1,-254.7
2026-09-06T05:28:37.572Z,-66.06,5.4,1086.9,-274
2026-09-06T05:28:52.035Z,-66.19,5.43,1083.6,-287
2026-09-06T05:29:07.108Z,-59.06,5.42,1083.2,-362.2
2026-09-06T05:29:22.051Z,-61.56,5.39,1081.8,-334.4
2026-09-06T05:29:37.028Z,-68.25,5.36,1086.2,-264.4
2026-09-06T05:29:51.555Z,-68.75,5.4,1083.2,-263
2026-09-06T05:30:06.435Z,-68.25,5.39,1086.1,-265.1
2026-09-06T05:30:20.899Z,-68.75,5.36,1086.4,-260.9
2026-09-06T05:30:35.716Z,-68.75,5.37,1085.6,-258.8
2026-09-06T05:30:50.371Z,-68.75,5.39,1085.5,-259.8
2026-09-06T05:31:04.867Z,-68.75,5.4,1085.7,-262.3
2026-09-06T05:31:19.363Z,-68.75,5.41,1083.4,-265.3
2026-09-06T05:31:33.860Z,-61.06,5.36,1086.2,-330.4
2026-09-06T05:31:48.963Z,-29.44,5.4,1083.1,-14341.1
2026-09-06T05:32:04.099Z,-6.5,5.41,1083,453.8
2026-09-06T05:32:18.500Z,-32.06,5.41,1083.8,-4897.3
2026-09-06T05:32:33.027Z,-53.19,5.42,1083.2,-465.2
2026-09-06T05:32:47.555Z,-67.5,5.42,1085.8,-268.8
2026-09-06T05:33:02.403Z,-56.44,5.41,1083.2,-403
2026-09-06T05:33:16.996Z,-55.12,5.39,1085.2,-423.9
2026-09-06T05:33:31.492Z,-68.31,5.39,1087,-260.1
2026-09-06T05:33:45.955Z,-68.75,5.39,1087,-258.9
2026-09-06T05:34:00.388Z,-68.75,5.38,1086.9,-259.3
2026-09-06T05:34:15.267Z,-68,5.4,1085.8,-267.4
2026-09-06T05:34:29.859Z,-68.75,5.35,1086.5,-260.6
2026-09-06T05:34:44.291Z,-68.75,5.36,1086.2,-266.3
2026-09-06T05:34:58.723Z,-65.94,5.37,1086.6,-282.2
2026-09-06T05:35:13.347Z,-68.75,5.36,1086,-261.4
2026-09-06T05:35:28.419Z,-45.88,5.36,1084.5,-693.3
2026-09-06T05:35:52.931Z,1.94,5.34,1086.6,315.9
2026-09-06T05:36:06.916Z,-29.06,5.38,1083.8,-17698.5
2026-09-06T05:36:29.635Z,-66.56,5.36,1086.6,-276
2026-09-06T05:36:44.483Z,-67.88,5.35,1087,-269.1
2026-09-06T05:36:58.916Z,-63.56,5.38,1082.4,-315.4
2026-09-06T05:37:13.411Z,-68.75,5.36,1085,-260.5
2026-09-06T05:37:27.940Z,-68.75,5.33,1089.4,-260.3
2026-09-06T05:37:42.628Z,-68.75,5.37,1085.7,-267.9
2026-09-06T05:37:57.475Z,-68.75,5.36,1086.6,-270.6
2026-09-06T05:38:11.875Z,-60.62,5.35,1087.6,-349.4
2026-09-06T05:38:26.723Z,-68.75,5.37,1086.6,-271.3
2026-09-06T05:38:41.379Z,-68.75,5.37,1086.7,-264.6
2026-09-06T05:38:56.003Z,-68.75,5.37,1088.2,-267.7
2026-09-06T05:39:11.363Z,-68.75,5.34,1090.3,-257.9
2026-09-06T05:39:25.891Z,-68.75,5.38,1087.3,-265.2
2026-09-06T05:39:40.515Z,-68.75,5.38,1086.8,-268.3
2026-09-06T05:39:55.011Z,-68.75,5.37,1088.8,-263.8
2026-09-06T05:40:09.475Z,-68.75,5.38,1086.4,-265.8
2026-09-06T05:40:24.771Z,-68.75,5.37,1089.4,-264
2026-09-06T05:40:39.299Z,-68.75,5.37,1087,-270.3
2026-09-06T05:40:53.955Z,-68.75,5.4,1087.2,-263.5
2026-09-06T05:41:08.420Z,-68.75,5.36,1088.8,-264.4
2026-09-06T05:41:22.755Z,-68.75,5.39,1086.9,-261.5
2026-09-06T05:41:38.179Z,-68.75,5.39,1086,-261.7
2026-09-06T05:41:52.676Z,-68.75,5.37,1088.6,-265.6
2026-09-06T05:42:07.171Z,-68.75,5.41,1086.1,-266.5
2026-09-06T05:42:22.371Z,-68.75,5.41,1087.4,-265.2
2026-09-06T05:42:36.835Z,-68.75,5.41,1088.4,-263.9
2026-09-06T05:42:51.843Z,-61.56,5.41,1086.6,-332.5
2026-09-06T05:43:06.756Z,-59.31,5.4,1089.4,-351.3
2026-09-06T05:43:21.251Z,-68.75,5.43,1086.6,-266.9
2026-09-06T05:43:36.451Z,-68.75,5.42,1086.3,-262.3
2026-09-06T05:43:50.979Z,-65.44,5.42,1087.2,-286.8
2026-09-06T05:44:05.859Z,-65.19,5.4,1089.4,-290.8
2026-09-06T05:44:20.931Z,-68.75,5.37,1090.4,-256.6
2026-09-06T05:44:35.492Z,-68.75,5.41,1087,-261.3
2026-09-06T05:44:49.955Z,-68.75,5.41,1088,-259.3
2026-09-06T05:45:04.963Z,-68.06,5.39,1090.5,-262.6
2026-09-06T05:45:20.131Z,-68.75,5.42,1083,-258
2026-09-06T05:45:34.659Z,-68.75,5.4,1087.2,-251.6
2026-09-06T05:45:49.891Z,-68.75,5.43,1083.3,-262
2026-09-06T05:46:04.355Z,-68.75,5.38,1087.3,-252.9
2026-09-06T05:46:18.916Z,-68.75,5.33,1088.6,-254
2026-09-06T05:46:33.732Z,-68.75,5.4,1085.2,-253.5
2026-09-06T05:46:48.099Z,-68.75,5.38,1088.4,-253.6
2026-09-06T05:47:03.172Z,-65.62,5.4,1085.4,-278.2
2026-09-06T05:47:17.667Z,-64.94,5.41,1088.7,-283.4
2026-09-06T05:47:32.515Z,-48.75,5.4,1087.3,-576.8
2026-09-06T05:47:47.396Z,-18.69,5.43,1085.4,2798.2
2026-09-06T05:48:01.923Z,-42.75,5.43,1084.4,-862.3
2026-09-06T05:48:16.419Z,-52.56,5.43,1083.6,-464.3
2026-09-06T05:48:31.075Z,-57.25,5.42,1085.4,-371.4
2026-09-06T05:48:45.624Z,-52.19,5.37,1087.4,-476.4
2026-09-06T05:49:00.484Z,-57.81,5.38,1086,-364.7
2026-09-06T05:49:14.980Z,-59.81,5.3,1083.8,-328.6
2026-09-06T05:49:30.148Z,-68.75,5.35,1088.7,-243.9
2026-09-06T05:49:44.644Z,-68.75,5.38,1084.6,-251.8
2026-09-06T05:49:59.011Z,-68.75,5.37,1086.6,-244.7
2026-09-06T05:50:13.860Z,-68.75,5.39,1084,-249
2026-09-06T05:50:28.644Z,-67.75,5.37,1087,-257.2
2026-09-06T05:50:43.140Z,-68.75,5.38,1087.9,-247.4
2026-09-06T05:50:57.668Z,-68.75,5.38,1085.4,-247.7
2026-09-06T05:51:12.164Z,-68.75,5.39,1086.7,-241.5
2026-09-06T05:51:27.011Z,-68.75,5.35,1088.8,-248.4
2026-09-06T05:51:41.539Z,-68.75,5.39,1087.1,-243.4
2026-09-06T05:51:56.547Z,-68.75,5.39,1087,-242.1
2026-09-06T05:52:10.915Z,-68.75,5.38,1090.2,-241.2
2026-09-06T05:52:25.412Z,-68.75,5.4,1085.4,-245
2026-09-06T05:52:40.259Z,-68.75,5.37,1088.8,-245.4
2026-09-06T05:52:55.555Z,-68.75,5.4,1084.6,-249.1
2026-09-06T05:53:10.051Z,-68.75,5.37,1089,-246.9
2026-09-06T05:53:24.516Z,-68.75,5.4,1084.4,-257.8
2026-09-06T05:53:39.619Z,-68.75,5.38,1088.6,-246.7
2026-09-06T05:53:54.403Z,-68.75,5.38,1089.2,-237.6
2026-09-06T05:54:08.836Z,-68.75,5.37,1089.4,-244.5
2026-09-06T05:54:23.331Z,-68.75,5.4,1085.3,-251.8
2026-09-06T05:54:37.891Z,-68.75,5.42,1087.2,-255
2026-09-06T05:54:53.059Z,-68.75,5.41,1086.9,-250.5
2026-09-06T05:55:07.907Z,-68.75,5.36,1089.2,-246.7
2026-09-06T05:55:22.307Z,-68.75,5.39,1084.8,-254.2
2026-09-06T05:55:36.740Z,-68.75,5.39,1084.6,-253
2026-09-06T05:55:51.235Z,-68.75,5.38,1086.2,-257.4
2026-09-06T05:56:05.828Z,-68.75,5.34,1087.8,-260.9
2026-09-06T05:56:21.155Z,-68.75,5.36,1087.2,-246.7
2026-09-06T05:56:35.620Z,-68.75,5.36,1088.4,-247.7
2026-09-06T05:56:50.083Z,-68.75,5.37,1087.6,-246.1
2026-09-06T05:57:04.612Z,-50,5.35,1088.3,-510.7
2026-09-06T05:57:19.076Z,-31.75,5.38,1085.4,-5098.6
2026-09-06T05:57:33.924Z,-60.06,5.37,1087.3,-322.6
2026-09-06T05:57:48.420Z,-68.75,5.4,1086.4,-252.3
2026-09-06T05:58:02.852Z,-68.75,5.39,1085.6,-251.8
2026-09-06T05:58:17.315Z,-68.75,5.39,1086.4,-252.6
2026-09-06T05:58:31.780Z,-68.38,5.37,1083.8,-265.8
2026-09-06T05:58:46.724Z,-68.75,5.37,1084.2,-264.7
2026-09-06T05:59:01.315Z,-68.75,5.36,1083.7,-267
2026-09-06T05:59:15.907Z,-68.75,5.34,1085.1,-269.7
2026-09-06T05:59:30.371Z,-68.75,5.33,1088.2,-254
2026-09-06T05:59:45.379Z,-68.75,5.36,1083.6,-269.1
2026-09-06T06:00:00.612Z,-68.75,5.36,1083.8,-271.1
2026-09-06T06:00:15.299Z,-68.75,5.36,1083.6,-271.8
2026-09-06T06:00:29.699Z,-68.75,5.33,1087,-263.1
2026-09-06T06:00:44.067Z,-68.75,5.39,1085.7,-260.3
2026-09-06T06:00:58.627Z,-62,5.39,1085.1,-325
2026-09-06T06:01:13.635Z,-29.88,5.38,1087.8,-10990.2
2026-09-06T06:01:28.099Z,-14.44,5.36,1085.8,974.5
2026-09-06T06:01:43.299Z,-56.81,5.35,1087.8,-384.3
2026-09-06T06:01:57.892Z,-65.38,5.37,1087.2,-281.5
2026-09-06T06:02:12.516Z,-68.75,5.36,1085.1,-267.6
2026-09-06T06:02:27.652Z,-63.56,5.35,1088.2,-299
2026-09-06T06:02:42.116Z,-65.62,5.35,1084.6,-294.1
2026-09-06T06:02:56.676Z,-68.75,5.33,1085.9,-258.4
2026-09-06T06:03:11.171Z,-68.75,5.32,1087.8,-256
2026-09-06T06:03:25.667Z,-68.75,5.34,1084,-265.6
2026-09-06T06:03:41.571Z,-68.75,5.31,1087.8,-263.5
2026-09-06T06:03:55.939Z,-68.75,5.34,1084.6,-273.9
2026-09-06T06:04:10.467Z,-68.75,5.35,1083.6,-274.1
2026-09-06T06:04:25.635Z,-68.75,5.34,1083.6,-274.6
2026-09-06T06:04:40.132Z,-68.75,5.32,1087.8,-263.8
2026-09-06T06:04:55.108Z,-68.75,5.31,1088.1,-269.3
2026-09-06T06:05:09.572Z,-68.75,5.36,1087,-261
2026-09-06T06:05:24.100Z,-68.75,5.32,1087.2,-265.9
2026-09-06T06:05:38.691Z,-68.75,5.34,1088.2,-266.5
2026-09-06T06:06:02.884Z,-68.75,5.35,1085,-266.3
2026-09-06T06:06:17.859Z,-68.75,5.36,1084.6,-274.1
2026-09-06T06:06:41.732Z,-68.75,5.35,1087.4,-268.6
2026-09-06T06:06:56.259Z,-68.75,5.32,1088.3,-263.3
2026-09-06T06:07:10.692Z,-68.75,5.34,1086.2,-263
2026-09-06T06:07:25.571Z,-68.75,5.31,1088.3,-266.3
2026-09-06T06:07:40.195Z,-68.75,5.38,1085,-263.5
2026-09-06T06:07:54.627Z,-68.75,5.38,1086,-264.6
2026-09-06T06:08:09.059Z,-68.75,5.39,1084.9,-262.3
2026-09-06T06:08:23.651Z,-68.75,5.33,1088.8,-261.6
2026-09-06T06:08:38.595Z,-68.75,5.36,1088.6,-262.4
2026-09-06T06:08:53.123Z,-68.75,5.36,1086.1,-264.8
2026-09-06T06:09:07.619Z,-68.75,5.34,1088.5,-262.1
2026-09-06T06:09:22.020Z,-68.75,5.35,1088.6,-263.9
2026-09-06T06:09:36.676Z,-68.75,5.39,1085,-265.1
2026-09-06T06:09:51.684Z,-68.75,5.39,1085.2,-257.8
2026-09-06T06:10:06.564Z,-68.75,5.39,1085.6,-257
2026-09-06T06:10:21.092Z,-68.75,5.39,1087,-254.7
2026-09-06T06:10:35.588Z,-68.75,5.37,1089.3,-251.9
2026-09-06T06:10:50.179Z,-68.75,5.39,1089.4,-252.8
2026-09-06T06:11:05.156Z,-68.75,5.39,1089.4,-255.6
2026-09-06T06:11:19.779Z,-41.44,5.36,1088.6,-967.8
2026-09-06T06:11:34.275Z,-37.25,5.38,1085.6,-1604.2
2026-09-06T06:11:48.804Z,-48,5.39,1086.4,-578.1
2026-09-06T06:12:03.363Z,-52.38,5.37,1086.9,-461.5
2026-09-06T06:12:18.371Z,-51.12,5.36,1088.6,-494.4
2026-09-06T06:12:33.476Z,-68.75,5.36,1089.2,-253.5
2026-09-06T06:12:48.036Z,-68.75,5.37,1089.2,-253.6
2026-09-06T06:13:02.596Z,-68.75,5.35,1089.1,-253.2
2026-09-06T06:13:17.123Z,-68.75,5.38,1086.6,-257.5
2026-09-06T06:13:32.099Z,-68.75,5.37,1089,-258
2026-09-06T06:13:46.595Z,-68.75,5.39,1085.2,-260.5
2026-09-06T06:14:01.156Z,-68.75,5.37,1088.6,-260.1
2026-09-06T06:14:15.716Z,-68.75,5.41,1087.4,-254.3
2026-09-06T06:14:30.275Z,-68.75,5.4,1090,-250.2
2026-09-06T06:14:45.700Z,-66.31,5.41,1088,-269
2026-09-06T06:15:00.227Z,-37.69,5.4,1089.9,-1443
2026-09-06T06:15:15.491Z,-10.31,5.4,1088.2,561.9
2026-09-06T06:15:30.019Z,-36.31,5.4,1087.5,-1756.6
2026-09-06T06:15:44.451Z,-63.44,5.41,1085.4,-296.9
2026-09-06T06:15:59.299Z,-68.75,5.39,1087,-257.9
2026-09-06T06:16:14.531Z,-68.75,5.38,1088.4,-254.9
2026-09-06T06:16:28.995Z,-68.75,5.4,1085.4,-259.2
2026-09-06T06:16:44.099Z,-65.94,5.36,1087.4,-278.7
2026-09-06T06:16:58.627Z,-68.75,5.36,1088.8,-259.9
2026-09-06T06:17:13.572Z,-68.75,5.35,1088.9,-255.6
2026-09-06T06:17:28.131Z,-68.75,5.35,1088.8,-252.8
2026-09-06T06:17:42.980Z,-68.75,5.36,1086.1,-261.7
2026-09-06T06:17:57.540Z,-68.75,5.36,1088.8,-257.2
2026-09-06T06:18:12.932Z,-68.75,5.36,1089,-262.8
2026-09-06T06:18:27.971Z,-34.06,5.37,1088.4,-2795
2026-09-06T06:18:42.403Z,-8.56,5.38,1084.8,511.7
2026-09-06T06:18:56.803Z,-18.56,5.35,1089,2711.3
2026-09-06T06:19:11.235Z,-42.5,5.34,1088.4,-889.3
2026-09-06T06:19:26.596Z,-63.75,5.36,1087.5,-301.9
2026-09-06T06:19:41.699Z,-68.75,5.37,1085.8,-264.9
2026-09-06T06:19:56.195Z,-63.94,5.36,1088.9,-302.5
2026-09-06T06:20:11.012Z,-62.38,5.35,1088.9,-313.8
2026-09-06T06:20:25.539Z,-67.75,5.38,1084.5,-276
2026-09-06T06:20:40.035Z,-68.75,5.35,1088.8,-255.6
2026-09-06T06:20:55.363Z,-68.75,5.37,1085.1,-268.4
2026-09-06T06:21:09.988Z,-68.75,5.38,1084.6,-264.2
2026-09-06T06:21:24.516Z,-68.75,5.36,1086.4,-266.6
2026-09-06T06:21:39.043Z,-68.75,5.36,1089.1,-263.4
2026-09-06T06:21:53.508Z,-12.25,5.34,1088.8,707.3
2026-09-06T06:22:08.355Z,-8.5,5.34,1087.5,519.1
2026-09-06T06:22:22.948Z,-40.62,5.37,1085.4,-1088.6
2026-09-06T06:22:37.444Z,-62.69,5.36,1085.6,-316.7
2026-09-06T06:22:52.484Z,-68.5,5.37,1088.4,-263.4
2026-09-06T06:23:06.980Z,-68.75,5.39,1085.4,-265.6
2026-09-06T06:23:21.859Z,-66,5.37,1085.4,-289.4
2026-09-06T06:23:36.355Z,-67.25,5.38,1086,-273.3
2026-09-06T06:23:50.851Z,-68.75,5.36,1087,-270
2026-09-06T06:24:06.179Z,-68.75,5.36,1086.9,-268
2026-09-06T06:24:20.707Z,-68.12,5.36,1087.4,-266.5
2026-09-06T06:24:35.652Z,-68.75,5.37,1085.6,-262.4
2026-09-06T06:24:50.147Z,-68.75,5.34,1086.2,-265.8
2026-09-06T06:25:04.676Z,-68.75,5.35,1089.2,-264.7
2026-09-06T06:25:19.652Z,-68.75,5.39,1086.5,-263.2
2026-09-06T06:25:34.147Z,-64.5,5.39,1087.8,-296
2026-09-06T06:25:49.219Z,-28.19,5.36,1089.1,-32834.4
2026-09-06T06:26:04.131Z,-4.75,5.36,1088.9,415.3
2026-09-06T06:26:18.307Z,6.56,5.39,1086.8,264.8
2026-09-06T06:26:32.931Z,-9.44,5.38,1085,566.5
2026-09-06T06:26:47.395Z,-39,5.38,1086,-1317.8
2026-09-06T06:27:02.403Z,-63,5.35,1089.2,-314.8
2026-09-06T06:27:16.900Z,-61.81,5.39,1086.2,-326.5
2026-09-06T06:27:31.299Z,-53.88,5.38,1085.3,-452.2
2026-09-06T06:27:46.404Z,-60.38,5.37,1086.6,-347.3
2026-09-06T06:28:00.995Z,-63.44,5.35,1088.4,-309.7
2026-09-06T06:28:16.643Z,-68.75,5.35,1088.9,-263
2026-09-06T06:28:31.203Z,-68.75,5.34,1088.3,-270.8
2026-09-06T06:28:45.891Z,-68.75,5.32,1088.6,-262.3
2026-09-06T06:29:00.868Z,-68.75,5.34,1086.2,-270.2
2026-09-06T06:29:15.331Z,-68.75,5.34,1089.1,-260.7
2026-09-06T06:29:30.179Z,-67.5,5.38,1088.2,-272.3
2026-09-06T06:29:44.675Z,-42.38,5.37,1086.5,-931.9
2026-09-06T06:29:59.107Z,-0.44,5.36,1085.6,339.2
2026-09-06T06:30:13.540Z,-10.94,5.36,1085.8,653.1
2026-09-06T06:30:27.940Z,-50.06,5.37,1085,-537.8
2026-09-06T06:30:42.788Z,-68.75,5.38,1085.2,-265.4
2026-09-06T06:30:57.859Z,-68.44,5.37,1086.5,-264.5
2026-09-06T06:31:12.484Z,-60.88,5.35,1086.7,-335.3
2026-09-06T06:31:26.979Z,-61.69,5.34,1088.9,-325.9
2026-09-06T06:31:41.443Z,-68.12,5.34,1087.7,-276.4
2026-09-06T06:31:56.323Z,-68.75,5.36,1086.3,-270.8
2026-09-06T06:32:10.915Z,-68.75,5.35,1087.2,-265.8
2026-09-06T06:32:25.380Z,-68.75,5.35,1087.8,-270.9
2026-09-06T06:32:40.548Z,-68.75,5.35,1089,-264.4
2026-09-06T06:32:54.948Z,-55.69,5.35,1088,-423.7
2026-09-06T06:33:09.732Z,-22.25,5.37,1084.7,34384.9
2026-09-06T06:33:24.323Z,-54.88,5.37,1089.1,-440
2026-09-06T06:33:38.756Z,-61.62,5.37,1086,-342.7
2026-09-06T06:33:53.251Z,-61.75,5.35,1089,-330.6
2026-09-06T06:34:07.684Z,-52.5,5.35,1088,-483.7
2026-09-06T06:34:22.468Z,-65.06,5.36,1085.5,-302.5
2026-09-06T06:34:37.476Z,-68.75,5.36,1084.7,-279.2
2026-09-06T06:34:52.259Z,-68.75,5.35,1086.8,-277.9
2026-09-06T06:35:06.724Z,-68.5,5.35,1086.6,-274.9
2026-09-06T06:35:21.604Z,-68.44,5.36,1087.6,-275.6
2026-09-06T06:35:36.484Z,-68.75,5.36,1084.6,-276.2
2026-09-06T06:35:51.011Z,-68.75,5.32,1089,-277.5
2026-09-06T06:36:15.396Z,-68.75,5.36,1086.9,-274.7
2026-09-06T06:36:29.924Z,-60.5,5.35,1089.2,-350.3
2026-09-06T06:36:53.380Z,-10.12,5.33,1089,617.6
2026-09-06T06:37:08.227Z,-34.81,5.34,1089.4,-2640.3
2026-09-06T06:37:22.723Z,-58.31,5.36,1087.6,-379.9
2026-09-06T06:37:37.924Z,-65.31,5.39,1085.4,-309.3
2026-09-06T06:37:52.772Z,-54.94,5.36,1086.8,-455.5
2026-09-06T06:38:07.299Z,-55.69,5.37,1085.7,-436.6
2026-09-06T06:38:21.764Z,-61,5.37,1085.2,-355.2
2026-09-06T06:38:36.387Z,-68.75,5.35,1089.2,-275.7
2026-09-06T06:38:50.851Z,-68.75,5.35,1089,-275
2026-09-06T06:39:05.699Z,-65.94,5.36,1085.6,-306.2
2026-09-06T06:39:20.132Z,-68.31,5.32,1089,-280.4
2026-09-06T06:39:34.563Z,-68.75,5.37,1086,-277.4
2026-09-06T06:39:49.188Z,-68.75,5.37,1086.2,-280.3
2026-09-06T06:40:03.619Z,-68.75,5.36,1087.6,-280.2
2026-09-06T06:40:18.468Z,-68.75,5.34,1089.4,-273.7
2026-09-06T06:40:33.540Z,-65.94,5.37,1085.2,-309.8
2026-09-06T06:40:48.004Z,-68.75,5.36,1087.8,-282.4
2026-09-06T06:41:02.628Z,-68.75,5.34,1088.1,-282.5
2026-09-06T06:41:17.764Z,-68.75,5.34,1089.4,-278.7
2026-09-06T06:41:32.708Z,-68.75,5.38,1087,-278.6
2026-09-06T06:41:47.267Z,-68.75,5.37,1085.3,-281.1
2026-09-06T06:42:02.084Z,-68.75,5.35,1088,-279.9
2026-09-06T06:42:16.612Z,-68.75,5.38,1085.2,-281.7
2026-09-06T06:42:31.043Z,-68.75,5.36,1085,-288.1
2026-09-06T06:42:46.531Z,-68.75,5.34,1088.7,-280.4
2026-09-06T06:43:01.059Z,-68.75,5.3,1089,-279
2026-09-06T06:43:15.523Z,-68.75,5.36,1088.6,-279.4
2026-09-06T06:43:29.891Z,-68.75,5.33,1089.3,-278.2
2026-09-06T06:43:44.355Z,-68.75,5.4,1085.6,-279.5
2026-09-06T06:43:59.555Z,-68.75,5.37,1086.6,-283.3
2026-09-06T06:44:14.051Z,-60.06,5.37,1085.2,-371.2
2026-09-06T06:44:28.547Z,-68.75,5.33,1089.2,-277.4
2026-09-06T06:44:42.915Z,-68.75,5.36,1085.8,-284.7
2026-09-06T06:44:57.347Z,-68.75,5.37,1086,-283.5
2026-09-06T06:45:12.227Z,-68.75,5.36,1084.8,-287.8
2026-09-06T06:45:26.595Z,-68.75,5.36,1085,-286.1
2026-09-06T06:45:41.027Z,-68.75,5.37,1085.1,-284.7
2026-09-06T06:45:56.003Z,-68.75,5.34,1089,-283.1
2026-09-06T06:46:11.331Z,-68.75,5.34,1089.2,-274.2
2026-09-06T06:46:26.179Z,-68.75,5.34,1088.3,-281.7
2026-09-06T06:46:40.675Z,-68.75,5.34,1089.4,-273
2026-09-06T06:46:55.171Z,-68.75,5.35,1086.2,-274.1
2026-09-06T06:47:09.604Z,-68.75,5.36,1090,-262.1
2026-09-06T06:47:24.067Z,-68.75,5.38,1085.6,-267.6
2026-09-06T06:47:38.979Z,-68.75,5.38,1087.8,-264.6
2026-09-06T06:47:53.379Z,-68.75,5.38,1086.2,-271.2
2026-09-06T06:48:07.876Z,-68.75,5.34,1089.4,-263.4
2026-09-06T06:48:22.307Z,-68.75,5.34,1089.4,-264.4
2026-09-06T06:48:36.740Z,-68.75,5.35,1086.9,-268.2
2026-09-06T06:48:51.620Z,-68.75,5.33,1089.4,-267.3
2026-09-06T06:49:06.147Z,-68.75,5.34,1086.2,-277
2026-09-06T06:49:21.155Z,-68.75,5.33,1088.4,-279.6
2026-09-06T06:49:35.619Z,-68.75,5.34,1087.6,-274.7
2026-09-06T06:49:50.019Z,-68.75,5.32,1089.4,-262.3
2026-09-06T06:50:04.803Z,-68.75,5.32,1089.4,-266
2026-09-06T06:50:19.235Z,-68.75,5.34,1088.2,-269.6
2026-09-06T06:50:34.123Z,-68.75,5.34,1087.5,-272.3
2026-09-06T06:51:19.428Z,-68.75,5.39,1085.5,-276
2026-09-06T06:51:34.339Z,-49.25,5.37,1085.1,-605.8
2026-09-06T06:51:49.315Z,-68.06,5.34,1088.2,-281.9
2026-09-06T06:52:03.843Z,-68.75,5.38,1088.4,-275.9
2026-09-06T06:52:18.371Z,-68.75,5.38,1089.4,-274.1
2026-09-06T06:52:33.027Z,-68.75,5.39,1085.6,-277.2
2026-09-06T06:52:47.908Z,-68.62,5.36,1089,-271
2026-09-06T06:53:02.472Z,-68.75,5.39,1085.5,-279.3
2026-09-06T06:53:17.988Z,-68.75,5.38,1087.5,-274.1
2026-09-06T06:53:32.515Z,-68.75,5.37,1085.4,-279.4
2026-09-06T06:53:47.620Z,-68.75,5.37,1086.8,-274.8
2026-09-06T06:54:02.467Z,-68.75,5.37,1089.6,-280.7
2026-09-06T06:54:17.475Z,-68.75,5.33,1089.6,-275
2026-09-06T06:54:31.907Z,-68.75,5.39,1088.5,-273.2
2026-09-06T06:54:46.403Z,-68.75,5.36,1090.1,-280.4
2026-09-06T06:55:00.868Z,-57.31,5.36,1088.4,-401.4
2026-09-06T06:55:15.843Z,-14.94,5.37,1090,1113.1
2026-09-06T06:55:30.243Z,-18.88,5.38,1085.8,3558.4
2026-09-06T06:55:44.899Z,-42.31,5.36,1089.8,-983.4
2026-09-06T06:55:59.363Z,-64.62,5.4,1085.7,-310.3
2026-09-06T06:56:13.892Z,-68.75,5.39,1087.3,-272
2026-09-06T06:56:28.867Z,-65.12,5.38,1090,-305.2
2026-09-06T06:56:44.003Z,-62.5,5.34,1089.8,-327.9
2026-09-06T06:56:58.531Z,-67.06,5.36,1089.7,-290.6
2026-09-06T06:57:13.123Z,-68.75,5.37,1087.9,-274.6
2026-09-06T06:57:27.683Z,-68.75,5.37,1088.8,-274.4
2026-09-06T06:57:42.596Z,-67.88,5.33,1089.3,-285.4
2026-09-06T06:57:57.635Z,-68.75,5.33,1089.6,-274.8
2026-09-06T06:58:12.131Z,-68.75,5.37,1087.6,-274.3
2026-09-06T06:58:27.012Z,-68.75,5.34,1089.6,-281.8
2026-09-06T06:58:41.508Z,-68.75,5.37,1086.7,-283.3
2026-09-06T06:58:56.484Z,-68.75,5.38,1085.6,-281.3
2026-09-06T06:59:10.979Z,-68.75,5.36,1085.4,-283.1
2026-09-06T06:59:25.443Z,-68.75,5.37,1087.4,-281.8
2026-09-06T06:59:39.907Z,-68.75,5.39,1086,-284.8
2026-09-06T06:59:54.403Z,-68.75,5.37,1087,-280.6
2026-09-06T07:00:09.795Z,-68.75,5.4,1086.8,-273.7
2026-09-06T07:00:24.227Z,-50.38,5.4,1088.3,-552.2
2026-09-06T07:00:38.916Z,-23.25,5.4,1086.8,145269.9
2026-09-06T07:00:54.083Z,-35.31,5.38,1090,-2413.9
2026-09-06T07:01:08.547Z,-49.31,5.36,1090.2,-585.7
2026-09-06T07:01:23.492Z,-58.81,5.39,1090.4,-382.1
2026-09-06T07:01:37.987Z,-64.62,5.39,1087.4,-310.1
2026-09-06T07:01:52.419Z,-57.12,5.35,1090,-397.6
2026-09-06T07:02:06.884Z,-58.38,5.38,1086,-394.7
2026-09-06T07:02:21.443Z,-62.19,5.35,1089.8,-334.2
2026-09-06T07:02:36.259Z,-68.06,5.37,1086,-291.2
2026-09-06T07:02:51.427Z,-68.44,5.35,1089.3,-279.1
2026-09-06T07:03:05.891Z,-68.75,5.37,1086.4,-272.5
2026-09-06T07:03:20.451Z,-67.69,5.37,1086.6,-283.1
2026-09-06T07:03:35.715Z,-66.81,5.34,1089.8,-287.2
2026-09-06T07:03:50.627Z,-68.75,5.33,1089.6,-276.5
2026-09-06T07:04:05.187Z,-68.75,5.37,1085.7,-276.7
2026-09-06T07:04:20.195Z,-68.75,5.34,1089.6,-273.9
2026-09-06T07:04:34.723Z,-68.75,5.37,1086.1,-274.7
2026-09-06T07:04:49.283Z,-68.75,5.38,1086.8,-275.8
2026-09-06T07:05:05.539Z,-68.75,5.35,1088.1,-276.5
2026-09-06T07:05:20.067Z,-68.75,5.35,1089,-275.9
2026-09-06T07:05:34.563Z,-68.75,5.37,1089.1,-280.2
2026-09-06T07:05:49.508Z,-68.75,5.37,1087.3,-275.2
2026-09-06T07:06:04.004Z,-68.75,5.41,1087.1,-275.4
2026-09-06T07:06:31.396Z,-33.12,5.4,1085.7,-3896.1
2026-09-06T07:06:46.564Z,-58.5,5.36,1090,-376.3
2026-09-06T07:07:09.187Z,-68.75,5.38,1087.2,-278.4
2026-09-06T07:07:24.227Z,-68.75,5.39,1085.8,-275.7
2026-09-06T07:07:38.916Z,-62.38,5.35,1088.6,-331.3
2026-09-06T07:07:53.315Z,-63.06,5.36,1087.7,-324
2026-09-06T07:08:07.780Z,-63.56,5.33,1089.5,-315.3
2026-09-06T07:08:22.211Z,-68.75,5.33,1089.6,-275
2026-09-06T07:08:37.059Z,-66.69,5.35,1088.6,-295.1
2026-09-06T07:08:51.651Z,-67.31,5.34,1088.2,-292.1
2026-09-06T07:09:06.243Z,-65.19,5.35,1085.7,-309
2026-09-06T07:09:20.676Z,-68.75,5.34,1087.1,-285.1
2026-09-06T07:09:35.203Z,-66.44,5.32,1085,-303.8
2026-09-06T07:09:50.180Z,-65.25,5.33,1085,-317.7
2026-09-06T07:10:04.739Z,-68.75,5.32,1089.3,-283.8
2026-09-06T07:10:19.331Z,-68.75,5.31,1087.2,-281.4
2026-09-06T07:10:33.827Z,-67.19,5.33,1086.8,-291.1
2026-09-06T07:10:48.996Z,-68.75,5.33,1088.4,-290.1
2026-09-06T07:11:03.972Z,-68.75,5.34,1085.8,-285.1
2026-09-06T07:11:18.532Z,-68.75,5.33,1086.6,-284.2
2026-09-06T07:11:33.028Z,-68.69,5.36,1086.8,-278.9
2026-09-06T07:11:47.524Z,-68.75,5.36,1085.6,-281.7
2026-09-06T07:12:02.020Z,-68.75,5.33,1089.3,-274
2026-09-06T07:12:17.668Z,-68.75,5.36,1087.3,-272.6
2026-09-06T07:12:32.132Z,-68.75,5.32,1089.4,-278.5
2026-09-06T07:12:46.596Z,-68.75,5.32,1090,-277.4
2026-09-06T07:13:01.028Z,-68.75,5.31,1089.8,-276.5
2026-09-06T07:13:15.460Z,-68.75,5.37,1086.2,-276.9
2026-09-06T07:13:31.236Z,-68.75,5.38,1086.2,-275.7
2026-09-06T07:13:45.732Z,-68.75,5.37,1090.4,-270.9
2026-09-06T07:14:00.195Z,-68.75,5.38,1090.6,-267.7
2026-09-06T07:14:14.755Z,-48.31,5.4,1086.2,-618.6
2026-09-06T07:14:29.251Z,-17.5,5.38,1089.2,2021.3
2026-09-06T07:14:44.099Z,-44,5.39,1090.1,-811.8
2026-09-06T07:14:58.596Z,-68.62,5.4,1086.4,-268.1
2026-09-06T07:15:13.091Z,-68.75,5.38,1089.3,-265.1
2026-09-06T07:15:27.748Z,-68.75,5.41,1087.5,-262.1
2026-09-06T07:15:42.339Z,-68.75,5.37,1088.6,-265.5
2026-09-06T07:15:57.155Z,-62.56,5.36,1090.2,-315.9
2026-09-06T07:16:11.716Z,-66.69,5.33,1090.1,-278.4
2026-09-06T07:16:26.179Z,-68.19,5.38,1086,-278.6
2026-09-06T07:16:40.644Z,-68.75,5.37,1085.8,-268.1
2026-09-06T07:16:55.684Z,-68.75,5.37,1087.2,-266.6
2026-09-06T07:17:10.468Z,-67.31,5.34,1089.2,-276.1
2026-09-06T07:17:24.900Z,-68.75,5.35,1088.7,-262.8
2026-09-06T07:17:39.299Z,-68.75,5.39,1086,-263.7
2026-09-06T07:17:53.699Z,-68.75,5.36,1090,-263.1
2026-09-06T07:18:08.259Z,-68.75,5.36,1090.1,-257.7
2026-09-06T07:18:23.075Z,-68.75,5.39,1085.8,-268.3
2026-09-06T07:18:38.084Z,-68.75,5.37,1090.7,-256.5
2026-09-06T07:18:52.548Z,-68.75,5.4,1088.2,-259.3
2026-09-06T07:19:06.980Z,-68.75,5.37,1091,-259.7
2026-09-06T07:19:21.379Z,-68.75,5.39,1089.2,-255.6
2026-09-06T07:19:36.355Z,-61.31,5.42,1086.6,-331.9
2026-09-06T07:19:50.883Z,-33.31,5.39,1086.2,-3321
2026-09-06T07:20:05.251Z,-48.06,5.37,1090.2,-588
2026-09-06T07:20:20.259Z,-68.12,5.37,1089.7,-265.1
2026-09-06T07:20:34.851Z,-68.75,5.39,1087.6,-260.8
2026-09-06T07:20:49.732Z,-64.62,5.37,1088.2,-291.9
2026-09-06T07:21:04.099Z,-48.88,5.34,1089.9,-582.6
2026-09-06T07:21:18.564Z,-62.5,5.36,1087.2,-314.5
2026-09-06T07:21:33.283Z,-67.94,5.35,1089.6,-264.5
2026-09-06T07:21:48.516Z,-68.75,5.36,1085.4,-267.6
2026-09-06T07:22:03.427Z,-68.75,5.36,1085.5,-267.3
2026-09-06T07:22:17.956Z,-66.56,5.36,1085.8,-282
2026-09-06T07:22:32.964Z,-67.94,5.37,1085.6,-270.8
2026-09-06T07:22:47.399Z,-68.75,5.35,1089,-262.7
2026-09-06T07:23:01.955Z,-68.75,5.37,1085.7,-267.6
2026-09-06T07:23:17.379Z,-67.56,5.37,1086.6,-274.6
2026-09-06T07:23:31.971Z,-68.75,5.37,1086.8,-257.9
2026-09-06T07:23:46.371Z,-68.75,5.37,1086.1,-254.7
2026-09-06T07:24:01.156Z,-68.69,5.35,1090.2,-249.4
2026-09-06T07:24:15.652Z,-68.75,5.38,1087,-251.4
2026-09-06T07:24:31.363Z,-68.75,5.37,1088.8,-249.8
2026-09-06T07:24:45.731Z,-68.75,5.36,1089.6,-253.6
2026-09-06T07:25:00.259Z,-68.75,5.34,1090.1,-258.1
2026-09-06T07:25:14.851Z,-68.75,5.36,1087.4,-258.8
2026-09-06T07:25:29.219Z,-68.75,5.37,1085.9,-260.1
2026-09-06T07:25:44.132Z,-68.75,5.36,1087.2,-262.1
2026-09-06T07:25:59.588Z,-68.75,5.36,1090.4,-254.3
2026-09-06T07:26:14.211Z,-68.75,5.39,1086.1,-263
2026-09-06T07:26:28.612Z,-68.75,5.37,1088.6,-258.8
2026-09-06T07:26:43.076Z,-68.75,5.36,1088.2,-260.9
2026-09-06T07:26:57.987Z,-68.75,5.41,1087.6,-258.6
2026-09-06T07:27:12.675Z,-68.75,5.41,1086.7,-251.9
2026-09-06T07:27:27.139Z,-34.69,5.37,1090.6,-2330.2
2026-09-06T07:27:42.404Z,-33.38,5.41,1086.8,-3184.7
2026-09-06T07:27:56.867Z,-56.12,5.42,1086.2,-389.2
2026-09-06T07:28:11.939Z,-68.75,5.41,1087.9,-250.4
2026-09-06T07:28:26.467Z,-68.75,5.39,1088.4,-254
2026-09-06T07:28:41.347Z,-68,5.34,1090,-261
2026-09-06T07:28:55.907Z,-65.88,5.36,1090.4,-274
2026-09-06T07:29:10.339Z,-65.44,5.38,1086,-283.4
2026-09-06T07:29:25.187Z,-68.75,5.36,1090.2,-252.7
2026-09-06T07:29:39.587Z,-68.75,5.39,1086.9,-260.2
2026-09-06T07:29:54.019Z,-68.75,5.37,1090.4,-251.8
2026-09-06T07:30:09.027Z,-68.75,5.35,1090.2,-259.5
2026-09-06T07:30:23.459Z,-68.75,5.39,1085.7,-263.8
2026-09-06T07:30:38.307Z,-68.75,5.36,1090.3,-257
2026-09-06T07:30:52.803Z,-68.75,5.37,1090.8,-256.8
2026-09-06T07:31:07.204Z,-68.75,5.35,1090.4,-253.6
2026-09-06T07:31:21.796Z,-68.75,5.37,1090.9,-257
2026-09-06T07:31:36.259Z,-68.75,5.42,1088.6,-254.9
2026-09-06T07:31:51.107Z,-68.75,5.4,1089.8,-253.1
2026-09-06T07:32:05.699Z,-68.75,5.4,1090.2,-249.5
2026-09-06T07:32:20.899Z,-61.69,5.4,1089.5,-305.4
2026-09-06T07:32:35.396Z,-12,5.41,1086.5,672.9
2026-09-06T07:32:49.827Z,-29.31,5.38,1088.1,-13456
2026-09-06T07:33:05.091Z,-56.31,5.36,1090.7,-373
2026-09-06T07:33:19.492Z,-66.5,5.37,1088,-269.4
2026-09-06T07:33:33.892Z,-68.75,5.38,1087.8,-247.3
2026-09-06T07:33:49.059Z,-63.56,5.38,1087.2,-317.5
2026-09-06T07:34:03.523Z,-61.19,5.34,1089.8,-344
2026-09-06T07:34:18.307Z,-63.38,5.32,1087.7,-325.3
2026-09-06T07:34:32.803Z,-65.44,5.35,1085.4,-293.1
2026-09-06T07:34:48.003Z,-65.75,5.34,1090,-283
2026-09-06T07:35:02.660Z,-68.12,5.36,1087.6,-266.6
2026-09-06T07:35:17.155Z,-68.75,5.37,1086,-269
2026-09-06T07:35:32.163Z,-68.75,5.38,1086,-269.4
2026-09-06T07:35:46.660Z,-68.75,5.37,1090.6,-256.1
2026-09-06T07:36:01.124Z,-68.75,5.39,1087.8,-260
2026-09-06T07:36:15.587Z,-51.69,5.4,1086.1,-498.2
2026-09-06T07:36:30.083Z,-11.12,5.37,1086.6,666
2026-09-06T07:36:55.843Z,-15.88,5.36,1086.2,1319.7
2026-09-06T07:37:17.283Z,-59.62,5.35,1089,-353.8
2026-09-06T07:37:32.259Z,-68.75,5.36,1086,-272.6
2026-09-06T07:37:47.203Z,-68.75,5.36,1090,-263.3
2026-09-06T07:38:02.627Z,-61,5.33,1089.9,-338.5
2026-09-06T07:38:17.124Z,-59.38,5.35,1088,-370.8
2026-09-06T07:38:31.587Z,-64.69,5.34,1086.9,-317.3
2026-09-06T07:38:46.051Z,-68.75,5.34,1089,-274.8
2026-09-06T07:39:00.868Z,-68.5,5.35,1085.6,-271.7
2026-09-06T07:39:15.331Z,-65.25,5.33,1087.2,-300.3
2026-09-06T07:39:30.724Z,-68.75,5.35,1086.2,-270.6
2026-09-06T07:39:45.283Z,-68.75,5.31,1090.2,-267.9
2026-09-06T07:40:00.643Z,-68.75,5.35,1090.2,-269.3
2026-09-06T07:40:15.556Z,-68.75,5.36,1089.6,-264.7
2026-09-06T07:40:30.471Z,-59.25,5.37,1087.6,-352.2
2026-09-06T07:40:44.964Z,-19.94,5.35,1086.8,5417.5
2026-09-06T07:40:59.556Z,-6.5,5.37,1085.9,454.6
2026-09-06T07:41:13.731Z,-14.88,5.34,1090.1,1088
2026-09-06T07:41:28.611Z,-42.94,5.35,1087.4,-883
2026-09-06T07:41:43.139Z,-65.69,5.35,1090.3,-285.5
2026-09-06T07:41:57.540Z,-68.12,5.35,1090.6,-268.1
2026-09-06T07:42:12.420Z,-66.06,5.37,1086.6,-284.3
2026-09-06T07:42:26.852Z,-61.75,5.37,1085.8,-334.7
2026-09-06T07:42:42.211Z,-60.75,5.37,1086.8,-336.7
2026-09-06T07:42:56.772Z,-63.88,5.36,1086.5,-307.8
2026-09-06T07:43:11.203Z,-63.19,5.33,1089,-314.4
2026-09-06T07:43:25.635Z,-68.75,5.34,1090.2,-263.4
2026-09-06T07:43:40.163Z,-68.75,5.36,1087.8,-261.7
2026-09-06T07:43:55.747Z,-68.75,5.33,1089.7,-266.3
2026-09-06T07:44:10.179Z,-68.75,5.37,1086.4,-271.5
2026-09-06T07:44:24.708Z,-51.06,5.36,1088.7,-512.3
2026-09-06T07:44:39.171Z,-8.88,5.31,1088.2,553.2
2026-09-06T07:44:53.859Z,7.12,5.32,1089.8,264
2026-09-06T07:45:08.323Z,-9.75,5.35,1088.4,563.2
2026-09-06T07:45:22.724Z,-28.12,5.34,1090.5,-30466.6
2026-09-06T07:45:37.636Z,-34.69,5.35,1090.4,-2359.1
2026-09-06T07:45:52.227Z,-39.75,5.36,1088.2,-1170.2
2026-09-06T07:46:06.756Z,-41.5,5.38,1086.2,-1000.7
2026-09-06T07:46:22.211Z,-68.75,5.36,1087.3,-264
2026-09-06T07:46:36.739Z,-68.75,5.36,1090.4,-254.2
2026-09-06T07:46:51.267Z,-68.75,5.37,1089.1,-253.5
2026-09-06T07:47:05.891Z,-68.75,5.36,1090.4,-259.2
2026-09-06T07:47:20.323Z,-68.75,5.33,1090.2,-264.9
2026-09-06T07:47:35.203Z,-68.75,5.35,1086.8,-266.1
2026-09-06T07:47:49.667Z,-68.75,5.37,1085.8,-265.8
2026-09-06T07:48:04.227Z,-64.75,5.35,1090.6,-287.4
2026-09-06T07:48:18.852Z,-61.88,5.35,1090.6,-315.8
2026-09-06T07:48:33.476Z,-9.88,5.35,1085.3,577.6
2026-09-06T07:48:48.323Z,-36.94,5.31,1089.6,-1670.8
2026-09-06T07:49:02.787Z,-63.5,5.31,1089.8,-307.5
2026-09-06T07:49:17.859Z,-68.75,5.33,1089.2,-256.6
2026-09-06T07:49:32.420Z,-63.69,5.3,1089,-290.9
2026-09-06T07:49:46.947Z,-65,5.31,1084.4,-302.6
2026-09-06T07:50:01.764Z,-68,5.3,1085.1,-280.4
2026-09-06T07:50:16.323Z,-68.5,5.27,1089.5,-259.3
2026-09-06T07:50:31.459Z,-68.44,5.3,1084.4,-272.5
2026-09-06T07:50:45.892Z,-68.75,5.28,1088.4,-259.4
2026-09-06T07:51:00.516Z,-68.75,5.32,1087.4,-261.3
2026-09-06T07:51:16.611Z,-68.75,5.33,1087,-260.7
2026-09-06T07:51:31.108Z,-68.75,5.3,1090.1,-262.5
2026-09-06T07:51:45.667Z,-68.75,5.33,1090.4,-253.3
2026-09-06T07:52:00.195Z,-66.94,5.35,1086.1,-275.3
2026-09-06T07:52:14.723Z,-68.75,5.35,1088.2,-249.1
2026-09-06T07:52:29.635Z,-68.75,5.36,1086.2,-253.9
2026-09-06T07:52:44.099Z,-68.75,5.36,1088.8,-251.1
2026-09-06T07:52:59.107Z,-68.75,5.37,1085.6,-257.3
2026-09-06T07:53:13.539Z,-68.75,5.37,1086.2,-257.4
2026-09-06T07:53:28.099Z,-68.75,5.36,1087.4,-257.2
2026-09-06T07:53:43.043Z,-68.75,5.35,1090.7,-248.7
2026-09-06T07:53:57.571Z,-68.75,5.38,1088.2,-250
2026-09-06T07:54:12.515Z,-68.75,5.39,1087.4,-253.2
2026-09-06T07:54:26.979Z,-68.75,5.37,1089,-256.8
2026-09-06T07:54:41.572Z,-68.75,5.41,1086.5,-255.8
2026-09-06T07:54:56.483Z,-68.75,5.41,1086.9,-251.9
2026-09-06T07:55:11.043Z,-47.75,5.39,1091.4,-581.5
2026-09-06T07:55:25.571Z,-13.44,5.38,1086.8,813.2
2026-09-06T07:55:40.067Z,-29.75,5.39,1086.9,-11420.1
2026-09-06T07:55:54.532Z,-60.81,5.37,1091.2,-324.4
2026-09-06T07:56:09.412Z,-68.75,5.41,1088,-256.7
2026-09-06T07:56:24.259Z,-68.75,5.39,1090.2,-254.7
2026-09-06T07:56:38.756Z,-64.19,4.96,1090.4,-290.3
2026-09-06T07:56:53.444Z,-66.75,5.17,1087.6,-269.8
2026-09-06T07:57:07.908Z,-68.38,5.21,1090.6,-258.3
2026-09-06T07:57:22.851Z,-67.56,5.29,1086.1,-270.1
2026-09-06T07:57:37.379Z,-68.75,5.26,1089,-263.3
2026-09-06T07:57:51.843Z,-68.5,5.29,1090.4,-263.3
2026-09-06T07:58:06.339Z,-68.75,5.32,1085.9,-264.9
2026-09-06T07:58:20.835Z,-68.75,5.35,1086.7,-256.8
2026-09-06T07:58:35.555Z,-48.69,5.3,1090.8,-546
2026-09-06T07:58:50.083Z,-7.5,5.32,1085.8,483
2026-09-06T07:59:04.227Z,6,5.3,1087.7,275.2
2026-09-06T07:59:18.435Z,-22.88,5.33,1086,72993
2026-09-06T07:59:32.931Z,-57.25,5.34,1086.3,-381.9
2026-09-06T07:59:48.580Z,-68.75,5.33,1089.1,-255.7
2026-09-06T08:00:03.075Z,-64.69,5.33,1088.6,-290.5
2026-09-06T08:00:17.699Z,-55.06,5.34,1088.8,-406.7
2026-09-06T08:00:32.099Z,-59.06,5.34,1086.7,-351.6
2026-09-06T08:00:46.947Z,-63.62,5.32,1087.4,-310.6
2026-09-06T08:01:01.955Z,-65.06,5.31,1090.2,-297.1
2026-09-06T08:01:16.419Z,-63.44,5.35,1086.8,-312.4
2026-09-06T08:01:30.916Z,-67.31,5.36,1086,-284.6
2026-09-06T08:01:45.411Z,-68.75,5.32,1090.8,-268.3
2026-09-06T08:01:59.971Z,-65.62,5.35,1087,-296
2026-09-06T08:02:15.395Z,-62,5.35,1085.7,-332
2026-09-06T08:02:29.891Z,-62.69,5.33,1089.8,-311.9
2026-09-06T08:02:44.355Z,-64.31,5.35,1086.1,-296.8
2026-09-06T08:02:58.980Z,-68.12,5.35,1087.6,-264.6
2026-09-06T08:03:13.508Z,-67.06,5.34,1087.8,-270.2
2026-09-06T08:03:28.644Z,-68.75,5.37,1088.4,-256.8
2026-09-06T08:03:43.556Z,-27.19,5.38,1087,-84263.5
2026-09-06T08:03:58.147Z,-27.75,5.36,1089.2,-49805.6
2026-09-06T08:04:12.996Z,-64.94,5.35,1090.8,-287.5
2026-09-06T08:04:27.523Z,-68.75,5.36,1091,-257.4
2026-09-06T08:04:42.435Z,-68.75,5.37,1086.6,-260.5
2026-09-06T08:04:57.539Z,-63.88,5.33,1090.6,-302.1
2026-09-06T08:05:12.068Z,-60.75,5.37,1087.5,-326
2026-09-06T08:05:26.628Z,-67.25,5.36,1087,-271.4
2026-09-06T08:05:41.251Z,-68.75,5.32,1090.8,-260
2026-09-06T08:05:56.227Z,-68.75,5.37,1086.6,-264.9
2026-09-06T08:06:10.724Z,-68.69,5.37,1087.5,-260.9
2026-09-06T08:06:25.380Z,-68.75,5.39,1086.8,-255.9
2026-09-06T08:06:40.836Z,-64.88,5.38,1088.2,-284.2
2026-09-06T08:06:55.524Z,-33.62,5.4,1087.8,-3076.7
2026-09-06T08:07:21.412Z,5.44,5.38,1086.7,274.7
2026-09-06T08:07:35.524Z,-18.31,5.38,1086.9,2417
2026-09-06T08:07:59.108Z,-55.44,5.39,1086.3,-402.4
2026-09-06T08:08:14.436Z,-60.19,5.39,1089,-330.1
2026-09-06T08:08:28.996Z,-51.75,5.35,1090.7,-482.7
2026-09-06T08:08:43.556Z,-52.31,5.34,1090.6,-470.8
2026-09-06T08:08:58.472Z,-63.38,5.35,1090.6,-306
2026-09-06T08:09:12.996Z,-65.12,5.35,1088.8,-296.4
2026-09-06T08:09:27.780Z,-62.25,5.33,1090.5,-308.5
2026-09-06T08:09:42.307Z,-68.75,5.34,1089.6,-260.3
2026-09-06T08:09:56.835Z,-66.31,5.37,1086,-281.2
2026-09-06T08:10:11.939Z,-68.75,5.35,1090.6,-255.9
2026-09-06T08:10:26.500Z,-68.75,5.33,1090.6,-256.4
2026-09-06T08:10:41.315Z,-68.69,5.33,1086.2,-273
2026-09-06T08:10:56.579Z,-68.75,5.31,1090.4,-255.7
2026-09-06T08:11:11.012Z,-68.69,5.36,1087.2,-263.8
2026-09-06T08:11:25.380Z,-68.75,5.35,1090.8,-254
2026-09-06T08:11:39.875Z,-42.81,5.35,1090.2,-860.6
2026-09-06T08:11:54.756Z,-20.62,5.32,1089.3,8102.7
2026-09-06T08:12:09.187Z,-53.94,5.33,1088.6,-447.2
2026-09-06T08:12:23.684Z,-68.75,5.35,1090.2,-254.5
2026-09-06T08:12:38.148Z,-68.5,5.32,1089.9,-264.2
2026-09-06T08:12:52.644Z,-57,5.31,1090,-388.3
2026-09-06T08:13:07.588Z,-57.69,5.29,1089,-387
2026-09-06T08:13:22.083Z,-62.69,5.31,1089.3,-329.1
2026-09-06T08:13:37.603Z,-65.06,5.34,1087.8,-293.8
2026-09-06T08:13:52.036Z,-65,5.33,1087,-299.6
2026-09-06T08:14:06.532Z,-62.88,5.34,1087.7,-310.2
2026-09-06T08:14:21.379Z,-64.31,5.3,1090.1,-298.1
2026-09-06T08:14:36.452Z,-61.94,5.35,1085.8,-334.3
2026-09-06T08:14:50.947Z,-65.62,5.3,1090.2,-285.7
2026-09-06T08:15:05.411Z,-67.69,5.35,1086,-273.4
2026-09-06T08:15:19.940Z,-68.75,5.33,1089.2,-261
2026-09-06T08:15:35.011Z,-67.5,5.34,1090.6,-261.1
2026-09-06T08:15:50.179Z,-68.75,5.36,1087,-259.8
2026-09-06T08:16:04.707Z,-68.75,5.35,1087.2,-263.2
2026-09-06T08:16:19.235Z,-65.56,5.37,1086.2,-289.8
2026-09-06T08:16:34.211Z,-68.75,5.33,1090.6,-252.2
2026-09-06T08:16:48.996Z,-68.62,5.36,1088,-256.9
2026-09-06T08:17:03.396Z,-68.75,5.36,1087.7,-259.9
2026-09-06T08:17:17.891Z,-68.75,5.37,1090.2,-258.4
2026-09-06T08:17:32.708Z,-68.75,5.37,1088.7,-258.1
2026-09-06T08:17:47.171Z,-68.75,5.39,1086.8,-263.7
2026-09-06T08:18:02.115Z,-68.75,5.37,1087.8,-256
2026-09-06T08:18:16.612Z,-65.81,5.35,1091,-269.4
2026-09-06T08:18:31.043Z,-68.75,5.35,1090.8,-254.3
2026-09-06T08:18:45.540Z,-68.75,5.37,1087,-258.1
2026-09-06T08:19:00.164Z,-68.75,5.36,1091.1,-249.1
2026-09-06T08:19:15.588Z,-46.44,5.4,1086.8,-667
2026-09-06T08:19:30.147Z,-16.31,5.37,1090.6,1307.4
2026-09-06T08:19:44.612Z,-45,5.39,1086.4,-717.5
2026-09-06T08:19:59.043Z,-68.69,5.4,1088,-263.3
2026-09-06T08:20:14.020Z,-68.75,5.39,1086.8,-265.4
2026-09-06T08:20:29.540Z,-64.75,5.4,1087.4,-294.1
2026-09-06T08:20:44.068Z,-65.31,5.36,1091,-274.7
2026-09-06T08:20:59.299Z,-61.69,5.39,1086.6,-321.1
2026-09-06T08:21:13.764Z,-65.56,5.36,1090.8,-283.4
2026-09-06T08:21:28.227Z,-68.75,5.38,1087.1,-260.6
2026-09-06T08:21:43.331Z,-65.19,5.37,1091.2,-286.4
2026-09-06T08:21:58.531Z,-68.75,5.41,1088.8,-258.6
2026-09-06T08:22:13.091Z,-37.06,5.4,1088.5,-1708.4
2026-09-06T08:22:27.620Z,-1.31,5.41,1086.3,349.8
2026-09-06T08:22:41.827Z,5.38,5.36,1089.8,272.8
2026-09-06T08:22:56.355Z,-24.56,5.37,1087.7,7853300.3
2026-09-06T08:23:10.852Z,-59.88,5.36,1088.6,-345.2
2026-09-06T08:23:25.347Z,-68.5,5.39,1086.6,-259.8
2026-09-06T08:23:40.036Z,-61.88,5.37,1086.8,-328.3
2026-09-06T08:23:54.500Z,-50.56,5.36,1087.8,-514.1
2026-09-06T08:24:09.411Z,-50.19,5.34,1090.1,-537.7
2026-09-06T08:24:24.580Z,-57.75,5.34,1090.2,-371.5
2026-09-06T08:24:39.171Z,-58.81,5.33,1089.2,-375.1
2026-09-06T08:24:53.604Z,-64.31,5.3,1090,-293.7
2026-09-06T08:25:08.195Z,-64.88,5.34,1086.6,-303.1
2026-09-06T08:25:23.012Z,-66.56,5.34,1087.4,-288.4
2026-09-06T08:25:38.307Z,-68.69,5.36,1086,-266.8
2026-09-06T08:25:52.867Z,-65.62,5.34,1090.7,-279.9
2026-09-06T08:26:07.363Z,-68.75,5.38,1089,-257.4
2026-09-06T08:26:21.700Z,-65.25,5.35,1088.7,-293.6
2026-09-06T08:26:36.580Z,-63.38,5.38,1086.7,-310.9
2026-09-06T08:26:51.747Z,-67.06,5.33,1090.4,-265.8
2026-09-06T08:27:06.243Z,-68.75,5.36,1087.2,-259.7
2026-09-06T08:27:20.931Z,-68.75,5.36,1087.3,-262.5
2026-09-06T08:27:35.492Z,-68.75,5.38,1087.2,-258.8
2026-09-06T08:27:50.595Z,-68.75,5.36,1090.5,-247.4
2026-09-06T08:28:05.091Z,-68.75,5.38,1091.1,-252.5
2026-09-06T08:28:19.683Z,-68.38,5.37,1088.9,-257.7
2026-09-06T08:28:34.628Z,-68.75,5.35,1088.8,-264.8
2026-09-06T08:28:49.251Z,-68.75,5.36,1090.8,-257.2
2026-09-06T08:29:04.132Z,-68.75,5.4,1087.8,-259.8
2026-09-06T08:29:18.980Z,-68.75,5.37,1090.8,-262.8
2026-09-06T08:29:33.508Z,-66.31,5.37,1087.4,-281.8
2026-09-06T08:29:48.035Z,-68.62,5.37,1089.8,-255.5
2026-09-06T08:30:02.532Z,-68.75,5.38,1090.2,-259.9
2026-09-06T08:30:17.475Z,-68.75,5.36,1090.8,-256.4
2026-09-06T08:30:32.067Z,-68.75,5.41,1087,-255.9
2026-09-06T08:30:46.627Z,-68.75,5.39,1089.7,-249
2026-09-06T08:31:01.287Z,-68.75,5.38,1088.6,-261.9
2026-09-06T08:31:15.812Z,-68.75,5.35,1091,-254.2
2026-09-06T08:31:30.820Z,-68.75,5.39,1088,-257.7
2026-09-06T08:31:45.892Z,-68.75,5.39,1090.6,-254.5
2026-09-06T08:32:00.484Z,-43.44,5.38,1091.1,-806.8
2026-09-06T08:32:15.171Z,-23.25,5.39,1089.3,118453.7
2026-09-06T08:32:29.571Z,-48.69,5.41,1087.4,-560.8
2026-09-06T08:32:44.900Z,-68.75,5.41,1087.7,-257.7
2026-09-06T08:32:59.651Z,-68.75,5.38,1091.5,-249.6
2026-09-06T08:33:14.147Z,-68.75,5.42,1086.6,-259.7
2026-09-06T08:33:29.539Z,-60.88,5.39,1088,-331.5
2026-09-06T08:33:44.291Z,-60.81,5.39,1087.2,-335.9
2026-09-06T08:33:59.716Z,-62.75,5.4,1086.3,-314.6
2026-09-06T08:34:14.499Z,-66.5,5.38,1091,-280
2026-09-06T08:34:29.027Z,-68.75,5.39,1091.2,-257.4
2026-09-06T08:34:43.523Z,-68.62,5.42,1089,-249.4
2026-09-06T08:34:58.083Z,-39.44,5.41,1088,-1161.3
2026-09-06T08:35:13.539Z,-4.19,5.39,1091,380.4
2026-09-06T08:35:27.747Z,9.19,5.39,1091,245
2026-09-06T08:35:41.923Z,-17.12,5.35,1090.8,1638.5
2026-09-06T08:35:56.484Z,-51.81,5.35,1090.9,-489.2
2026-09-06T08:36:10.980Z,-67,5.39,1086.8,-269.3
2026-09-06T08:36:25.828Z,-60.94,5.34,1089.8,-333.1
2026-09-06T08:36:40.419Z,-49.06,5.36,1086.2,-561.2
2026-09-06T08:36:55.012Z,-46.62,5.32,1090.4,-658
2026-09-06T08:37:09.604Z,-53.81,5.37,1086.9,-456
2026-09-06T08:37:35.108Z,-57.94,5.37,1086.6,-373.1
2026-09-06T08:37:50.051Z,-58.81,5.35,1090.6,-367.4
2026-09-06T08:38:11.588Z,-59.94,5.33,1090.4,-349.4
2026-09-06T08:38:26.052Z,-63.31,5.32,1090.2,-317.4
2026-09-06T08:38:41.860Z,-63.19,5.34,1088.8,-322.5
2026-09-06T08:38:56.996Z,-63.94,5.36,1087,-316.5
2026-09-06T08:39:12.227Z,-63.44,5.34,1089.2,-318.4
2026-09-06T08:39:27.299Z,-67.19,5.33,1089.9,-278.6
2026-09-06T08:39:41.827Z,-61.75,5.34,1085.8,-336
2026-09-06T08:39:56.291Z,-65.5,5.34,1086.6,-302.5
2026-09-06T08:40:11.299Z,-64.56,5.33,1088.8,-306
2026-09-06T08:40:25.828Z,-67.31,5.32,1088,-283.6
2026-09-06T08:40:40.548Z,-67.75,5.32,1086.9,-282.4
2026-09-06T08:40:55.396Z,-67.25,5.33,1088.3,-280.9
2026-09-06T08:41:10.020Z,-68.75,5.31,1090.2,-274.6
2026-09-06T08:41:25.028Z,-68.75,5.31,1089.4,-271.8
2026-09-06T08:41:39.652Z,-68.75,5.33,1089,-270.6
2026-09-06T08:41:55.363Z,-68.75,5.31,1089.2,-273.4
2026-09-06T08:42:10.179Z,-68.75,5.33,1090.6,-267.2
2026-09-06T08:42:25.219Z,-68.75,5.37,1086,-278.5
2026-09-06T08:42:39.748Z,-68.75,5.32,1089.2,-275
2026-09-06T08:42:54.948Z,-68.75,5.36,1086,-271.2
2026-09-06T08:43:09.443Z,-68.75,5.3,1090.4,-273.3
2026-09-06T08:43:23.939Z,-68.75,5.32,1090.6,-266.5
2026-09-06T08:43:39.555Z,-68.75,5.33,1090.2,-271.8
2026-09-06T08:43:54.179Z,-68.75,5.37,1088.2,-271.1
2026-09-06T08:44:08.675Z,-68.75,5.39,1088.3,-270.8
2026-09-06T08:44:23.171Z,-68.38,5.39,1090.4,-262.8
2026-09-06T08:44:37.667Z,-26.12,5.37,1088.8,-642087.5
2026-09-06T08:44:53.219Z,-39.5,5.38,1088.4,-1240.6
2026-09-06T08:45:07.747Z,-68.25,5.4,1086.6,-263.6
2026-09-06T08:45:22.339Z,-68.75,5.38,1090.8,-261.7
2026-09-06T08:45:36.964Z,-68.75,5.4,1090.4,-256.6
2026-09-06T08:45:51.523Z,-68.75,5.4,1086.9,-266.1
2026-09-06T08:46:06.756Z,-68.62,5.37,1089.2,-270.3
2026-09-06T08:46:21.315Z,-67.69,5.36,1088.7,-276.1
2026-09-06T08:46:35.811Z,-68.25,5.38,1088.3,-272.1
2026-09-06T08:46:51.012Z,-67.44,5.39,1086.2,-279.3
2026-09-06T08:47:05.604Z,-68.75,5.39,1086.9,-270.6
2026-09-06T08:47:20.419Z,-68.75,5.37,1086.9,-271.5
2026-09-06T08:47:34.947Z,-68.75,5.36,1088.2,-275.5
2026-09-06T08:47:49.411Z,-68.75,5.38,1085.8,-276.1
2026-09-06T08:48:04.387Z,-68.75,5.38,1087.9,-272.8
2026-09-06T08:48:18.948Z,-68.75,5.34,1090,-273.9
2026-09-06T08:48:33.828Z,-59.81,5.36,1090.2,-371.6
2026-09-06T08:48:48.291Z,-25.5,5.33,1091,-7246975.3
2026-09-06T08:49:02.819Z,-1.44,5.31,1086.4,376.1
2026-09-06T08:49:16.899Z,-32.69,5.32,1086.1,-4749.6
2026-09-06T08:49:31.587Z,-65.5,5.32,1090.4,-293.8
2026-09-06T08:49:47.140Z,-68.44,5.36,1086.2,-279.6
2026-09-06T08:50:01.732Z,-65.62,5.35,1086,-296.8
2026-09-06T08:50:16.291Z,-56.75,5.33,1087.1,-405
2026-09-06T08:50:30.788Z,-61.12,5.31,1087.6,-353.7
2026-09-06T08:50:45.219Z,-65.62,5.31,1090,-296.6
2026-09-06T08:51:00.771Z,-68.75,5.3,1089.2,-271.6
2026-09-06T08:51:15.203Z,-68.75,5.35,1088.4,-263
2026-09-06T08:51:29.763Z,-68.75,5.33,1090,-279.7
2026-09-06T08:51:45.187Z,-68.75,5.35,1088,-274
2026-09-06T08:52:01.892Z,-68.75,5.33,1089.7,-275.5
2026-09-06T08:52:16.503Z,-68.75,5.35,1091.2,-257.4
2026-09-06T08:52:31.108Z,-30.88,5.35,1090,-7232.9
2026-09-06T08:52:46.692Z,-35.62,5.34,1086.2,-2099.3
2026-09-06T08:53:01.603Z,-68.75,5.33,1090.8,-266
2026-09-06T08:53:16.164Z,-68.75,5.33,1089.5,-267.4
2026-09-06T08:53:30.660Z,-68.75,5.34,1090.8,-262
2026-09-06T08:53:45.156Z,-60.88,5.35,1086.1,-349.8
2026-09-06T08:53:59.652Z,-64.31,5.36,1086.3,-306.7
2026-09-06T08:54:14.724Z,-62,5.33,1089.2,-326.6
2026-09-06T08:54:29.347Z,-64.25,5.33,1088.6,-301.7
2026-09-06T08:54:43.812Z,-68.75,5.37,1090.7,-259.5
2026-09-06T08:54:58.371Z,-68.75,5.39,1090.6,-257.2
2026-09-06T08:55:13.028Z,-68.75,5.37,1089.2,-259.5
2026-09-06T08:55:27.875Z,-68.06,5.34,1089.9,-274
2026-09-06T08:55:42.339Z,-65.56,5.38,1087.2,-294.5
2026-09-06T08:55:56.836Z,-68.56,5.36,1087.9,-262.6
2026-09-06T08:56:11.395Z,-68.75,5.36,1090.5,-256.3
2026-09-06T08:56:25.987Z,-68.75,5.34,1090.1,-264
2026-09-06T08:56:41.668Z,-68.75,5.39,1087,-258.1
2026-09-06T08:56:56.195Z,-68.75,5.38,1089,-266.5
2026-09-06T08:57:10.724Z,-68.75,5.37,1088.1,-265.1
2026-09-06T08:57:25.380Z,-68.75,5.36,1090.4,-265.6
2026-09-06T08:57:39.875Z,-68.75,5.37,1086.2,-264.9
2026-09-06T08:57:54.692Z,-68.75,5.37,1087.4,-266.8
2026-09-06T08:58:09.187Z,-68.75,5.37,1087,-266.3
2026-09-06T08:58:24.291Z,-68.75,5.39,1086.6,-265.3
2026-09-06T08:58:38.852Z,-68.75,5.39,1090.2,-258.1
2026-09-06T08:58:53.475Z,-61.94,5.38,1091.2,-321.9
2026-09-06T08:59:08.996Z,-28.25,5.41,1086.4,-31690.7
2026-09-06T08:59:23.619Z,-6.88,5.39,1087,469.9
2026-09-06T08:59:37.671Z,-4.88,5.38,1087,424.6
2026-09-06T08:59:51.940Z,-14.38,5.34,1090.9,987.4
2026-09-06T09:00:06.468Z,-50.44,5.36,1089.9,-524.6
2026-09-06T09:00:22.307Z,-68.75,5.37,1090.8,-262.3
2026-09-06T09:00:36.964Z,-68.75,5.38,1088.4,-263
2026-09-06T09:00:51.587Z,-58.88,5.38,1087.5,-358.1
2026-09-06T09:01:06.724Z,-65.44,5.34,1090.9,-294.5
2026-09-06T09:01:21.731Z,-64.75,5.34,1089.6,-304.6
2026-09-06T09:01:36.388Z,-66.19,5.37,1087.6,-288.5
2026-09-06T09:01:50.916Z,-68.31,5.34,1090.7,-263.4
2026-09-06T09:02:05.571Z,-68.75,5.38,1087.5,-268
2026-09-06T09:02:20.195Z,-68.75,5.38,1088.2,-269.1
2026-09-06T09:02:35.139Z,-68.75,5.4,1088.6,-261.1
2026-09-06T09:02:49.827Z,-57.5,5.36,1091.2,-379.3
2026-09-06T09:03:04.484Z,-31.31,5.37,1091,-6106.1
2026-09-06T09:03:22.084Z,-0.81,5.35,1091.2,336.3
2026-09-06T09:03:36.643Z,9.19,5.36,1091,241.6
2026-09-06T09:03:51.011Z,-18.69,5.36,1091.2,2860.2
2026-09-06T09:04:05.540Z,-49.88,5.37,1091.3,-528.2
2026-09-06T09:04:20.099Z,-65,5.39,1089,-292.1
2026-09-06T09:04:35.299Z,-53.69,5.36,1089.6,-445.4
2026-09-06T09:04:50.179Z,-50.88,5.33,1088.5,-530.4
2026-09-06T09:05:04.707Z,-59.38,5.37,1087.6,-361.2
2026-09-06T09:05:19.875Z,-61.56,5.37,1087.2,-337
2026-09-06T09:05:34.468Z,-65,5.33,1090.1,-302.4
2026-09-06T09:05:49.187Z,-59.94,5.36,1086.2,-356.6
2026-09-06T09:06:04.100Z,-40.44,5.36,1086.2,-1113.6
2026-09-06T09:06:18.756Z,-14.25,5.29,1090.1,970.9
2026-09-06T09:06:33.892Z,-54.88,5.31,1090.6,-423.7
2026-09-06T09:06:48.440Z,-68.75,5.34,1086.1,-273.7
2026-09-06T09:07:03.043Z,-65,5.34,1086.2,-312
2026-09-06T09:07:17.924Z,-58.06,5.33,1088,-380
2026-09-06T09:07:32.388Z,-60.38,5.32,1089,-351.2
2026-09-06T09:07:56.772Z,-67.94,5.33,1086.4,-277.3
2026-09-06T09:08:21.283Z,-68.75,5.36,1086.9,-268.7
2026-09-06T09:08:36.612Z,-66.5,5.37,1088.2,-286.7
2026-09-06T09:08:51.267Z,-68.75,5.37,1088,-260.1
2026-09-06T09:09:05.860Z,-68.75,5.36,1089,-261.5
2026-09-06T09:09:21.155Z,-68.75,5.38,1091.2,-262.5
2026-09-06T09:09:35.747Z,-37.06,5.36,1091.2,-1689.6
2026-09-06T09:09:51.203Z,-48.31,5.37,1091.3,-581.6
2026-09-06T09:10:06.083Z,-68.75,5.39,1089.9,-262.3
2026-09-06T09:10:20.547Z,-68.75,5.38,1091.4,-259.2
2026-09-06T09:10:35.107Z,-68.75,5.37,1091.2,-261.6
2026-09-06T09:10:49.667Z,-55.94,5.33,1091,-400.4
2026-09-06T09:11:04.643Z,-61.12,5.37,1087.6,-339.5
2026-09-06T09:11:19.203Z,-62.69,5.36,1087.1,-318.3
2026-09-06T09:11:33.956Z,-63.12,5.35,1089.9,-316
2026-09-06T09:11:48.547Z,-68.75,5.36,1089.8,-261.6
2026-09-06T09:12:03.139Z,-68.62,5.34,1091.2,-266.4
2026-09-06T09:12:18.435Z,-68.75,5.39,1086.8,-270.6
2026-09-06T09:12:33.443Z,-38.88,5.39,1086.5,-1325.6
2026-09-06T09:12:47.971Z,-3.31,5.35,1091,384.2
2026-09-06T09:13:02.115Z,3.69,5.38,1088.5,291.9
2026-09-06T09:13:16.355Z,1.19,5.36,1089.8,315.9
2026-09-06T09:13:30.787Z,-28.56,5.38,1087.9,-24902
2026-09-06T09:13:45.411Z,-53.25,5.39,1086.6,-465.3
2026-09-06T09:14:00.004Z,-61.88,5.38,1091.4,-326.9
2026-09-06T09:14:14.563Z,-54.69,5.35,1090.8,-438.9
2026-09-06T09:14:29.219Z,-52.75,5.36,1088.2,-479.8
2026-09-06T09:14:44.163Z,-64.94,5.32,1090.8,-295.4
2026-09-06T09:14:58.724Z,-64.88,5.36,1087.9,-299.1
2026-09-06T09:15:13.379Z,-67.81,5.35,1087.8,-278.3
2026-09-06T09:15:27.875Z,-68.69,5.35,1087.8,-271.6
2026-09-06T09:15:42.339Z,-65.06,5.35,1088.8,-300.9
2026-09-06T09:15:57.379Z,-68.75,5.36,1088,-271.6
2026-09-06T09:16:12.131Z,-68.75,5.35,1091,-270.1
2026-09-06T09:16:26.724Z,-67,5.38,1087.9,-282.3
2026-09-06T09:16:41.380Z,-33.5,5.39,1089.5,-3338.3
2026-09-06T09:16:55.939Z,-13.88,5.37,1088.4,921.6
2026-09-06T09:17:11.844Z,-52.62,5.32,1090.6,-479.3
2026-09-06T09:17:26.275Z,-64.75,5.34,1090.4,-310.1
2026-09-06T09:17:40.900Z,-64.31,5.31,1089.8,-316.3
2026-09-06T09:17:55.492Z,-52.81,5.31,1090.6,-470.7
2026-09-06T09:18:10.084Z,-64.12,5.31,1090.5,-310.7
2026-09-06T09:18:24.996Z,-68.44,5.35,1085.9,-273.5
2026-09-06T09:18:39.524Z,-68.12,5.31,1090.7,-271.2
2026-09-06T09:18:54.084Z,-66.06,5.34,1089.5,-292.1
2026-09-06T09:19:08.644Z,-68.5,5.35,1088.8,-271.2
2026-09-06T09:19:23.171Z,-68.75,5.39,1087.1,-276.2
2026-09-06T09:19:37.987Z,-36.19,5.36,1091.6,-1804.9
2026-09-06T09:19:52.644Z,-24.12,5.39,1087.2,1060902.5
2026-09-06T09:20:07.171Z,-50.69,5.37,1087.4,-522.5
2026-09-06T09:20:21.795Z,-68.75,5.37,1091.4,-265.8
2026-09-06T09:20:36.259Z,-68.25,5.36,1088.2,-274.2
2026-09-06T09:20:51.172Z,-57.44,5.34,1091,-385.2
2026-09-06T09:21:05.700Z,-61.81,5.34,1090.4,-330.4
2026-09-06T09:21:20.195Z,-67,5.35,1087.4,-282.9
2026-09-06T09:21:34.819Z,-68,5.32,1090.3,-281.3
2026-09-06T09:21:49.315Z,-68.75,5.33,1089.8,-276.5
2026-09-06T09:22:04.195Z,-68.69,5.33,1090.1,-270.9
2026-09-06T09:22:18.724Z,-68.75,5.3,1088.9,-276
2026-09-06T09:22:33.219Z,-68.75,5.34,1086.4,-275.7
2026-09-06T09:22:47.620Z,-68.75,5.33,1090.6,-267.4
2026-09-06T09:23:02.211Z,-68.75,5.35,1087.6,-271.6
2026-09-06T09:23:17.187Z,-68.75,5.36,1086.4,-276.5
2026-09-06T09:23:32.323Z,-68.75,5.35,1091.4,-268.6
2026-09-06T09:23:46.948Z,-68.75,5.39,1086.8,-272.5
2026-09-06T09:24:01.604Z,-68.75,5.36,1090.6,-267.5
2026-09-06T09:24:16.259Z,-68.75,5.39,1087.2,-265.1
2026-09-06T09:24:31.108Z,-23.06,5.36,1091.4,91647.3
2026-09-06T09:24:45.635Z,-44.94,5.38,1087.8,-766.8
2026-09-06T09:25:00.099Z,-68.75,5.35,1091.6,-264.2
2026-09-06T09:25:14.884Z,-68.75,5.37,1091.6,-264.1
2026-09-06T09:25:29.603Z,-64,5.39,1086.8,-308.2
2026-09-06T09:25:44.484Z,-56.25,5.38,1090,-394
2026-09-06T09:25:59.108Z,-66.75,5.38,1086.7,-280.5
2026-09-06T09:26:14.307Z,-65.12,5.35,1088.6,-303.2
2026-09-06T09:26:28.836Z,-67.75,5.35,1091.2,-265.8
2026-09-06T09:26:43.363Z,-68.75,5.34,1088.4,-268.1
2026-09-06T09:26:58.339Z,-68.75,5.37,1090,-262.6
2026-09-06T09:27:13.732Z,-67.56,5.35,1086,-289.1
2026-09-06T09:27:28.675Z,-66.81,5.34,1087.5,-290.6
2026-09-06T09:27:43.235Z,-68.25,5.33,1090.2,-272.3
2026-09-06T09:27:59.011Z,-68.75,5.37,1087.2,-270.2
2026-09-06T09:28:13.700Z,-68.75,5.4,1088.4,-266.9
2026-09-06T09:28:28.099Z,-68.75,5.4,1088.9,-265.4
2026-09-06T09:28:43.043Z,-68.75,5.41,1090.6,-257.4
2026-09-06T09:28:57.636Z,-53.5,5.4,1088.6,-462.3
2026-09-06T09:29:12.483Z,-19.94,5.36,1091.4,5171.7
2026-09-06T09:29:27.299Z,-2.31,5.37,1091.6,359.3
2026-09-06T09:29:41.475Z,-29.25,5.38,1090.6,-16033.7
2026-09-06T09:29:55.971Z,-57.81,5.37,1090.1,-376.1
2026-09-06T09:30:10.563Z,-63.75,5.39,1089.6,-314.7
2026-09-06T09:30:25.444Z,-61.31,5.38,1090.7,-328
2026-09-06T09:30:39.875Z,-53.88,5.37,1091.4,-449.7
2026-09-06T09:30:54.403Z,-59.12,5.39,1086.6,-372.2
2026-09-06T09:31:08.899Z,-66.69,5.35,1089.2,-288.2
2026-09-06T09:31:23.331Z,-63.38,5.36,1089.9,-316.5
2026-09-06T09:31:38.787Z,-68.75,5.36,1089.4,-271.8
2026-09-06T09:31:53.187Z,-68.75,5.38,1088.1,-266.3
2026-09-06T09:32:07.619Z,-64.31,5.37,1087.8,-306
2026-09-06T09:32:22.084Z,-64.38,5.4,1087.8,-308.9
2026-09-06T09:32:36.676Z,-61,5.4,1090.4,-330.4
2026-09-06T09:32:51.524Z,-22.75,5.4,1089,61072.4
2026-09-06T09:33:06.116Z,11.06,5.39,1086.7,236.3
2026-09-06T09:33:20.580Z,-8.75,5.36,1091.4,517.7
2026-09-06T09:33:35.107Z,-49.31,5.38,1087.6,-581.9
2026-09-06T09:33:50.404Z,-56.56,5.38,1087.1,-400.7
2026-09-06T09:34:05.219Z,-57.56,5.36,1086.2,-396.4
2026-09-06T09:34:19.811Z,-55.5,5.33,1089,-430.1
2026-09-06T09:34:34.339Z,-66.5,5.34,1090.9,-287.3
2026-09-06T09:34:48.836Z,-68.75,5.32,1087.2,-278.9
2026-09-06T09:35:03.363Z,-66.19,5.31,1090.6,-292.1
2026-09-06T09:35:18.275Z,-66.31,5.32,1087.8,-305.3
2026-09-06T09:35:32.995Z,-65.44,5.3,1090.6,-299
2026-09-06T09:35:48.195Z,-68.75,5.29,1090.6,-267
2026-09-06T09:36:02.596Z,-68.75,5.3,1088.5,-275.8
2026-09-06T09:36:17.187Z,-68.75,5.29,1090.7,-268.4
2026-09-06T09:36:32.035Z,-68.75,5.33,1088.1,-272.6
2026-09-06T09:36:46.531Z,-67.19,5.31,1090.4,-281.7
2026-09-06T09:37:01.699Z,-65.69,5.33,1086.2,-310.3
2026-09-06T09:37:16.227Z,-68.75,5.3,1088.2,-284.2
2026-09-06T09:37:31.588Z,-67.19,5.33,1087.9,-287.5
2026-09-06T09:37:46.500Z,-68.75,5.34,1086.2,-279.6
2026-09-06T09:38:09.315Z,-66.62,5.33,1089.3,-293.6
2026-09-06T09:38:31.363Z,-68.75,5.34,1089.1,-274.7
2026-09-06T09:38:45.860Z,-68.75,5.38,1087.7,-270.3
2026-09-06T09:39:00.708Z,-33.06,5.35,1091.3,-3758.4
2026-09-06T09:39:15.780Z,-23.69,5.34,1091.2,306580.1
2026-09-06T09:39:30.179Z,-45.69,5.38,1090.4,-710.6
2026-09-06T09:39:45.540Z,-68.75,5.4,1086.8,-269.4
2026-09-06T09:40:00.035Z,-68.75,5.36,1091.7,-267.3
2026-09-06T09:40:15.107Z,-63.62,5.37,1091.3,-307.7
2026-09-06T09:40:29.604Z,-58.12,5.37,1088.8,-391.1
2026-09-06T09:40:44.100Z,-64.12,5.39,1086.8,-316.2
2026-09-06T09:40:58.724Z,-68.12,5.33,1090.4,-277.5
2026-09-06T09:41:13.251Z,-67.19,5.34,1089.8,-286.3
2026-09-06T09:41:28.259Z,-68.62,5.38,1087,-275.7
2026-09-06T09:41:43.556Z,-68.75,5.34,1091.2,-265.5
2026-09-06T09:41:58.211Z,-68.75,5.36,1091.2,-262.8
2026-09-06T09:42:12.740Z,-68.75,5.39,1088.6,-271.1
2026-09-06T09:42:27.748Z,-68.75,5.41,1087.5,-270.3
2026-09-06T09:42:42.660Z,-68.75,5.38,1091.4,-267.2
2026-09-06T09:42:57.219Z,-54.81,5.41,1090.4,-437.1
2026-09-06T09:43:12.355Z,-24.19,5.4,1089.8,1441082.6
2026-09-06T09:43:26.851Z,-4.38,5.39,1090.3,409.7
2026-09-06T09:43:40.996Z,-17.88,5.39,1086.9,2317.6
2026-09-06T09:43:55.779Z,-49.31,5.36,1091.4,-577.5
2026-09-06T09:44:10.179Z,-58.31,5.36,1091.4,-381.5
2026-09-06T09:44:24.611Z,-62.25,5.39,1089.4,-327.5
2026-09-06T09:44:39.011Z,-50,5.38,1087.1,-565.3
2026-09-06T09:44:53.635Z,-56.44,5.37,1091.4,-407.5
2026-09-06T09:45:08.771Z,-62.31,5.38,1086.4,-329.9
2026-09-06T09:45:23.460Z,-68.75,5.35,1091.2,-267.7
2026-09-06T09:45:37.891Z,-68.62,5.36,1091,-269
2026-09-06T09:45:52.804Z,-68.75,5.36,1090.7,-265.2
2026-09-06T09:46:07.267Z,-68.75,5.37,1088,-263.8
2026-09-06T09:46:22.500Z,-68.75,5.38,1087,-271.6
2026-09-06T09:46:36.995Z,-68.75,5.39,1087.6,-266.6
2026-09-06T09:46:51.619Z,-68.75,5.37,1091.5,-258.2
2026-09-06T09:47:06.083Z,-68.75,5.36,1091.4,-265.2
2026-09-06T09:47:20.643Z,-68.75,5.4,1088.4,-260.8
2026-09-06T09:47:35.620Z,-68.75,5.37,1091.4,-264.8
2026-09-06T09:47:50.019Z,-68.75,5.4,1088.8,-267.5
2026-09-06T09:48:04.484Z,-67.88,5.41,1086.8,-272
2026-09-06T09:48:18.979Z,-8.75,5.39,1087.9,534.9
2026-09-06T09:48:33.635Z,5.06,5.37,1089.2,278.4
2026-09-06T09:48:48.100Z,5.19,5.4,1086.8,283.4
2026-09-06T09:49:02.243Z,9.25,5.37,1091,246.1
2026-09-06T09:49:16.931Z,5.19,5.37,1088.4,283.6
2026-09-06T09:49:31.012Z,3.81,5.37,1086.2,299
2026-09-06T09:49:45.187Z,-1.31,5.37,1086.8,360.7
2026-09-06T09:49:59.651Z,-2.25,5.35,1088.4,380.8
2026-09-06T09:50:13.988Z,-8.38,5.32,1090.4,515.1
2026-09-06T09:50:29.027Z,-13.06,5.35,1086.4,865.3
2026-09-06T09:50:43.555Z,-21.06,5.35,1086.8,11567.6
2026-09-06T09:50:57.987Z,-22.38,5.33,1085.6,42787.7
2026-09-06T09:51:12.932Z,-25.31,5.33,1085.8,-30302812.3
2026-09-06T09:51:27.556Z,-35.56,5.34,1086,-2236.3
2026-09-06T09:51:42.052Z,-42.06,5.32,1088.6,-1043
2026-09-06T09:51:56.548Z,-65.06,5.35,1089.2,-299.7
2026-09-06T09:52:11.171Z,-68.75,5.35,1091.3,-260.1
2026-09-06T09:52:26.115Z,-68.75,5.34,1090.6,-265.5
2026-09-06T09:52:40.611Z,-68.75,5.36,1088.8,-269.6
2026-09-06T09:52:55.172Z,-68.75,5.36,1088.8,-265.1
2026-09-06T09:53:09.636Z,-68.75,5.37,1090.5,-258.8
2026-09-06T09:53:24.068Z,-68.75,5.37,1091.4,-263.9
2026-09-06T09:53:39.588Z,-68.75,5.37,1088.1,-266.9
2026-09-06T09:53:54.084Z,-68.75,5.37,1088.2,-262.3
2026-09-06T09:54:09.956Z,-67.75,5.34,1091.2,-271.5
2026-09-06T09:54:24.580Z,-65.31,5.38,1088.2,-295
2026-09-06T09:54:39.460Z,-68,5.33,1091.2,-275.7
2026-09-06T09:54:53.988Z,-68,5.39,1086.6,-274.7
2026-09-06T09:55:08.516Z,-60.31,5.35,1090.7,-342.1
2026-09-06T09:55:23.235Z,-64.38,5.38,1088,-302.2
2026-09-06T09:55:37.892Z,-60.19,5.36,1089.2,-356.5
2026-09-06T09:55:52.835Z,-55.56,5.35,1091.5,-420.2
2026-09-06T09:56:07.427Z,-56.88,5.37,1086.8,-409.1
2026-09-06T09:56:21.827Z,-54.81,5.36,1089.1,-448.9
2026-09-06T09:56:36.804Z,-56.06,5.38,1089.8,-409.5
2026-09-06T09:56:51.363Z,-61.69,5.37,1091.6,-337.9
2026-09-06T09:57:06.371Z,-65.88,5.39,1088.9,-291.7
2026-09-06T09:57:20.836Z,-68.75,5.39,1088.4,-268.7
2026-09-06T09:57:35.396Z,-66.38,5.39,1091.5,-283.6
2026-09-06T09:57:50.179Z,-64.94,5.37,1091.4,-294.1
2026-09-06T09:58:04.708Z,-65.12,5.41,1087.4,-298.7
2026-09-06T09:58:19.555Z,-68.75,5.4,1090.3,-265.6
2026-09-06T09:58:34.116Z,-66.56,5.4,1090,-283.2
2026-09-06T09:58:48.612Z,-68.75,5.4,1089,-266.3
2026-09-06T09:59:03.172Z,-68.75,5.38,1091.5,-262.7
2026-09-06T09:59:17.764Z,-68.5,5.38,1090.5,-269.7
2026-09-06T09:59:32.836Z,-68.75,5.4,1088.8,-268.4
2026-09-06T09:59:47.363Z,-68.75,5.39,1090.8,-260.7
2026-09-06T10:00:01.891Z,-68.75,5.37,1091.8,-264.7
2026-09-06T10:00:16.388Z,-68.75,5.39,1091.7,-263.7
2026-09-06T10:00:31.012Z,-68.75,5.41,1087,-268.8
2026-09-06T10:00:45.892Z,-68.75,5.38,1091.8,-267.7
2026-09-06T10:01:00.516Z,-68.75,5.39,1091.6,-265.1
2026-09-06T10:01:15.076Z,-68.75,5.4,1087.2,-267.9
2026-09-06T10:01:29.764Z,-68.56,5.4,1088.2,-271.2
2026-09-06T10:01:44.259Z,-67.25,5.41,1087.6,-274.4
2026-09-06T10:01:59.267Z,-65.75,5.39,1089.5,-279.9
2026-09-06T10:02:14.084Z,-68.75,5.4,1091.7,-260.3
2026-09-06T10:02:29.251Z,-68.75,5.39,1091.6,-263.8
2026-09-06T10:02:43.715Z,-68.75,5.38,1090.6,-263.2
2026-09-06T10:02:58.339Z,-68.75,5.41,1090.9,-263.7
2026-09-06T10:03:13.188Z,-57,5.4,1090.7,-381
2026-09-06T10:03:27.715Z,-47.56,5.4,1089.8,-619.4
2026-09-06T10:03:42.723Z,-38.88,5.37,1091.4,-1326.1
2026-09-06T10:03:57.700Z,-27.69,5.35,1091.4,-53349.3
2026-09-06T10:04:12.355Z,-34.88,5.35,1088.3,-2516.9
2026-09-06T10:04:27.235Z,-28.19,5.37,1088,-34368.7
2026-09-06T10:04:41.795Z,-35.38,5.38,1088.8,-2251.7
2026-09-06T10:04:56.484Z,-52.38,5.38,1089.9,-489.8
2026-09-06T10:05:11.011Z,-52.38,5.37,1086.6,-482.9
2026-09-06T10:05:25.603Z,-49.44,5.36,1091.3,-547.7
2026-09-06T10:05:40.515Z,-47.69,5.37,1091.4,-615.8
2026-09-06T10:05:54.980Z,-47.12,5.39,1086.8,-643.7
2026-09-06T10:06:09.540Z,-48.44,5.39,1087.6,-591.1
2026-09-06T10:06:24.036Z,-54.69,5.37,1091.4,-432
2026-09-06T10:06:38.564Z,-53.06,5.37,1091.4,-463.9
2026-09-06T10:06:54.243Z,-59.94,5.41,1087.8,-345.7
2026-09-06T10:07:08.675Z,-64.19,5.36,1091.4,-307.2
2026-09-06T10:07:23.140Z,-65.19,5.41,1088.6,-297.7
2026-09-06T10:07:37.635Z,-63.94,5.4,1089.9,-297.1
2026-09-06T10:07:52.163Z,-67.06,5.41,1088.1,-282.8
2026-09-06T10:08:07.587Z,-68.75,5.43,1090.2,-267
2026-09-06T10:08:31.203Z,-68.75,5.44,1087.6,-262.6
2026-09-06T10:08:55.363Z,-60.69,5.42,1090.9,-336.6
2026-09-06T10:09:10.435Z,-50.62,5.45,1087.6,-530.6
2026-09-06T10:09:25.891Z,-36.44,5.4,1091.5,-1843.3
2026-09-06T10:09:42.660Z,-28.56,5.4,1091.6,-24408.5
2026-09-06T10:09:57.508Z,-25.94,5.41,1087,-1021155.8
2026-09-06T10:10:12.964Z,-21.25,5.39,1090.9,12424.9
2026-09-06T10:10:27.524Z,-27.12,5.4,1088.8,-105907.4
2026-09-06T10:10:42.116Z,-20.75,5.39,1087,8900.8
2026-09-06T10:10:56.739Z,-36.81,5.38,1091.4,-1725.7
2026-09-06T10:11:11.428Z,-38.88,5.39,1088.6,-1342.1
2026-09-06T10:11:26.915Z,-38.12,5.35,1091,-1495
2026-09-06T10:11:41.475Z,-38.88,5.38,1087.4,-1328.1
2026-09-06T10:11:55.940Z,-41.5,5.37,1088.4,-1004.2
2026-09-06T10:12:13.347Z,-52.12,5.37,1088.2,-495.1
2026-09-06T10:12:28.100Z,-35.94,5.36,1091.6,-1981.8
2026-09-06T10:12:42.532Z,-38.56,5.39,1088.6,-1389.1
2026-09-06T10:12:57.219Z,-41.25,5.38,1091.2,-1026.4
2026-09-06T10:13:11.876Z,-42.44,5.41,1091.6,-903
2026-09-06T10:13:27.363Z,-48.5,5.42,1087.6,-599.5
2026-09-06T10:13:42.339Z,-52.69,5.39,1091.4,-472.1
2026-09-06T10:13:56.868Z,-57.06,5.4,1090.2,-390.1
2026-09-06T10:14:11.524Z,-63.12,5.44,1086.9,-313.2
2026-09-06T10:14:26.051Z,-68.75,5.39,1088.2,-263.5
2026-09-06T10:14:40.708Z,-68.62,5.41,1087.2,-266.9
2026-09-06T10:14:55.619Z,-68.75,5.4,1089.2,-272.3
2026-09-06T10:15:10.148Z,-63.56,5.39,1088,-313.4
2026-09-06T10:15:24.643Z,-65,5.37,1091.7,-291
2026-09-06T10:15:39.843Z,-68.75,5.39,1090.7,-263.2
2026-09-06T10:15:54.532Z,-57.88,5.39,1088.2,-391.2
2026-09-06T10:16:09.411Z,-43,5.4,1086.8,-913.7
2026-09-06T10:16:23.940Z,-35.5,5.39,1086.8,-2237.4
2026-09-06T10:16:38.788Z,-31.75,5.36,1091,-5523.7
2026-09-06T10:16:53.412Z,-26.44,5.34,1091.2,-292409.7
2026-09-06T10:17:07.939Z,-15.69,5.36,1091.2,1242.1
2026-09-06T10:17:22.819Z,-9.5,5.36,1088,571.1
2026-09-06T10:17:37.283Z,-7.88,5.35,1089.7,501.9
2026-09-06T10:17:51.812Z,-26.75,5.35,1091.1,-165723.6
2026-09-06T10:18:06.467Z,-37.19,5.38,1087.4,-1600.3
2026-09-06T10:18:20.931Z,-33.31,5.37,1088.1,-3465
2026-09-06T10:18:36.035Z,-30.06,5.33,1091.2,-10637.7
2026-09-06T10:18:50.979Z,-40.5,5.31,1090.8,-1133.4
2026-09-06T10:19:05.603Z,-36.69,5.36,1089.8,-1862.1
2026-09-06T10:19:20.099Z,-40.19,5.35,1091,-1155.2
2026-09-06T10:19:34.788Z,-39.94,5.37,1087,-1188.9
2026-09-06T10:19:49.763Z,-41.56,5.38,1087,-1008.6
2026-09-06T10:20:04.675Z,-40.12,5.34,1091.2,-1135.7
2026-09-06T10:20:19.267Z,-40.81,5.38,1086.8,-1089
2026-09-06T10:20:33.827Z,-45.31,5.37,1088.8,-743.1
2026-09-06T10:20:49.539Z,-47.81,5.39,1087.2,-631.9
2026-09-06T10:21:05.251Z,-47,5.39,1087.6,-664
2026-09-06T10:21:20.195Z,-55.06,5.38,1090,-422.2
2026-09-06T10:21:35.459Z,-55.62,5.39,1088.8,-406.9
2026-09-06T10:21:49.923Z,-53.19,5.38,1090.1,-454.4
2026-09-06T10:22:04.323Z,-57,5.37,1091.4,-403.5
2026-09-06T10:22:19.267Z,-50.94,5.36,1091.2,-525.9
2026-09-06T10:22:33.667Z,-56.5,5.36,1091.4,-405.5
2026-09-06T10:22:48.099Z,-54.88,5.36,1091,-424
2026-09-06T10:23:02.596Z,-58,5.37,1088.7,-371.5
2026-09-06T10:23:17.123Z,-56.88,5.35,1091.2,-387.5
2026-09-06T10:23:32.132Z,-55.12,5.34,1090.7,-429.2
2026-09-06T10:23:46.628Z,-53.62,5.32,1091,-465.4
2026-09-06T10:24:01.156Z,-55.62,5.34,1087.2,-441.2
2026-09-06T10:24:15.556Z,-54.12,5.33,1089.9,-442.7
2026-09-06T10:24:30.020Z,-56.12,5.34,1086.4,-420.6
2026-09-06T10:24:45.123Z,-57.19,5.33,1091,-388.3
2026-09-06T10:24:59.651Z,-54.69,5.34,1086.2,-450.5
2026-09-06T10:25:14.115Z,-49.12,5.34,1087.4,-600.5
2026-09-06T10:25:29.123Z,-49.25,5.32,1090.2,-582.5
2026-09-06T10:25:43.779Z,-49.31,5.36,1087.2,-582.7
2026-09-06T10:25:58.596Z,-47.75,5.33,1091.2,-616.5
2026-09-06T10:26:13.891Z,-47.5,5.36,1088.1,-642.4
2026-09-06T10:26:28.355Z,-46.44,5.37,1086.7,-698
2026-09-06T10:26:42.916Z,-47.25,5.36,1087.8,-643.8
2026-09-06T10:26:57.315Z,-50.88,5.36,1088.8,-528.2
2026-09-06T10:27:12.164Z,-54.88,5.37,1091.4,-416.4
2026-09-06T10:27:27.172Z,-54.25,5.37,1088.2,-434.2
2026-09-06T10:27:41.987Z,-56,5.38,1086.6,-405.4
2026-09-06T10:27:56.580Z,-52.81,5.4,1086.8,-474.2
2026-09-06T10:28:12.068Z,-59.69,5.37,1091.6,-343.3
2026-09-06T10:28:26.852Z,-58.94,5.4,1086.8,-364.3
2026-09-06T10:28:41.347Z,-59.69,5.38,1088,-355.1
2026-09-06T10:28:56.708Z,-65.06,5.42,1087.8,-295.1
2026-09-06T10:29:11.235Z,-65.06,5.4,1088.1,-297.8
2026-09-06T10:29:25.668Z,-62.31,5.39,1091.4,-325.4
2026-09-06T10:29:40.516Z,-59.06,5.41,1089.8,-354.6
2026-09-06T10:29:54.915Z,-55.56,5.41,1089,-418.2
2026-09-06T10:30:09.955Z,-62.31,5.42,1087.4,-319.2
2026-09-06T10:30:24.452Z,-62.56,5.4,1091.4,-307.5
2026-09-06T10:30:38.820Z,-58.31,5.42,1088.4,-369
2026-09-06T10:30:53.795Z,-54.56,5.39,1092,-431.8
2026-09-06T10:31:08.227Z,-56.06,5.41,1088.1,-404.2
2026-09-06T10:31:23.172Z,-51,5.41,1089.8,-510.6
2026-09-06T10:31:37.636Z,-47.38,5.39,1091.6,-617.2
2026-09-06T10:31:52.195Z,-50.12,5.41,1087.6,-542.7
2026-09-06T10:32:07.012Z,-46.94,5.42,1089.2,-650.2
2026-09-06T10:32:21.475Z,-40.25,5.41,1086.9,-1121.6
2026-09-06T10:32:36.772Z,-38.56,5.41,1091.8,-1386
2026-09-06T10:32:51.331Z,-39.69,5.41,1088.2,-1237.3
2026-09-06T10:33:05.859Z,-40.31,5.41,1087.9,-1114.4
2026-09-06T10:33:20.803Z,-41.44,5.4,1091.9,-954.4
2026-09-06T10:33:35.235Z,-45.5,5.42,1088.4,-711.7
2026-09-06T10:33:49.636Z,-44.44,5.38,1091.7,-755.7
2026-09-06T10:34:04.035Z,-42.62,5.41,1090.8,-866.4
2026-09-06T10:34:18.627Z,-40.56,5.42,1091.8,-1125
2026-09-06T10:34:33.507Z,-41.38,5.4,1091.7,-964.7
2026-09-06T10:34:48.035Z,-42.12,5.43,1087.3,-949.5
2026-09-06T10:35:02.532Z,-46.88,5.44,1089,-631.9
2026-09-06T10:35:17.092Z,-46.44,5.42,1091.6,-672.2
2026-09-06T10:35:31.619Z,-45.12,5.4,1092,-722.7
2026-09-06T10:35:47.331Z,-39.62,5.4,1091,-1241.3
2026-09-06T10:36:01.923Z,-36.81,5.41,1092,-1741.7
2026-09-06T10:36:16.547Z,-32.94,5.43,1091.8,-3283.5
2026-09-06T10:36:32.003Z,-29.75,5.42,1092,-9354
2026-09-06T10:36:46.499Z,-36.31,5.44,1089.5,-1650
2026-09-06T10:37:01.412Z,-36.62,5.4,1091.8,-1585
2026-09-06T10:37:15.907Z,-35.75,5.43,1088.8,-1759.2
2026-09-06T10:37:30.468Z,-32.38,5.41,1086.8,-3928
2026-09-06T10:37:44.995Z,-30.94,5.38,1091.4,-6974.2
2026-09-06T10:37:59.523Z,-31.56,5.38,1091.3,-5841.9
2026-09-06T10:38:14.531Z,-36.56,5.39,1091.6,-1793.5
2026-09-06T10:38:29.091Z,-40.56,5.38,1091.6,-1101.3
2026-09-06T10:38:54.147Z,-39,5.38,1090.6,-1336.4
2026-09-06T10:39:16.035Z,-31.06,5.37,1091.6,-6752.7
2026-09-06T10:39:30.948Z,-32.44,5.37,1091.3,-4418.5
2026-09-06T10:39:45.411Z,-34.88,5.39,1091.6,-2459.9
2026-09-06T10:39:59.843Z,-35.06,5.38,1091.6,-2295.7
2026-09-06T10:40:14.596Z,-30.5,5.39,1091.6,-8536.7
2026-09-06T10:40:29.123Z,-26.38,5.39,1091,-334339.2
2026-09-06T10:40:44.419Z,-26.75,5.39,1091.1,-166139.9
2026-09-06T10:40:58.851Z,-25.19,5.41,1091.8,-111068270.8
2026-09-06T10:41:13.379Z,-24.75,5.41,1087.2,51137186
2026-09-06T10:41:27.811Z,-21.31,5.37,1090.6,13213.6
2026-09-06T10:41:42.404Z,-23.88,5.37,1091,560403.7
2026-09-06T10:41:57.315Z,-15.19,5.37,1089.4,1171.1
2026-09-06T10:42:12.003Z,-13.06,5.36,1087.4,865.6
2026-09-06T10:42:26.660Z,-16.88,5.36,1090.7,1816.7
2026-09-06T10:42:41.123Z,-8.44,5.37,1089.2,539.1
2026-09-06T10:42:55.779Z,-16.31,5.37,1088.1,1452.2
2026-09-06T10:43:10.692Z,-13.31,5.37,1087.8,872
2026-09-06T10:43:25.827Z,-20.31,5.37,1086.7,7346.1
2026-09-06T10:43:40.420Z,-21.31,5.32,1091.6,14236.2
2026-09-06T10:43:54.948Z,-22.38,5.36,1088.3,40003.9
2026-09-06T10:44:09.380Z,-20.81,5.32,1088.6,10887.6
2026-09-06T10:44:24.388Z,-23.38,5.31,1091.2,179005.9
2026-09-06T10:44:39.235Z,-20.06,5.32,1091.6,5955.6
2026-09-06T10:44:53.795Z,-24.81,5.35,1091.8,114160850.6
2026-09-06T10:45:08.323Z,-21.38,5.37,1088.6,15671.8
2026-09-06T10:45:22.947Z,-24.69,5.34,1091.8,26398442.1
2026-09-06T10:45:37.763Z,-21.94,5.38,1087.6,24790.4
2026-09-06T10:45:52.355Z,-26.38,5.36,1088.8,-360333.5
2026-09-06T10:46:06.948Z,-25.12,5.37,1091,-488191917.8
2026-09-06T10:46:21.539Z,-27.19,5.38,1088.2,-93041.7
2026-09-06T10:46:36.580Z,-27.38,5.37,1092,-74140.4
2026-09-06T10:46:52.291Z,-28.56,5.36,1091.8,-25144.1
2026-09-06T10:47:06.724Z,-25.81,5.33,1090.4,-1574688.6
2026-09-06T10:47:21.092Z,-21.31,5.34,1091.7,13110
2026-09-06T10:47:36.964Z,-14.31,5.36,1088.3,1049
2026-09-06T10:47:51.843Z,-4.31,5.34,1089.3,416.7
2026-09-06T10:48:05.859Z,4.19,5.32,1090.5,299.5
2026-09-06T10:48:20.195Z,-7.88,5.36,1087.5,517.3
2026-09-06T10:48:34.916Z,-14.56,5.36,1088.4,1027.3
2026-09-06T10:48:49.379Z,-16.75,5.37,1089.8,1690.7
2026-09-06T10:49:04.227Z,-15.5,5.37,1087.8,1266.1
2026-09-06T10:49:18.724Z,-19.19,5.34,1091.2,3844
2026-09-06T10:49:33.283Z,-22,5.37,1089.8,26988.7
2026-09-06T10:49:47.812Z,-23.44,5.37,1089.2,182444
2026-09-06T10:50:02.307Z,-21.62,5.33,1087.7,20041.8
2026-09-06T10:50:28.388Z,-20.5,5.31,1089.2,8820.6
2026-09-06T10:50:43.587Z,-24.75,5.34,1086.5,57810110.4
2026-09-06T10:50:58.211Z,-30.5,5.36,1088.3,-9193.2
2026-09-06T10:51:12.771Z,-26.56,5.34,1087.4,-254714.5
2026-09-06T10:51:28.291Z,-26,5.35,1086.6,-1020252.8
2026-09-06T10:51:42.883Z,-27.69,5.34,1087.8,-57123.3
2026-09-06T10:51:57.507Z,-30.56,5.37,1089,-9088.6
2026-09-06T10:52:12.099Z,-28.81,5.38,1088.1,-22317.2
2026-09-06T10:52:26.628Z,-28.94,5.35,1091.2,-19215.2
2026-09-06T10:52:42.307Z,-29.69,5.37,1090.6,-14041.4
2026-09-06T10:52:56.899Z,-23.38,5.39,1088.5,187159.3
2026-09-06T10:53:11.396Z,-14.19,5.36,1091.6,1072.2
2026-09-06T10:53:25.987Z,-3.5,5.35,1091.4,409.6
2026-09-06T10:53:40.259Z,1.75,5.35,1090.7,330.2
2026-09-06T10:53:54.788Z,3.31,5.35,1091.4,314.7
2026-09-06T10:54:09.059Z,0.12,5.36,1087.4,366.1
2026-09-06T10:54:24.003Z,-7.56,5.35,1088.4,539.1
2026-09-06T10:54:38.595Z,-5.75,5.36,1087.5,496.2
2026-09-06T10:54:52.867Z,-8.94,5.33,1091.2,605
2026-09-06T10:55:08.451Z,-10.62,5.35,1086.4,738.8
2026-09-06T10:55:23.012Z,-17.62,5.34,1091.2,2585
2026-09-06T10:55:37.572Z,-15.69,5.34,1087.6,1540.9
2026-09-06T10:55:52.131Z,-15.5,5.33,1089.2,1560.1
2026-09-06T10:56:06.723Z,-15.25,5.36,1087.5,1354.5
2026-09-06T10:56:21.603Z,-15.75,5.36,1091.3,1485.7
2026-09-06T10:56:36.259Z,-15.88,5.35,1091.3,1570.5
2026-09-06T10:56:50.755Z,-12.12,5.36,1091.3,771.5
2026-09-06T10:57:05.635Z,-12.06,5.4,1087.8,824.2
2026-09-06T10:57:20.804Z,-18.31,5.41,1088.3,2856.3
2026-09-06T10:57:35.683Z,-13.75,5.43,1086.9,951.5
2026-09-06T10:57:50.468Z,-13.12,5.42,1087.4,863.8
2026-09-06T10:58:04.868Z,1.12,5.4,1089.2,345.3
2026-09-06T10:58:19.620Z,-11.44,5.31,1090.8,737.9
2026-09-06T10:58:35.267Z,-12.69,5.32,1087,920.4
2026-09-06T10:58:50.179Z,-19.31,5.28,1088.9,5350.5
2026-09-06T10:59:04.771Z,-18.5,5.24,1089.8,3725.3
2026-09-06T10:59:19.427Z,-21.25,5.27,1090.5,16227.7
2026-09-06T10:59:34.020Z,-21.25,5.29,1087.4,16385.9
2026-09-06T10:59:48.612Z,-23,5.28,1090.8,110125.8
2026-09-06T11:00:03.907Z,-22.75,5.3,1087.6,80577.5
2026-09-06T11:00:18.339Z,-23.44,5.32,1087.4,227773.4
2026-09-06T11:00:33.123Z,-22.62,5.27,1090.4,57121.4
2026-09-06T11:00:47.556Z,-21.62,5.3,1090.6,20514.8
2026-09-06T11:01:02.020Z,-21.75,5.28,1090.8,25839.2
2026-09-06T11:01:16.963Z,-19.75,5.28,1088.2,6163.7
2026-09-06T11:01:31.779Z,-13.75,5.29,1090.3,983.5
2026-09-06T11:01:46.403Z,-17.94,5.31,1086.4,2624.9
2026-09-06T11:02:00.964Z,-21.56,5.33,1086.9,18589.9
2026-09-06T11:02:15.523Z,-18.44,5.34,1087.4,2908.8
2026-09-06T11:02:30.532Z,-17.06,5.32,1088.2,1819.3
2026-09-06T11:02:45.764Z,-23.69,5.34,1089.2,319121.9
2026-09-06T11:03:00.259Z,-17.75,5.34,1090,2243.2
2026-09-06T11:03:14.948Z,-17.62,5.32,1091,2122.4
2026-09-06T11:03:29.635Z,-17.81,5.35,1087.6,2312.5
2026-09-06T11:03:44.484Z,-8.94,5.31,1090.6,556.7
2026-09-06T11:03:58.980Z,-1.69,5.32,1089.9,374.9
2026-09-06T11:04:13.924Z,10.69,5.34,1086.4,248
2026-09-06T11:04:27.972Z,24.12,5.32,1087.1,184.4
2026-09-06T11:04:41.924Z,24.06,5.32,1088.2,183.7
2026-09-06T11:04:56.900Z,24.12,5.3,1090.4,176.3
2026-09-06T11:05:10.724Z,23.62,5.32,1087.1,181.8
2026-09-06T11:05:24.548Z,24,5.32,1086.4,183.6
2026-09-06T11:05:38.500Z,24.19,5.3,1087.7,184.2
2026-09-06T11:05:52.323Z,22.88,5.29,1090.4,185.3
2026-09-06T11:06:06.948Z,23.69,5.29,1085.8,191
2026-09-06T11:06:20.675Z,23.31,5.3,1089.8,189.2
2026-09-06T11:06:34.499Z,23.75,5.3,1086.4,187.6
2026-09-06T11:06:48.388Z,21.38,5.33,1086.5,192.7
2026-09-06T11:07:02.564Z,22.75,5.31,1089.2,187.2
2026-09-06T11:07:16.708Z,21.44,5.32,1088.6,191.8
2026-09-06T11:07:30.980Z,22.81,5.31,1090.5,184.8
2026-09-06T11:07:45.219Z,22.25,5.31,1090.4,189.2
2026-09-06T11:07:58.980Z,21.5,5.32,1087.8,190.3
2026-09-06T11:08:13.283Z,23.06,5.31,1090,184.3
2026-09-06T11:08:27.396Z,23.88,5.33,1089.8,179
2026-09-06T11:08:41.347Z,22.81,5.31,1090.8,184.3
2026-09-06T11:09:05.124Z,22.19,5.31,1090.7,182.9
2026-09-06T11:09:18.820Z,22.94,5.31,1090.2,186.3
2026-09-06T11:09:33.156Z,23.38,5.32,1086,184.8
2026-09-06T11:09:47.652Z,23.44,5.28,1086.6,188.4
2026-09-06T11:10:01.444Z,22.88,5.31,1086.4,187.7
2026-09-06T11:10:15.235Z,23.38,5.3,1089.4,181.1
2026-09-06T11:10:29.092Z,23.38,5.3,1087.3,186.3
2026-09-06T11:10:43.299Z,24.06,5.3,1085.4,183.3
2026-09-06T11:10:57.124Z,23.44,5.29,1088.4,189.8
2026-09-06T11:11:11.044Z,23,5.3,1085.4,188.3
2026-09-06T11:11:24.836Z,22.56,5.29,1090.2,185
2026-09-06T11:11:39.235Z,23.31,5.32,1090.4,185.5
2026-09-06T11:11:53.412Z,22.62,5.31,1088.2,192.4
2026-09-06T11:12:07.236Z,22.5,5.3,1090.2,184.9
2026-09-06T11:12:21.028Z,23.12,5.3,1086.2,190.8
2026-09-06T11:12:35.267Z,23.38,5.26,1089.6,187.3
2026-09-06T11:12:48.995Z,23,5.3,1085.4,191.4
2026-09-06T11:13:03.299Z,22.62,5.28,1086,193.1
2026-09-06T11:13:17.891Z,22.62,5.26,1084.8,200.3
2026-09-06T11:13:32.420Z,22.88,5.23,1086.6,199.4
2026-09-06T11:13:46.115Z,23.5,5.22,1088.7,192.5
2026-09-06T11:13:59.971Z,23.25,5.22,1085.8,198.7
2026-09-06T11:14:14.371Z,23.06,5.22,1088.9,196.4
2026-09-06T11:14:28.259Z,22.94,5.23,1088.2,191.3
2026-09-06T11:14:42.116Z,22.56,5.29,1086.4,194.8
2026-09-06T11:14:55.972Z,22.75,5.27,1084.9,196.1
2026-09-06T11:15:09.732Z,22.94,5.27,1090.3,181
2026-09-06T11:15:24.068Z,22.94,5.28,1090,182.1
2026-09-06T11:15:37.796Z,22.31,5.32,1088.8,183.4
2026-09-06T11:15:51.780Z,23,5.27,1090.3,183.7
2026-09-06T11:16:05.603Z,23.94,5.27,1088.8,186
2026-09-06T11:16:19.460Z,23.44,5.25,1089,187.6
2026-09-06T11:16:33.827Z,23.25,5.26,1086.4,189.6
2026-09-06T11:16:48.452Z,23.88,5.26,1085,189.5
2026-09-06T11:17:02.212Z,24,5.23,1089.4,183.5
2026-09-06T11:17:16.036Z,24.44,5.24,1088.6,181.2
2026-09-06T11:17:29.924Z,24.44,5.27,1085.6,179.9
2026-09-06T11:17:44.036Z,24.06,5.27,1086.2,185.5
2026-09-06T11:17:57.796Z,23.12,5.24,1089.5,183.8
2026-09-06T11:18:11.587Z,22.62,5.27,1088.2,185.5
2026-09-06T11:18:25.412Z,22.5,5.24,1089.4,185.7
2026-09-06T11:18:39.203Z,22.56,5.26,1089.2,187.2
2026-09-06T11:18:53.987Z,23.75,5.27,1086,188
2026-09-06T11:19:07.812Z,23.75,5.27,1085.4,182.5
2026-09-06T11:19:21.604Z,23.75,5.25,1089.6,178.2
2026-09-06T11:19:35.492Z,23.94,5.26,1088.5,175.5
2026-09-06T11:19:49.315Z,23.94,5.27,1085.2,181.4
2026-09-06T11:20:03.363Z,23.75,5.26,1090,180.7
2026-09-06T11:20:17.219Z,23.38,5.28,1089.8,180.9
2026-09-06T11:20:30.916Z,23.06,5.24,1089.4,183.9
2026-09-06T11:20:44.740Z,23.5,5.26,1085,188
2026-09-06T11:20:58.472Z,23.56,5.24,1089.8,179.1
2026-09-06T11:21:15.428Z,22.88,5.21,1085.4,188.8
2026-09-06T11:21:29.219Z,24,5.17,1089.7,176
2026-09-06T11:21:43.044Z,23.12,5.2,1087.9,178.7
2026-09-06T11:21:57.091Z,23.75,5.23,1087.6,178.9
2026-09-06T11:22:11.716Z,23.69,5.21,1090.2,181.8
2026-09-06T11:22:25.892Z,23.62,5.25,1086.8,177.3
2026-09-06T11:22:39.684Z,22.56,5.24,1090.4,182.7
2026-09-06T11:22:53.572Z,22.69,5.27,1087,182
2026-09-06T11:23:07.363Z,22.69,5.28,1086.4,180.7
2026-09-06T11:23:21.156Z,23.38,5.2,1086.2,180.4
2026-09-06T11:23:35.331Z,23.31,5.21,1090.2,178.7
2026-09-06T11:23:49.475Z,23.25,5.26,1087.2,185.9
2026-09-06T11:24:03.363Z,24.31,5.26,1086.2,178.2
2026-09-06T11:24:17.155Z,23.38,5.24,1089.1,182.5
2026-09-06T11:24:31.267Z,24.12,5.28,1086,173.8
2026-09-06T11:24:45.476Z,24.31,5.12,1087.7,176.7
2026-09-06T11:24:59.299Z,23.5,5.22,1090.8,176
2026-09-06T11:25:13.060Z,24.25,5.24,1090.6,171.6
2026-09-06T11:25:26.820Z,23.62,5.28,1086,176
2026-09-06T11:25:40.612Z,22.62,5.27,1087.4,178.5
2026-09-06T11:25:54.787Z,23.5,5.28,1088.3,174.4
2026-09-06T11:26:08.515Z,22.88,5.05,1086.4,180.2
2026-09-06T11:26:22.211Z,22.94,5.16,1090.4,185.4
2026-09-06T11:26:35.939Z,22.75,5.08,1086.2,188.5
2026-09-06T11:26:49.699Z,22.88,5.22,1085.6,191.2
2026-09-06T11:27:03.939Z,22.69,5.27,1085.7,189.5
2026-09-06T11:27:17.700Z,23,5.29,1089.6,182.1
2026-09-06T11:27:31.399Z,23,5.3,1092,178.8
2026-09-06T11:27:45.827Z,23.31,5.32,1087.6,179.7
2026-09-06T11:27:59.587Z,23.44,5.31,1090.8,175.9
2026-09-06T11:28:13.892Z,23.75,5.32,1087.2,180.8
2026-09-06T11:28:28.068Z,23.62,5.29,1091.2,181.1
2026-09-06T11:28:41.892Z,23.69,5.33,1088.4,178.2
2026-09-06T11:28:55.876Z,23.44,5.32,1088.8,182.6
2026-09-06T11:29:09.635Z,22.88,5.33,1088.6,185.6
2026-09-06T11:29:23.747Z,22.56,5.31,1091.2,187.9
2026-09-06T11:29:37.635Z,22.62,5.36,1090.4,182.6
2026-09-06T11:29:51.459Z,22.56,5.37,1088.6,183.6
2026-09-06T11:30:05.283Z,22.56,5.38,1087.2,184.6
2026-09-06T11:30:19.140Z,22.56,5.39,1087.9,184.1
2026-09-06T11:30:33.412Z,22.19,5.36,1087,187.3
2026-09-06T11:30:47.875Z,22.88,5.33,1090.9,184
2026-09-06T11:31:01.763Z,23.12,5.34,1090.9,182.6
2026-09-06T11:31:15.620Z,23.56,5.37,1086.9,182.4
2026-09-06T11:31:29.796Z,23.44,5.33,1088.8,181.4
2026-09-06T11:31:44.035Z,22.5,5.38,1087.8,184.2
2026-09-06T11:31:57.827Z,22.56,5.37,1090.2,183
2026-09-06T11:32:11.651Z,22,5.37,1091.3,185.4
2026-09-06T11:32:25.571Z,22.31,5.39,1086.7,185.5
2026-09-06T11:32:39.363Z,21.88,5.38,1089.4,186.4
2026-09-06T11:33:02.051Z,22.19,5.36,1087.6,186.5
2026-09-06T11:33:15.843Z,22.56,5.35,1091.4,183.1
2026-09-06T11:33:29.603Z,23,5.36,1090,183.5
2026-09-06T11:33:43.395Z,23.19,5.35,1091.2,187.1
2026-09-06T11:33:58.275Z,23.62,5.31,1088.6,186
2026-09-06T11:34:12.227Z,23.44,5.29,1089.2,186
2026-09-06T11:34:26.051Z,24.44,5.33,1086.2,185.6
2026-09-06T11:34:40.131Z,23.88,5.29,1090.4,179.8
2026-09-06T11:34:54.339Z,23.81,5.32,1087.2,185.9
2026-09-06T11:35:08.452Z,23.69,5.35,1086,185.3
2026-09-06T11:35:22.243Z,22.38,5.3,1090.6,186
2026-09-06T11:35:36.004Z,22.12,5.31,1088.7,193.3
2026-09-06T11:35:49.892Z,22.5,5.29,1088.4,190.9
2026-09-06T11:36:03.811Z,22.88,5.31,1087.9,187.6
2026-09-06T11:36:18.472Z,23.06,5.27,1090.1,189.8
2026-09-06T11:36:32.420Z,23.19,5.29,1088.6,190.4
2026-09-06T11:36:46.180Z,22.94,5.29,1087,189.2
2026-09-06T11:37:00.548Z,23.25,5.3,1088.4,187.8
2026-09-06T11:37:14.403Z,23.31,5.3,1087.9,190.1
2026-09-06T11:37:28.611Z,23,5.29,1089.2,187.4
2026-09-06T11:37:42.307Z,23.69,5.27,1090,185.3
2026-09-06T11:37:56.195Z,24.19,5.3,1085.6,187
2026-09-06T11:38:09.987Z,23.25,5.27,1089.6,186.8
2026-09-06T11:38:23.779Z,23.12,5.3,1087.1,193.1
2026-09-06T11:38:38.595Z,22.62,5.28,1088.7,190.7
2026-09-06T11:38:52.644Z,24.25,5.3,1087.4,182.4
2026-09-06T11:39:15.043Z,23.81,5.29,1089,187.4
2026-09-06T11:39:28.803Z,22.31,5.27,1090,188.3
2026-09-06T11:39:42.915Z,23.69,5.27,1090,186.9
2026-09-06T11:39:57.219Z,22.75,5.26,1090,188.6
2026-09-06T11:40:10.915Z,23.5,5.28,1090,187.8
2026-09-06T11:40:24.772Z,23.25,5.28,1089.1,190
2026-09-06T11:40:38.691Z,23.38,5.29,1088.5,186.5
2026-09-06T11:40:53.091Z,24,5.3,1085.8,189.5
2026-09-06T11:41:06.883Z,24,5.28,1090,187.9
2026-09-06T11:41:20.964Z,23.56,5.29,1089.8,189.8
2026-09-06T11:41:34.820Z,23.88,5.3,1089.1,186.1
2026-09-06T11:41:48.708Z,23.69,5.31,1087.1,193.3
2026-09-06T11:42:02.883Z,24.5,5.3,1086,189.8
2026-09-06T11:42:16.771Z,22.5,5.29,1087.8,195.3
2026-09-06T11:42:30.820Z,22.62,5.31,1086.2,190.4
2026-09-06T11:42:44.612Z,22.56,5.26,1090.2,190.8
2026-09-06T11:42:58.564Z,22.38,5.31,1086.1,192.2
2026-09-06T11:43:12.772Z,22.75,5.31,1086,192.9
2026-09-06T11:43:26.532Z,22.5,5.29,1085.6,194.6
2026-09-06T11:43:40.451Z,22,5.27,1090,191.7
2026-09-06T11:43:54.344Z,22.5,5.27,1090.1,188.9
2026-09-06T11:44:08.100Z,22.62,5.31,1085.6,194.9
2026-09-06T11:44:22.211Z,22.69,5.31,1086.2,191.7
2026-09-06T11:44:36.099Z,22.75,5.29,1090,190.2
2026-09-06T11:44:50.307Z,22.81,5.28,1087.9,191.7
2026-09-06T11:45:04.227Z,22.31,5.3,1090,190.8
2026-09-06T11:45:18.051Z,22.62,5.3,1090.3,188.8
2026-09-06T11:45:32.291Z,22.81,5.29,1090.2,189.5
2026-09-06T11:45:46.083Z,22.75,5.31,1087.2,190.7
2026-09-06T11:45:59.876Z,23.12,5.3,1086.4,191.3
2026-09-06T11:46:13.700Z,23.31,5.31,1086.4,190.1
2026-09-06T11:46:28.067Z,22.25,5.3,1088.4,194.1
2026-09-06T11:46:42.147Z,22.75,5.31,1088.2,187.1
2026-09-06T11:46:55.907Z,22.38,5.32,1086.8,188.7
2026-09-06T11:47:09.635Z,22.81,5.31,1085.6,190.6
2026-09-06T11:47:23.363Z,23.25,5.27,1090.1,188.5
2026-09-06T11:47:37.251Z,23.12,5.3,1090.4,184.6
2026-09-06T11:47:51.427Z,23.25,5.29,1090.4,184.8
2026-09-06T11:48:05.155Z,23.88,5.31,1089.8,182.5
2026-09-06T11:48:18.980Z,23.62,5.28,1090.6,186.8
2026-09-06T11:48:32.772Z,22.38,5.31,1089.8,190.6
2026-09-06T11:48:46.532Z,22.12,5.34,1087.7,185.6
2026-09-06T11:49:01.796Z,22.5,5.34,1087.8,187.1
2026-09-06T11:49:15.875Z,22.94,5.37,1087.8,185.4
2026-09-06T11:49:29.668Z,22.38,5.37,1086.8,192.4
2026-09-06T11:49:43.491Z,23.06,5.36,1086.4,191
2026-09-06T11:49:57.251Z,23.12,5.36,1086.9,183.8
2026-09-06T11:50:11.427Z,23.56,5.34,1090.5,179.6
2026-09-06T11:50:25.251Z,23.25,5.34,1090.4,183.7
2026-09-06T11:50:39.107Z,23.25,5.35,1090.6,181.8
2026-09-06T11:50:53.187Z,22.88,5.35,1089.6,188
2026-09-06T11:51:06.948Z,22.25,5.35,1089.4,189.2
2026-09-06T11:51:21.219Z,23.25,5.38,1085.8,187.5
2026-09-06T11:51:35.076Z,22.81,5.34,1090.2,189.2
2026-09-06T11:51:48.963Z,23,5.34,1088,189.7
2026-09-06T11:52:03.235Z,23.12,5.34,1090.4,187.5
2026-09-06T11:52:17.187Z,23.19,5.36,1085.7,186.7
2026-09-06T11:52:31.395Z,22.69,5.36,1090.4,185.8
2026-09-06T11:52:45.091Z,22.81,5.33,1090.4,186.3
2026-09-06T11:52:58.884Z,22.75,5.38,1087.6,186.1
2026-09-06T11:53:12.708Z,22.38,5.38,1089.5,188.6
2026-09-06T11:53:26.403Z,22.69,5.39,1088.4,184.7
2026-09-06T11:53:40.611Z,22.81,5.4,1090.4,186.8
2026-09-06T11:53:54.435Z,22.75,5.4,1086.4,190.8
2026-09-06T11:54:08.068Z,22.69,5.4,1087,190.4
2026-09-06T11:54:21.924Z,22.44,5.37,1087,192.1
2026-09-06T11:54:36.227Z,24.25,5.36,1086.5,185.6
2026-09-06T11:54:50.339Z,24.25,5.35,1090.2,184.2
2026-09-06T11:55:04.612Z,24.06,5.37,1089.6,181.7
2026-09-06T11:55:19.140Z,23.94,5.35,1088.6,186.6
2026-09-06T11:55:33.060Z,23.31,5.36,1090.6,189.1
2026-09-06T11:55:46.756Z,23.69,5.36,1085.6,187.2
2026-09-06T11:56:00.835Z,24.19,5.36,1087.8,182.8
2026-09-06T11:56:14.595Z,24,5.34,1090,184.9
2026-09-06T11:56:28.452Z,24.31,5.35,1086.6,188
2026-09-06T11:56:42.275Z,24,5.37,1086.4,190.4
2026-09-06T11:56:56.067Z,23.5,5.37,1086,188.7
2026-09-06T11:57:10.916Z,24.19,5.35,1090.4,185.6
2026-09-06T11:57:24.612Z,24.25,5.35,1089.5,184.4
2026-09-06T11:57:38.435Z,24.19,5.36,1088.6,187.9
2026-09-06T11:57:52.771Z,23.81,5.38,1089,185.5
2026-09-06T11:58:06.595Z,23.75,5.34,1090.4,185.3
2026-09-06T11:58:20.867Z,24.25,5.35,1088.8,184.9
2026-09-06T11:58:34.724Z,24.38,5.37,1087,187
2026-09-06T11:58:48.612Z,23.94,5.38,1088,188.7
2026-09-06T11:59:02.436Z,23.88,5.38,1086.9,191.1
2026-09-06T11:59:16.579Z,23.12,5.36,1085.7,191
2026-09-06T11:59:30.659Z,22.56,5.34,1086.2,196.2
2026-09-06T11:59:44.515Z,22.12,5.31,1089.8,193.8
2026-09-06T11:59:58.947Z,23.5,5.32,1089.9,190.1
2026-09-06T12:00:12.867Z,23.75,5.32,1089.8,188.2
2026-09-06T12:00:26.723Z,23.06,5.3,1089.8,188.5
2026-09-06T12:00:40.963Z,23.69,5.31,1090.1,189.3
2026-09-06T12:00:54.852Z,23.88,5.32,1088.4,188.5
2026-09-06T12:01:10.179Z,24.25,5.32,1090,190.1
2026-09-06T12:01:23.971Z,22.75,5.32,1089.9,191.2
2026-09-06T12:01:37.700Z,21.81,5.32,1089.9,195.1
2026-09-06T12:01:52.387Z,23.69,5.32,1090.1,188.3
2026-09-06T12:02:06.211Z,23.06,5.32,1090.3,189.4
2026-09-06T12:02:20.195Z,23.56,5.32,1090.4,186.7
2026-09-06T12:02:34.023Z,24.25,5.35,1086.1,187.4
2026-09-06T12:02:47.812Z,23.62,5.32,1090.2,187.3
2026-09-06T12:03:02.084Z,23.19,5.34,1085.6,184.5
2026-09-06T12:03:15.875Z,23.31,5.34,1090,180.2
2026-09-06T12:03:29.764Z,24.06,5.33,1091.2,179.7
2026-09-06T12:03:43.716Z,23.75,5.36,1090.8,180.1
2026-09-06T12:03:58.307Z,23.69,5.37,1088.4,178.1
2026-09-06T12:04:12.548Z,23.62,5.37,1091.4,180.7
2026-09-06T12:04:26.495Z,21.19,5.34,1091.2,188.8
2026-09-06T12:04:49.955Z,23.69,5.35,1091.4,179
2026-09-06T12:05:04.195Z,23.38,5.39,1088,186.2
2026-09-06T12:05:18.403Z,22.88,5.37,1089.6,182.7
2026-09-06T12:05:32.355Z,22.75,5.37,1088,187
2026-09-06T12:05:46.116Z,22.81,5.35,1089.7,181.8
2026-09-06T12:06:01.060Z,22.56,5.34,1091.3,183.6
2026-09-06T12:06:14.883Z,21.94,5.34,1087.8,192.1
2026-09-06T12:06:29.507Z,22.81,5.35,1086.6,187.5
2026-09-06T12:06:43.811Z,22.44,5.35,1088.6,186.7
2026-09-06T12:06:57.604Z,23.12,5.33,1090.6,187.1
2026-09-06T12:07:11.267Z,22.56,5.34,1089.4,187.2
2026-09-06T12:07:24.963Z,24.31,5.34,1089.2,183
2026-09-06T12:07:39.171Z,24.25,5.36,1086.8,183.7
2026-09-06T12:07:53.027Z,22.62,5.36,1089.8,188
2026-09-06T12:08:07.299Z,21.88,5.37,1086.6,194.1
2026-09-06T12:08:21.412Z,23,5.34,1090.6,183.8
2026-09-06T12:08:35.139Z,22.5,5.35,1090.4,193.3
2026-09-06T12:08:49.699Z,22.5,5.34,1090,186.7
2026-09-06T12:09:03.556Z,22.25,5.34,1088.8,193.6
2026-09-06T12:09:25.731Z,23.25,5.35,1088.9,186.5
2026-09-06T12:09:39.523Z,24.12,5.33,1091,181
2026-09-06T12:09:53.827Z,23.5,5.34,1091.4,183.3
2026-09-06T12:10:07.587Z,22.81,5.36,1089.6,190.3
2026-09-06T12:10:21.347Z,22.44,5.36,1089.8,188.6
2026-09-06T12:10:35.171Z,22.06,5.35,1091.5,190.5
2026-09-06T12:10:48.964Z,21.5,5.37,1089.1,194.1
2026-09-06T12:11:03.620Z,22.12,5.36,1087.9,191.2
2026-09-06T12:11:17.444Z,22.12,5.35,1089.8,189.8
2026-09-06T12:11:31.299Z,22.12,5.34,1091.2,189.5
2026-09-06T12:11:45.091Z,22.06,5.32,1090.6,193.6
2026-09-06T12:11:58.852Z,21.81,5.35,1086.5,194.9
2026-09-06T12:12:13.412Z,22.31,5.33,1090.9,192.4
2026-09-06T12:12:27.267Z,21.81,5.31,1090.8,197.2
2026-09-06T12:12:41.444Z,21.88,5.32,1090.3,195.6
2026-09-06T12:12:55.620Z,22.25,5.35,1087,192.6
2026-09-06T12:13:09.635Z,22.12,5.36,1086.4,193.2
2026-09-06T12:13:23.811Z,22.25,5.35,1090.4,193.9
2026-09-06T12:13:37.508Z,21.81,5.38,1086.8,192.5
2026-09-06T12:13:51.620Z,22.44,5.39,1091.4,185
2026-09-06T12:14:05.539Z,22.56,5.38,1091.7,189.7
2026-09-06T12:14:19.363Z,22.06,5.41,1087.4,193.3
2026-09-06T12:14:33.476Z,21.69,5.4,1091.4,188.8
2026-09-06T12:14:48.259Z,21.88,5.42,1087.4,193.1
2026-09-06T12:15:02.472Z,22.31,5.42,1088.8,187.5
2026-09-06T12:15:16.388Z,22.06,5.38,1090.8,192.6
2026-09-06T12:15:30.211Z,21.81,5.39,1089,189.5
2026-09-06T12:15:44.739Z,22.25,5.37,1087.9,192
2026-09-06T12:15:58.468Z,22.62,5.34,1091,189.7
2026-09-06T12:16:12.515Z,22.25,5.35,1090.9,191.6
2026-09-06T12:16:26.211Z,22.5,5.37,1088.4,193.7
2026-09-06T12:16:40.516Z,21.88,5.39,1088.7,189.8
2026-09-06T12:16:55.235Z,22.12,5.32,1090.3,192.2
2026-09-06T12:17:09.156Z,22.25,5.29,1090.1,191.8
2026-09-06T12:17:22.948Z,22,5.3,1086.8,194.1
2026-09-06T12:17:36.804Z,21.94,5.31,1085,194.4
2026-09-06T12:17:50.852Z,21.38,5.29,1088.6,194.9
2026-09-06T12:18:05.347Z,21.94,5.31,1086.6,192.7
2026-09-06T12:18:19.556Z,21.75,5.3,1089.6,191.8
2026-09-06T12:18:33.796Z,21.81,5.31,1085.6,194.6
2026-09-06T12:18:47.844Z,22.31,5.31,1090.4,186.8
2026-09-06T12:19:01.635Z,22.25,5.3,1089.2,191.4
2026-09-06T12:19:15.843Z,22.25,5.32,1090,188.7
2026-09-06T12:19:30.179Z,21.88,5.33,1087.4,191.9
2026-09-06T12:19:44.387Z,21.38,5.31,1087.2,195.6
2026-09-06T12:19:58.563Z,21.94,5.27,1090.2,193.2
2026-09-06T12:20:12.836Z,21.88,5.3,1086.9,194.3
2026-09-06T12:20:27.427Z,21.88,5.29,1087.1,198.5
2026-09-06T12:20:42.564Z,23.31,5.28,1090.2,189.4
2026-09-06T12:20:56.387Z,22,5.27,1089.8,193.9
2026-09-06T12:21:10.179Z,21.88,5.25,1089.8,197.1
2026-09-06T12:21:25.028Z,22,5.24,1089.5,198.1
2026-09-06T12:21:39.171Z,22.19,5.25,1089.6,191.7
2026-09-06T12:21:52.963Z,22.06,5.25,1089.8,193.1
2026-09-06T12:22:06.756Z,22,5.24,1086.8,203.4
2026-09-06T12:22:22.563Z,22.31,5.27,1087.4,194.3
2026-09-06T12:22:36.323Z,22.19,5.24,1089.6,197.6
2026-09-06T12:22:50.564Z,22.25,5.27,1085.2,196.2
2026-09-06T12:23:04.387Z,21.94,5.24,1089.6,193.9
2026-09-06T12:23:18.980Z,22.5,5.26,1089.9,194
2026-09-06T12:23:32.995Z,22,5.28,1084.8,200.2
2026-09-06T12:23:46.787Z,22,5.27,1086.4,198.7
2026-09-06T12:24:01.092Z,22.19,5.24,1089.6,196.9
2026-09-06T12:24:14.916Z,22.81,5.25,1089.6,194.7
2026-09-06T12:24:28.707Z,21.88,5.26,1089.8,195.9
2026-09-06T12:24:42.915Z,23.5,5.29,1089.6,187.8
2026-09-06T12:24:56.707Z,22.5,5.31,1086.7,191.4
2026-09-06T12:25:10.979Z,23.75,5.31,1085.8,186.5
2026-09-06T12:25:24.804Z,24.06,5.32,1090.7,188.1
2026-09-06T12:25:38.531Z,24.25,5.33,1088.4,184.1
2026-09-06T12:25:52.932Z,23.94,5.32,1087.8,189.8
2026-09-06T12:26:06.660Z,24.19,5.31,1090.2,182.3
2026-09-06T12:26:20.771Z,22.25,5.27,1090.2,194.2
2026-09-06T12:26:34.627Z,22.31,5.29,1090.2,193.9
2026-09-06T12:26:48.548Z,22.69,5.29,1089.8,189.1
2026-09-06T12:27:02.243Z,22.31,5.3,1087.6,190.5
2026-09-06T12:27:16.643Z,22.06,5.3,1090.1,190.4
2026-09-06T12:27:30.883Z,22.19,5.28,1090.2,196.3
2026-09-06T12:27:44.739Z,22.38,5.3,1087,193.2
2026-09-06T12:27:58.471Z,22.19,5.3,1088.2,194.6
2026-09-06T12:28:12.291Z,22.31,5.31,1087.2,195.4
2026-09-06T12:28:26.179Z,22.25,5.31,1089.7,187.9
2026-09-06T12:28:40.899Z,22.25,5.3,1090.8,193.2
2026-09-06T12:28:55.427Z,22.12,5.31,1087,195.5
2026-09-06T12:29:09.283Z,22.25,5.3,1090.2,193.6
2026-09-06T12:29:22.980Z,22.44,5.3,1090.6,189.4
2026-09-06T12:29:37.507Z,22.06,5.31,1086.4,195.2
2026-09-06T12:29:51.747Z,22.06,5.3,1088.4,195.8
2026-09-06T12:30:05.892Z,22.38,5.29,1087.7,195.4
2026-09-06T12:30:19.619Z,22.38,5.3,1090.1,187.3
2026-09-06T12:30:33.315Z,22.69,5.32,1088.6,187.4
2026-09-06T12:30:47.011Z,22.56,5.35,1089.8,189.4
2026-09-06T12:31:01.315Z,22.81,5.31,1090.8,187.1
2026-09-06T12:31:15.139Z,21.56,5.32,1090.4,192.9
2026-09-06T12:31:29.379Z,22.31,5.32,1090.4,190.1
2026-09-06T12:31:43.076Z,21.94,5.33,1086,195.1
2026-09-06T12:31:57.635Z,21.38,5.32,1086.8,199.6
2026-09-06T12:32:12.164Z,21.38,5.3,1086.6,202.2
2026-09-06T12:32:26.275Z,22.12,5.31,1086,196.7
2026-09-06T12:32:40.068Z,22,5.28,1088.2,196.9
2026-09-06T12:32:53.860Z,22.12,5.3,1085.4,198.5
2026-09-06T12:33:07.556Z,22.19,5.29,1090.1,195.9
2026-09-06T12:33:21.700Z,22.12,5.27,1090.2,196.4
2026-09-06T12:33:35.492Z,22.12,5.31,1085.6,198.2
2026-09-06T12:33:49.155Z,22.06,5.29,1090.4,192.5
2026-09-06T12:34:02.884Z,22.25,5.32,1086.2,194.6
2026-09-06T12:34:16.739Z,22.31,5.29,1089.9,194.5
2026-09-06T12:34:30.948Z,21.56,5.28,1090.1,195.1
2026-09-06T12:34:44.995Z,21.75,5.31,1086.2,193.6
2026-09-06T12:35:07.492Z,22.5,5.29,1090.2,190
2026-09-06T12:35:21.251Z,22.5,5.29,1088.5,194
2026-09-06T12:35:35.363Z,22.25,5.3,1090.4,189.3
2026-09-06T12:35:49.539Z,22.38,5.31,1087.4,193.7
2026-09-06T12:36:03.363Z,22.38,5.32,1088.4,191.8
2026-09-06T12:36:17.187Z,21.88,5.31,1088.9,192.4
2026-09-06T12:36:31.235Z,22.06,5.31,1090.7,194.2
2026-09-06T12:36:45.315Z,21.81,5.34,1087.2,192.1
2026-09-06T12:36:59.363Z,22.19,5.35,1088.1,189.8
2026-09-06T12:37:13.187Z,22.31,5.33,1090.8,190.6
2026-09-06T12:37:26.851Z,22.38,5.34,1090.8,191.1
2026-09-06T12:37:40.675Z,22.38,5.36,1087.3,191.1
2026-09-06T12:37:55.523Z,22.25,5.36,1088.8,188.7
2026-09-06T12:38:09.283Z,22.12,5.32,1090.8,187.7
2026-09-06T12:38:22.979Z,21.56,5.34,1087.5,191.6
2026-09-06T12:38:37.188Z,21.88,5.33,1089.8,189.1
2026-09-06T12:38:51.331Z,21.88,5.32,1090.4,193.7
2026-09-06T12:39:05.923Z,21.94,5.3,1090.3,194.9
2026-09-06T12:39:20.035Z,21.81,5.33,1086.6,196.1
2026-09-06T12:39:43.235Z,21.75,5.35,1087.7,193.7
2026-09-06T12:39:57.347Z,21.19,5.31,1090.6,193
2026-09-06T12:40:11.875Z,22.19,5.35,1086,190
2026-09-06T12:40:26.051Z,21.75,5.31,1089.5,193
2026-09-06T12:40:40.163Z,21.75,5.33,1089.1,193.1
2026-09-06T12:40:54.371Z,22.12,5.35,1086.2,193.9
2026-09-06T12:41:08.067Z,21.75,5.3,1090.3,191
2026-09-06T12:41:22.627Z,22.25,5.31,1088,192.7
2026-09-06T12:41:36.323Z,22.12,5.3,1086.7,195
2026-09-06T12:41:50.084Z,22.38,5.3,1087.2,190
2026-09-06T12:42:03.811Z,22.38,5.31,1085.6,192.6
2026-09-06T12:42:17.539Z,22.56,5.27,1090,190
2026-09-06T12:42:31.747Z,22,5.3,1090.2,192.8
2026-09-06T12:42:45.859Z,21.94,5.32,1086.6,196.6
2026-09-06T12:43:00.035Z,22.44,5.26,1090.4,191.4
2026-09-06T12:43:13.668Z,22.25,5.29,1086.2,195
2026-09-06T12:43:28.036Z,23.75,5.31,1088.1,189.3
2026-09-06T12:43:42.660Z,23.31,5.31,1089.6,184.7
2026-09-06T12:43:56.451Z,23.38,5.3,1088.8,187
2026-09-06T12:44:10.275Z,24.12,5.33,1085.6,189
2026-09-06T12:44:24.004Z,24.31,5.33,1087.4,183.4
2026-09-06T12:44:37.828Z,23.62,5.33,1086.6,187.5
2026-09-06T12:44:52.035Z,24.31,5.32,1086,187
2026-09-06T12:45:05.795Z,23.31,5.31,1086.7,191
2026-09-06T12:45:19.875Z,23.75,5.3,1090,184.6
2026-09-06T12:45:33.603Z,24,5.3,1090.2,187.3
2026-09-06T12:45:47.428Z,23.19,5.3,1087.4,184.9
2026-09-06T12:46:01.604Z,24.25,5.3,1089,185.9
2026-09-06T12:46:15.652Z,24.19,5.32,1085.5,188.1
2026-09-06T12:46:29.411Z,22.94,5.31,1088.3,190
2026-09-06T12:46:43.236Z,24.12,5.33,1085.8,187.4
2026-09-06T12:46:56.964Z,22.44,5.3,1090.2,193.1
2026-09-06T12:47:11.108Z,23.25,5.32,1087.3,190.3
2026-09-06T12:47:24.868Z,23,5.29,1090.5,188.3
2026-09-06T12:47:38.660Z,23.44,5.31,1087.2,187.4
2026-09-06T12:47:53.060Z,23.44,5.31,1088.4,192.4
2026-09-06T12:48:06.980Z,23.56,5.3,1090,184
2026-09-06T12:48:21.155Z,23.81,5.31,1089.4,185.2
2026-09-06T12:48:34.948Z,23.5,5.33,1087.6,186.9
2026-09-06T12:48:48.676Z,23,5.32,1088.6,190.8
2026-09-06T12:49:02.563Z,20.44,5.34,1085.9,201.3
2026-09-06T12:49:17.219Z,21.25,5.33,1088.4,197.2
2026-09-06T12:49:31.715Z,22.19,5.33,1085.6,194.4
2026-09-06T12:49:45.507Z,22,5.32,1085.6,196.6
2026-09-06T12:49:59.172Z,21.81,5.3,1089.3,196.7
2026-09-06T12:50:13.700Z,22.31,5.29,1090.4,193
2026-09-06T12:50:27.492Z,22.19,5.31,1087.1,192.9
2026-09-06T12:50:41.571Z,22,5.27,1088.8,193.1
2026-09-06T12:50:55.235Z,22.06,5.28,1086.6,197.5
2026-09-06T12:51:08.900Z,21.62,5.31,1087.2,195.3
2026-09-06T12:51:23.011Z,22.19,5.32,1090.5,190.1
2026-09-06T12:51:36.707Z,22.12,5.31,1090.8,189.7
2026-09-06T12:51:50.787Z,22.06,5.33,1090.9,188.5
2026-09-06T12:52:04.515Z,21.69,5.3,1090.8,191.3
2026-09-06T12:52:19.523Z,22.06,5.32,1086.1,195.2
2026-09-06T12:52:33.251Z,22.19,5.33,1087.9,191.9
2026-09-06T12:52:47.395Z,22.06,5.32,1090.4,192.6
2026-09-06T12:53:01.571Z,21.75,5.34,1087.6,193.5
2026-09-06T12:53:15.811Z,22.25,5.33,1090.8,187.7
2026-09-06T12:53:29.572Z,22.19,5.31,1090.8,188.5
2026-09-06T12:53:43.428Z,22.12,5.32,1089.8,190.9
2026-09-06T12:53:57.219Z,22.44,5.35,1088,184.7
2026-09-06T12:54:11.331Z,21.94,5.34,1091,187.9
2026-09-06T12:54:25.443Z,22.19,5.33,1091,185
2026-09-06T12:54:39.235Z,22.25,5.35,1086.6,188.1
2026-09-06T12:54:53.124Z,22.06,5.34,1087.6,188
2026-09-06T12:55:06.788Z,22.12,5.35,1086.2,189.2
2026-09-06T12:55:20.931Z,22.19,5.32,1090.8,190.4
2026-09-06T12:55:34.691Z,22.12,5.31,1089.2,188.2
2026-09-06T12:55:49.188Z,22.19,5.32,1090.6,192.1
2026-09-06T12:56:02.852Z,22.06,5.36,1087.2,190.5
2026-09-06T12:56:16.547Z,22.31,5.31,1087.9,190.3
2026-09-06T12:56:31.267Z,22.12,5.32,1087.6,187.7
2026-09-06T12:56:45.700Z,22.12,5.33,1090.1,190
2026-09-06T12:56:59.427Z,22.31,5.29,1090.9,186.1
2026-09-06T12:57:13.123Z,22.19,5.32,1086.4,192.2
2026-09-06T12:57:27.587Z,22.31,5.33,1088.2,187.4
2026-09-06T12:57:41.667Z,21.94,5.31,1091.2,188.8
2026-09-06T12:57:55.748Z,22.06,5.28,1090.1,198.4
2026-09-06T12:58:09.540Z,21.94,5.29,1085.7,200.4
2026-09-06T12:58:23.619Z,21.81,5.27,1086.2,203.2
2026-09-06T12:58:37.924Z,21.69,5.25,1090,196.1
2026-09-06T12:58:52.484Z,21.75,5.24,1089.8,194.5
2026-09-06T12:59:06.692Z,22.5,5.28,1086.8,198.9
2026-09-06T12:59:20.484Z,22.56,5.3,1089.6,188.1
2026-09-06T12:59:34.307Z,22.38,5.28,1090,191.6
2026-09-06T12:59:48.227Z,22.25,5.29,1087.1,194.7
2026-09-06T13:00:02.920Z,22.12,5.3,1087.6,196.2
2026-09-06T13:00:17.187Z,22.06,5.29,1090.3,192.1
2026-09-06T13:00:31.012Z,22.12,5.29,1089.3,193.6
2026-09-06T13:00:45.347Z,22.06,5.3,1090.4,187.2
2026-09-06T13:00:59.972Z,22.06,5.32,1086.8,196.2
2026-09-06T13:01:14.148Z,22.06,5.3,1087.8,195.2
2026-09-06T13:01:28.003Z,22.25,5.28,1087.2,194.3
2026-09-06T13:01:41.923Z,22.44,5.3,1086,194.1
2026-09-06T13:01:55.587Z,21.69,5.29,1087.6,194.2
2026-09-06T13:02:10.275Z,22.12,5.27,1090,193
2026-09-06T13:02:24.963Z,22.25,5.3,1086,195.6
2026-09-06T13:02:38.852Z,22.12,5.29,1090.4,187.9
2026-09-06T13:02:52.644Z,21.81,5.32,1086,197.2
2026-09-06T13:03:07.396Z,22.38,5.31,1088,190.9
2026-09-06T13:03:21.123Z,22.5,5.27,1090.4,191.2
2026-09-06T13:03:35.267Z,21.81,5.28,1089.6,196.7
2026-09-06T13:03:49.347Z,22,5.28,1090.2,196
2026-09-06T13:04:03.076Z,22.19,5.32,1085.9,196.3
2026-09-06T13:04:16.899Z,21.94,5.3,1090.4,194.4
2026-09-06T13:04:31.044Z,21.88,5.29,1088.2,196.8
2026-09-06T13:04:45.540Z,21.94,5.27,1090.1,191.5
2026-09-06T13:04:59.620Z,21.88,5.25,1085.6,204.5
2026-09-06T13:05:21.603Z,21.88,5.25,1089.7,201
2026-09-06T13:05:36.644Z,21.38,5.27,1085.4,205
2026-09-06T13:05:51.171Z,21.5,5.28,1085.6,204.6
2026-09-06T13:06:05.251Z,21.44,5.25,1086.4,210
2026-09-06T13:06:19.492Z,22.19,5.26,1085.2,204.8
2026-09-06T13:06:33.763Z,21.94,5.23,1089.2,204.6
2026-09-06T13:06:48.451Z,22.06,5.23,1088.7,207
2026-09-06T13:07:03.011Z,21.81,5.24,1089,199.7
2026-09-06T13:07:17.124Z,22.06,5.22,1089.8,199.7
2026-09-06T13:07:31.652Z,21.94,5.22,1089.2,201.8
2026-09-06T13:07:45.700Z,22.06,5.23,1088.1,204
2026-09-06T13:07:59.459Z,22.19,5.23,1089.7,201.7
2026-09-06T13:08:13.700Z,22,5.25,1085.2,206.6
2026-09-06T13:08:27.555Z,21.94,5.31,1086,200.7
2026-09-06T13:08:41.667Z,22,5.32,1087.5,196.8
2026-09-06T13:08:55.395Z,21.94,5.32,1087.9,195.2
2026-09-06T13:09:09.923Z,21.94,5.31,1089.7,201.1
2026-09-06T21:55:43.235Z,-68.75,5.41,1094.4,-294.1
2026-09-06T21:56:09.124Z,-68.75,5.45,1093.8,-295
2026-09-06T21:56:23.652Z,-68.75,5.42,1094.8,-292.1
2026-09-06T21:56:38.115Z,-68.75,5.45,1091.6,-290.5
2026-09-06T21:56:52.611Z,-68.75,5.43,1094,-292.6
2026-09-06T21:57:08.035Z,-68.75,5.44,1093,-293.6
2026-09-06T21:57:22.595Z,-68.75,5.41,1095,-287.2
2026-09-06T21:57:37.091Z,-68.75,5.47,1093,-293.6
2026-09-06T21:57:51.555Z,-68.75,5.44,1095.4,-292.3
2026-09-06T21:58:05.988Z,-68.75,5.44,1095.2,-287.6
2026-09-06T21:58:20.836Z,-68.75,5.49,1092.9,-292.6
2026-09-06T21:58:35.299Z,-68.75,5.47,1095.3,-291.9
2026-09-06T21:58:49.764Z,-68.75,5.47,1094,-291.5
2026-09-06T21:59:04.259Z,-68.75,5.49,1093,-292.7
2026-09-06T21:59:19.396Z,-68.75,5.49,1093,-289.7
2026-09-06T21:59:34.299Z,-68.75,5.49,1092.8,-289
2026-09-06T22:01:01.700Z,-68.75,5.51,1091.8,-289.7
2026-09-06T22:01:17.412Z,-68.75,5.48,1095.4,-280.8
2026-09-06T22:01:32.484Z,-68.75,5.46,1094.4,-283.5
2026-09-06T22:01:47.172Z,-68.75,5.48,1093.4,-289.1
2026-09-06T22:02:02.443Z,-68.75,5.45,1094.2,-284.5
2026-09-06T22:02:16.964Z,-68.75,5.46,1094.2,-289.4
2026-09-06T22:02:31.868Z,-68.75,5.48,1092.8,-286.1
2026-09-06T22:04:27.492Z,-68.75,5.47,1095.2,-286.9
2026-09-06T22:04:42.884Z,-68.75,5.48,1095,-286
2026-09-06T22:04:57.412Z,-68.75,5.46,1094.1,-283.7
2026-09-06T22:05:11.916Z,-68.75,5.45,1095,-288
2026-09-06T22:05:37.419Z,-68.75,5.48,1094.8,-283.2
2026-09-06T22:06:42.531Z,-68.75,5.49,1093.8,-281.5
2026-09-06T22:06:57.411Z,-68.75,5.47,1095.2,-282
2026-09-06T22:07:11.907Z,-68.75,5.46,1095.1,-282.5
2026-09-06T22:07:26.564Z,-68.75,5.46,1095,-286.8
2026-09-06T22:07:41.636Z,-68.75,5.48,1091.3,-285.6
2026-09-06T22:07:56.099Z,-68.75,5.47,1095.2,-282.5
2026-09-06T22:08:10.916Z,-68.75,5.49,1092.6,-286.4
2026-09-06T22:08:25.507Z,-68.75,5.48,1092.8,-289.1
2026-09-06T22:08:40.003Z,-68.75,5.49,1093.9,-284
2026-09-06T22:08:54.532Z,-68.75,5.48,1095.4,-284
2026-09-06T22:09:08.995Z,-68.75,5.5,1092.6,-286.9
2026-09-06T22:09:23.811Z,-68.75,5.48,1095,-286.2
2026-09-06T22:09:38.403Z,-68.75,5.47,1095.4,-285
2026-09-06T22:09:53.635Z,-60.19,5.47,1095,-375.6
2026-09-06T22:10:08.067Z,-60.5,5.47,1094,-373.6
2026-09-06T22:10:22.532Z,-68.62,5.48,1092.8,-288.2
2026-09-06T22:10:37.443Z,-68.75,5.46,1092.8,-285.8
2026-09-06T22:10:51.939Z,-68.75,5.44,1095.1,-283.2
2026-09-06T22:11:06.404Z,-68.75,5.46,1093,-284.7
2026-09-06T22:11:20.867Z,-68.75,5.46,1091.1,-287.9
2026-09-06T22:11:36.163Z,-68.75,5.45,1094.2,-287.6
2026-09-06T22:11:51.012Z,-68.75,5.45,1095.2,-287.1
2026-09-06T22:12:05.508Z,-68.75,5.46,1092.6,-287.8
2026-09-06T22:12:20.003Z,-68.31,5.46,1090.8,-293.9
2026-09-06T22:12:34.471Z,-49.75,5.4,1094.2,-604.9
2026-09-06T22:12:49.828Z,-59.88,5.39,1094.2,-379.4
2026-09-06T22:13:04.707Z,-63.31,5.42,1090.6,-347.1
2026-09-06T22:13:19.172Z,-65.88,5.4,1094.7,-312.8
2026-09-06T22:13:33.635Z,-68.75,5.39,1094.4,-287.6
2026-09-06T22:13:48.099Z,-68.75,5.43,1090.5,-296.1
2026-09-06T22:14:02.596Z,-68.75,5.41,1093.2,-293.8
2026-09-06T22:14:17.475Z,-68.75,5.42,1095,-287.4
2026-09-06T22:14:31.939Z,-68.75,5.43,1091,-293.8
2026-09-06T22:14:46.435Z,-68.75,5.41,1095,-288.2
2026-09-06T22:15:00.899Z,-68.75,5.42,1095,-287.1
2026-09-06T22:15:16.003Z,-68.75,5.45,1094.6,-288.5
2026-09-06T22:15:31.396Z,-68.75,5.44,1095,-287.1
2026-09-06T22:15:45.892Z,-68.75,5.45,1094.9,-288.5
2026-09-06T22:16:00.451Z,-68.75,5.44,1094.9,-289.6
2026-09-06T22:16:15.107Z,-62.81,5.42,1094.6,-345
2026-09-06T22:16:29.635Z,-65.19,5.42,1093.6,-329.3
2026-09-06T22:16:44.515Z,-64.56,5.41,1092.4,-334.2
2026-09-06T22:16:58.979Z,-68.75,5.39,1094.6,-298.9
2026-09-06T22:17:13.444Z,-68.75,5.43,1090.8,-302
2026-09-06T22:17:27.907Z,-68.75,5.42,1094.2,-292.9
2026-09-06T22:17:43.172Z,-68.75,5.41,1094.6,-295.5
2026-09-06T22:17:58.020Z,-68.75,5.43,1094.8,-292.7
2026-09-06T22:18:12.484Z,-68.75,5.41,1095,-294.5
2026-09-06T22:18:26.980Z,-68.75,5.42,1094.8,-294.8
2026-09-06T22:18:41.476Z,-68.75,5.44,1092.8,-291.6
2026-09-06T22:18:55.908Z,-68.75,5.43,1094.4,-291
2026-09-06T22:19:10.756Z,-66.69,5.44,1091.5,-313.8
2026-09-06T22:19:25.539Z,-68.75,5.41,1092.5,-297.8
2026-09-06T22:19:40.067Z,-68.75,5.41,1094.2,-292.3
2026-09-06T22:19:54.564Z,-68.75,5.4,1094.7,-290.7
2026-09-06T22:20:09.572Z,-68.75,5.44,1093.2,-291.1
2026-09-06T22:20:24.419Z,-68.75,5.45,1091.2,-293
2026-09-06T22:20:39.044Z,-68.75,5.44,1092.6,-296.1
2026-09-06T22:20:53.539Z,-68.75,5.46,1091.6,-293.4
2026-09-06T22:21:08.419Z,-68.75,5.42,1094.9,-292.6
2026-09-06T22:21:22.916Z,-68.62,5.45,1092.8,-292.3
2026-09-06T22:21:37.795Z,-68.75,5.46,1092.4,-293.4
2026-09-06T22:21:52.355Z,-68.75,5.47,1091.6,-294.1
2026-09-06T22:22:06.884Z,-68.75,5.46,1092.9,-295.5
2026-09-06T22:22:21.380Z,-68.75,5.45,1095,-291.2
2026-09-06T22:22:35.907Z,-68.75,5.45,1094,-288.7
2026-09-06T22:22:50.755Z,-68.75,5.44,1092.4,-291.3
2026-09-06T22:23:05.219Z,-68.75,5.43,1094.6,-291.4
2026-09-06T22:23:19.651Z,-68.75,5.44,1091.1,-297.4
2026-09-06T22:23:34.147Z,-68.75,5.41,1094.8,-293.2
2026-09-06T22:23:48.676Z,-68.75,5.45,1093.9,-288.9
2026-09-06T22:24:03.524Z,-68.75,5.43,1094,-293.1
2026-09-06T22:24:18.019Z,-68.75,5.44,1094.2,-293.4
2026-09-06T22:24:32.515Z,-64.38,5.43,1091.8,-337.2
2026-09-06T22:24:47.011Z,-67.88,5.41,1094,-297.7
2026-09-06T22:25:01.635Z,-68.56,5.43,1090.7,-301.2
2026-09-06T22:25:16.483Z,-68.75,5.42,1094.8,-292.3
2026-09-06T22:25:30.916Z,-68.31,5.43,1090.8,-301
2026-09-06T22:25:45.443Z,-68.75,5.43,1094.8,-290.5
2026-09-06T22:25:59.939Z,-68.75,5.45,1092.5,-291.5
2026-09-06T22:26:24.259Z,-68.75,5.42,1094,-292.6
2026-09-06T22:26:39.139Z,-68.75,5.41,1094.7,-288.6
2026-09-06T22:26:53.699Z,-68.75,5.43,1091.3,-296.6
2026-09-06T22:27:08.195Z,-68.75,5.44,1091.6,-296.3
2026-09-06T22:27:22.660Z,-68.75,5.43,1093.4,-291.2
2026-09-06T22:27:37.123Z,-68.75,5.43,1091.4,-298
2026-09-06T22:27:52.707Z,-68.75,5.44,1091.8,-295.5
2026-09-06T22:28:07.172Z,-68.75,5.44,1092.1,-294.1
2026-09-06T22:28:21.668Z,-68.75,5.44,1094.9,-290.2
2026-09-06T22:28:36.163Z,-68.75,5.44,1095,-290.8
2026-09-06T22:28:50.660Z,-68.75,5.44,1094.4,-288.5
2026-09-06T22:29:05.539Z,-68.75,5.45,1091.4,-295.1
2026-09-06T22:29:20.067Z,-68.75,5.46,1091.4,-295
2026-09-06T22:29:35.171Z,-68.75,5.46,1093.1,-292.3
2026-09-06T22:29:49.667Z,-68.75,5.45,1095.1,-291.4
2026-09-06T22:30:04.163Z,-68.75,5.46,1092.8,-289.3
2026-09-06T22:30:19.108Z,-68.75,5.48,1093,-290.4
2026-09-06T22:30:33.604Z,-68.75,5.48,1093.9,-292.3
2026-09-06T22:30:48.067Z,-68.75,5.47,1094.1,-290.7
2026-09-06T22:31:02.659Z,-68.75,5.45,1095,-294.4
2026-09-06T22:31:17.987Z,-68.75,5.46,1095.2,-293.6
2026-09-06T22:31:32.899Z,-68.75,5.44,1093.8,-293.6
2026-09-06T22:31:47.396Z,-68.75,5.46,1092.5,-291.2
2026-09-06T22:32:02.756Z,-68.75,5.47,1092,-292.7
2026-09-06T22:32:17.187Z,-68.75,5.46,1093,-292.2
2026-09-06T22:32:32.355Z,-68.75,5.45,1095.2,-285.8
2026-09-06T22:32:47.267Z,-68.75,5.46,1093.6,-289.8
2026-09-06T22:33:01.732Z,-68.75,5.44,1093,-295
2026-09-06T22:33:16.163Z,-68.75,5.41,1093.2,-292.5
2026-09-06T22:33:30.692Z,-68.75,5.44,1094.8,-292.3
2026-09-06T22:33:45.123Z,-68.75,5.43,1094.6,-291.4
2026-09-06T22:33:59.940Z,-68.75,5.41,1094.4,-292.5
2026-09-06T22:34:14.435Z,-68.75,5.44,1091,-296.9
2026-09-06T22:34:29.476Z,-68.75,5.44,1095.1,-289.4
2026-09-06T22:34:43.908Z,-68.75,5.42,1094.8,-285.8
2026-09-06T22:34:58.404Z,-68.75,5.45,1093.1,-293.9
2026-09-06T22:35:24.068Z,-68.75,5.47,1093.1,-287.1
2026-09-06T22:35:38.531Z,-68.75,5.47,1093.2,-290.3
2026-09-06T22:35:52.995Z,-68.75,5.47,1092.5,-286.8
2026-09-06T22:36:08.452Z,-68.75,5.43,1094.8,-289.8
2026-09-06T22:36:23.267Z,-68.75,5.43,1092,-291.8
2026-09-06T22:36:37.795Z,-68.75,5.45,1093.8,-288.7
2026-09-06T22:36:52.291Z,-68.75,5.44,1092.3,-293.6
2026-09-06T22:37:06.819Z,-68.75,5.46,1091.6,-292.3
2026-09-06T22:37:21.315Z,-68.75,5.46,1091.2,-292.2
2026-09-06T22:37:36.132Z,-68.75,5.46,1091.4,-290.4
2026-09-06T22:37:50.691Z,-68.75,5.48,1093.2,-288
2026-09-06T22:38:05.123Z,-68.75,5.46,1095.2,-288.5
2026-09-06T22:38:19.555Z,-68.75,5.45,1094.4,-285.5
2026-09-06T22:38:33.988Z,-68.75,5.46,1091.9,-291.9
2026-09-06T22:38:48.835Z,-68.19,5.44,1095,-291.6
2026-09-06T22:39:03.299Z,-68.75,5.47,1093.6,-283.3
2026-09-06T22:39:17.795Z,-68.75,5.47,1092.2,-293.9
2026-09-06T22:39:32.835Z,-68.75,5.45,1094.9,-286
2026-09-06T22:39:47.267Z,-68.75,5.46,1092.6,-289.3
2026-09-06T22:40:02.179Z,-68.75,5.44,1095,-288.1
2026-09-06T22:40:16.675Z,-68.75,5.47,1091.4,-290.4
2026-09-06T22:40:31.108Z,-68.75,5.45,1094.9,-286.8
2026-09-06T22:40:45.604Z,-68.75,5.48,1091.7,-287.9
2026-09-06T22:41:00.100Z,-68.75,5.43,1095,-294.4
2026-09-06T22:41:15.588Z,-68.75,5.45,1095,-290.4
2026-09-06T22:41:30.020Z,-68.75,5.44,1095,-289.3
2026-09-06T22:41:44.484Z,-68.75,5.45,1093.2,-286.7
2026-09-06T22:41:58.980Z,-68.75,5.44,1095,-291.8
2026-09-06T22:42:13.604Z,-68.75,5.42,1094.7,-290.3
2026-09-06T22:42:28.452Z,-68.75,5.44,1094.9,-291.9
2026-09-06T22:42:42.916Z,-68.75,5.45,1093,-290.3
2026-09-06T22:42:57.411Z,-68.75,5.46,1093.8,-294.1
2026-09-06T22:43:22.916Z,-68.75,5.49,1092.8,-290
2026-09-06T22:43:37.891Z,-68.75,5.45,1093.4,-293.4
2026-09-06T22:43:52.643Z,-68.75,5.45,1091.8,-294.3
2026-09-06T22:44:07.140Z,-68.5,5.45,1094.6,-291.7
2026-09-06T22:44:21.604Z,-68.75,5.43,1094.6,-291
2026-09-06T22:44:36.003Z,-68.75,5.45,1093.6,-289.8
2026-09-06T22:44:50.820Z,-68.75,5.43,1095,-291.1
2026-09-06T22:45:05.251Z,-68.75,5.44,1095.2,-289.8
2026-09-06T22:45:19.747Z,-68.75,5.44,1093.5,-293.6
2026-09-06T22:45:34.243Z,-68.75,5.46,1094,-293.6
2026-09-06T22:45:48.740Z,-68.75,5.43,1095.2,-291.5
2026-09-06T22:46:04.036Z,-66.25,5.43,1094.4,-312.8
2026-09-06T22:46:18.948Z,-57.81,5.46,1092.3,-421.2
2026-09-06T22:46:33.379Z,-55.44,5.43,1094.8,-461.6
2026-09-06T22:46:47.811Z,-68.75,5.43,1092.4,-295.9
2026-09-06T22:47:02.307Z,-68.75,5.42,1094.3,-284.7
2026-09-06T22:47:18.179Z,-68.75,5.43,1094.8,-295.5
2026-09-06T22:47:32.771Z,-68.75,5.46,1091.3,-296
2026-09-06T22:47:47.235Z,-65.06,5.44,1094.9,-326.1
2026-09-06T22:48:01.732Z,-56.19,5.43,1094.7,-448.1
2026-09-06T22:48:16.227Z,-54.06,5.45,1091.8,-502.4
2026-09-06T22:48:31.076Z,-57.94,5.44,1090.8,-423.9
2026-09-06T22:48:45.604Z,-64.88,5.4,1094.3,-333.4
2026-09-06T22:49:00.004Z,-52.31,5.4,1094.8,-542.5
2026-09-06T22:49:14.500Z,-63.88,5.42,1094.6,-338.3
2026-09-06T22:49:29.060Z,-68.75,5.41,1092.4,-300.1
2026-09-06T22:49:44.036Z,-67.62,5.43,1092,-305.9
2026-09-06T22:49:58.532Z,-68.75,5.4,1092.7,-302.4
2026-09-06T22:50:12.996Z,-68.75,5.4,1094.8,-297.1
2026-09-06T22:50:28.163Z,-68.75,5.43,1095,-292.9
2026-09-06T22:50:42.596Z,-68.75,5.42,1093.3,-298.3
2026-09-06T22:50:57.988Z,-68.38,5.44,1091.1,-300.5
2026-09-06T22:51:12.419Z,-66.81,5.43,1092.2,-319.8
2026-09-06T22:51:26.884Z,-66.19,5.44,1091.5,-326.6
2026-09-06T22:51:41.379Z,-68.75,5.42,1093.2,-301.5
2026-09-06T22:51:55.875Z,-68.75,5.43,1092.5,-297.2
2026-09-06T22:52:12.036Z,-68.75,5.44,1092.2,-303.4
2026-09-06T22:52:27.171Z,-68.75,5.43,1095,-294.7
2026-09-06T22:52:41.731Z,-68.75,5.45,1091.1,-298.1
2026-09-06T22:52:56.227Z,-68.75,5.43,1094.2,-301.3
2026-09-06T22:53:11.076Z,-60.88,5.42,1093.1,-387.9
2026-09-06T22:53:26.339Z,-63.19,5.43,1091.1,-360.3
2026-09-06T22:53:40.836Z,-65.25,5.43,1091.7,-331.2
2026-09-06T22:53:55.363Z,-68.75,5.43,1092.6,-295.8
2026-09-06T22:54:09.860Z,-64.94,5.44,1093.2,-333.2
2026-09-06T22:54:24.644Z,-68.75,5.42,1094.4,-304.2
2026-09-06T22:54:39.108Z,-68.75,5.43,1094,-303.9
2026-09-06T22:54:53.635Z,-66.25,5.42,1094.8,-323.6
2026-09-06T22:55:08.067Z,-68.75,5.44,1094.4,-303.9
2026-09-06T22:55:22.564Z,-68.75,5.41,1094.8,-298.1
2026-09-06T22:55:37.379Z,-63.06,5.44,1092.2,-366.5
2026-09-06T22:55:51.843Z,-64.44,5.42,1093.8,-347.8
2026-09-06T22:56:06.275Z,-68.75,5.46,1091.2,-305.5
2026-09-06T22:56:20.707Z,-68.44,5.43,1093.8,-302.2
2026-09-06T22:56:44.867Z,-68.75,5.44,1091.8,-304.2
2026-09-06T22:56:59.683Z,-68.75,5.44,1091.5,-303.1
2026-09-06T22:57:14.116Z,-53.88,5.44,1092,-511.6
2026-09-06T22:57:28.579Z,-65.81,5.4,1093.2,-333.7
2026-09-06T22:57:43.012Z,-68.75,5.43,1094.8,-297.2
2026-09-06T22:57:57.507Z,-68.75,5.44,1091.1,-306.2
2026-09-06T22:58:12.419Z,-68.75,5.45,1091.3,-305.1
2026-09-06T22:58:26.819Z,-68.5,5.41,1094.4,-302.8
2026-09-06T22:58:41.219Z,-68.75,5.44,1094.8,-297
2026-09-06T22:58:56.547Z,-68.75,5.45,1095.2,-295.8
2026-09-06T22:59:11.043Z,-68.75,5.43,1093.2,-301.1
2026-09-06T22:59:25.859Z,-68.75,5.44,1095,-297.4
2026-09-06T22:59:40.355Z,-68.75,5.43,1093.2,-300.4
2026-09-06T22:59:54.820Z,-68.75,5.43,1094.1,-299
2026-09-06T23:00:09.283Z,-68.75,5.44,1094.8,-297.2
2026-09-06T23:00:23.779Z,-68.75,5.45,1093.2,-296.1
2026-09-06T23:00:38.627Z,-68.75,5.46,1091.2,-297.4
2026-09-06T23:00:53.188Z,-68.75,5.46,1095.1,-292
2026-09-06T23:01:08.484Z,-68.75,5.46,1094.8,-292
2026-09-06T23:01:22.979Z,-68.75,5.47,1092.4,-293.4
2026-09-06T23:01:37.540Z,-68.75,5.47,1091.2,-296.9
2026-09-06T23:01:52.291Z,-68.75,5.46,1092.6,-295.2
2026-09-06T23:02:06.756Z,-68.75,5.47,1091.2,-294.9
2026-09-06T23:02:21.283Z,-68.75,5.45,1092.7,-295.2
2026-09-06T23:02:35.716Z,-68.75,5.47,1091.8,-295.5
2026-09-06T23:02:50.660Z,-68.75,5.47,1092.6,-295.8
2026-09-06T23:03:05.475Z,-68.75,5.46,1095.1,-292.8
2026-09-06T23:03:20.579Z,-68.75,5.48,1093,-295.2
2026-09-06T23:03:35.044Z,-68.75,5.49,1091.6,-297.6
2026-09-06T23:03:49.540Z,-68.75,5.47,1095.2,-289.3
2026-09-06T23:04:03.876Z,-68.75,5.47,1094.2,-290.7
2026-09-06T23:04:18.724Z,-68.75,5.46,1092.3,-293.9
2026-09-06T23:04:33.860Z,-67.19,5.43,1094.5,-307.7
2026-09-06T23:04:48.419Z,-64.75,5.4,1094.6,-331.5
2026-09-06T23:05:02.915Z,-68.75,5.41,1094.5,-293
2026-09-06T23:05:17.380Z,-68.75,5.44,1092,-293.3
2026-09-06T23:05:32.227Z,-68.75,5.42,1094.8,-297.4
2026-09-06T23:05:46.692Z,-68.75,5.44,1092.8,-299
2026-09-06T23:06:01.156Z,-68.75,5.45,1094.6,-292.7
2026-09-06T23:06:15.619Z,-68.75,5.45,1094.3,-298.4
2026-09-06T23:06:30.084Z,-68.75,5.43,1094.6,-296.7
2026-09-06T23:06:45.411Z,-68.75,5.44,1095.2,-296.6
2026-09-06T23:06:59.875Z,-68.75,5.45,1095,-292.3
2026-09-06T23:07:14.251Z,-68.75,5.47,1092.8,-294.7
2026-09-06T23:07:28.675Z,-68.75,5.47,1095.2,-291.1
2026-09-06T23:07:43.140Z,-68.75,5.46,1094.9,-294.9
2026-09-06T23:07:58.787Z,-68.75,5.43,1094.9,-293.9
2026-09-06T23:08:13.251Z,-68.75,5.43,1094.9,-296.3
2026-09-06T23:08:27.715Z,-68.75,5.43,1094.7,-296.1
2026-09-06T23:08:42.180Z,-68.75,5.47,1091.4,-294.4
2026-09-06T23:08:56.644Z,-68.75,5.48,1092.8,-294.3
2026-09-06T23:09:11.492Z,-68.75,5.48,1093.2,-295.2
2026-09-06T23:09:25.828Z,-68.75,5.47,1094.4,-294
2026-09-06T23:09:51.116Z,-68.75,5.49,1093.4,-294.7
2026-09-06T23:10:05.603Z,-68.75,5.51,1095.3,-290.2
2026-09-06T23:10:20.451Z,-68.75,5.46,1095.3,-283.7
2026-09-06T23:10:34.947Z,-68.25,5.48,1092.4,-297.2
2026-09-06T23:10:49.443Z,-58.69,5.48,1091.4,-406
2026-09-06T23:11:04.484Z,-68.75,5.45,1093.2,-292.2
2026-09-06T23:11:18.948Z,-68.75,5.46,1092.2,-289.4
2026-09-06T23:11:33.763Z,-68.75,5.47,1092.4,-292.3
2026-09-06T23:11:48.291Z,-68.75,5.43,1095,-292.1
2026-09-06T23:12:02.819Z,-68.75,5.46,1092.8,-290.1
2026-09-06T23:12:17.379Z,-63.69,5.43,1094.6,-340.5
2026-09-06T23:12:31.843Z,-67.62,5.4,1094.5,-298.7
2026-09-06T23:12:47.427Z,-68.75,5.42,1093.2,-292.2
2026-09-06T23:13:01.923Z,-68.75,5.4,1094.8,-294.7
2026-09-06T23:13:16.420Z,-68.75,5.44,1091,-300
2026-09-06T23:13:30.979Z,-68.75,5.44,1094,-297.3
2026-09-06T23:13:45.475Z,-68.75,5.47,1094.6,-295
2026-09-06T23:14:00.323Z,-68.75,5.46,1093.6,-291.2
2026-09-06T23:14:14.884Z,-68.75,5.45,1095.2,-295.8
2026-09-06T23:14:29.371Z,-68.75,5.48,1093.2,-292.9
2026-09-06T23:14:43.788Z,-68.75,5.45,1094.4,-295.9
2026-09-06T23:14:58.275Z,-68.75,5.49,1091.4,-300.9
2026-09-06T23:15:13.251Z,-60.31,5.47,1095,-379.6
2026-09-06T23:15:27.747Z,-51.69,5.46,1090.8,-568.5
2026-09-06T23:15:42.339Z,-55.69,5.45,1090.9,-463.7
2026-09-06T23:15:56.931Z,-67.44,5.44,1092,-305.2
2026-09-06T23:16:11.427Z,-65.19,5.44,1094.8,-328.9
2026-09-06T23:16:27.267Z,-68.75,5.44,1092.8,-292.8
2026-09-06T23:16:41.763Z,-65.12,5.46,1091.2,-329.7
2026-09-06T23:16:56.291Z,-51.44,5.44,1092.5,-560.2
2026-09-06T23:17:10.788Z,-39.88,5.4,1094.7,-1387.7
2026-09-06T23:17:25.220Z,-40.75,5.42,1093.8,-1261.1
2026-09-06T23:17:40.068Z,-53.75,5.4,1094.4,-509.3
2026-09-06T23:17:54.596Z,-59.75,5.41,1093.2,-399
2026-09-06T23:18:09.124Z,-64.25,5.39,1094.8,-329.9
2026-09-06T23:18:23.620Z,-68.75,5.43,1092.4,-297.4
2026-09-06T23:18:38.115Z,-58.69,5.43,1095,-403.9
2026-09-06T23:18:52.996Z,-47,5.42,1094.7,-742.3
2026-09-06T23:19:07.908Z,-43,5.44,1090.8,-1035.3
2026-09-06T23:19:22.371Z,-52.56,5.41,1094.7,-536.9
2026-09-06T23:19:36.964Z,-58.81,5.43,1092.3,-419.8
2026-09-06T23:19:51.492Z,-61.5,5.42,1091.1,-379.5
2026-09-06T23:20:06.275Z,-55.56,5.41,1093,-482.2
2026-09-06T23:20:21.604Z,-55.56,5.39,1091.6,-483.6
2026-09-06T23:20:36.068Z,-63.94,5.39,1094.4,-343.7
2026-09-06T23:20:50.531Z,-67,5.43,1090.8,-319.9
2026-09-06T23:21:05.028Z,-68.75,5.43,1091,-304
2026-09-06T23:21:20.195Z,-68,5.39,1094.8,-310.4
2026-09-06T23:21:34.691Z,-54.5,5.42,1091.8,-505.2
2026-09-06T23:21:49.251Z,-53.94,5.4,1094.4,-508.8
2026-09-06T23:22:03.715Z,-61.69,5.4,1094.4,-379.7
2026-09-06T23:22:18.179Z,-63.69,5.41,1093.2,-352
2026-09-06T23:22:33.892Z,-68.75,5.42,1094.7,-298.8
2026-09-06T23:22:48.387Z,-68.75,5.4,1094.8,-297
2026-09-06T23:23:02.883Z,-56.5,5.42,1094.8,-452.2
2026-09-06T23:23:17.315Z,-60,5.43,1090.6,-403.8
2026-09-06T23:23:31.907Z,-56.62,5.42,1092.1,-453
2026-09-06T23:23:46.819Z,-61.81,5.41,1093.1,-366.8
2026-09-06T23:24:01.283Z,-67.75,5.42,1094.7,-307.7
2026-09-06T23:24:15.811Z,-68.75,5.42,1094.8,-299.8
2026-09-06T23:24:30.435Z,-68.75,5.44,1094.8,-302.7
2026-09-06T23:24:45.475Z,-61.88,5.44,1091.1,-370
2026-09-06T23:25:00.355Z,-54.88,5.42,1094.8,-481.8
2026-09-06T23:25:15.012Z,-52.62,5.42,1093.6,-552.1
2026-09-06T23:25:29.443Z,-62.31,5.42,1094.6,-368.9
2026-09-06T23:25:44.803Z,-65,5.41,1094.8,-338.9
2026-09-06T23:25:59.428Z,-68.75,5.44,1094.2,-294.7
2026-09-06T23:26:14.339Z,-55.06,5.44,1092.8,-480.3
2026-09-06T23:26:29.123Z,-68.75,5.44,1094.2,-291.5
2026-09-06T23:26:43.715Z,-68.75,5.44,1095.3,-289.3
2026-09-06T23:27:08.355Z,-51.88,5.41,1094.6,-559.8
2026-09-06T23:27:23.203Z,-53.06,5.41,1094.3,-538.1
2026-09-06T23:27:38.339Z,-60.06,5.4,1094.5,-392.3
2026-09-06T23:27:52.835Z,-65.69,5.43,1091.7,-325.4
2026-09-06T23:28:07.907Z,-67.38,5.42,1092.6,-316.3
2026-09-06T23:28:22.435Z,-55.62,5.42,1094.8,-463.3
2026-09-06T23:28:37.283Z,-55.44,5.42,1091.8,-475.2
2026-09-06T23:28:51.875Z,-61.12,5.39,1093.8,-386.8
2026-09-06T23:29:06.403Z,-67.56,5.43,1090.8,-317.1
2026-09-06T23:29:20.995Z,-68.75,5.42,1094.8,-299.9
2026-09-06T23:29:36.195Z,-68.75,5.41,1094.7,-295.1
2026-09-06T23:29:51.075Z,-68.75,5.42,1095,-299.6
2026-09-06T23:30:05.571Z,-68.75,5.44,1094.4,-301.3
2026-09-06T23:30:20.227Z,-63.62,5.45,1092.6,-347
2026-09-06T23:30:34.691Z,-58.19,5.43,1093.6,-424.4
2026-09-06T23:30:49.124Z,-52.94,5.44,1093.1,-533.8
2026-09-06T23:31:04.004Z,-61.62,5.41,1094.8,-373.1
2026-09-06T23:31:18.532Z,-68.12,5.43,1091,-311.5
2026-09-06T23:31:33.092Z,-65.56,5.41,1094.6,-327.2
2026-09-06T23:31:47.588Z,-68.75,5.42,1094.8,-301.8
2026-09-06T23:32:02.116Z,-68.75,5.42,1095.2,-300.8
2026-09-06T23:32:16.996Z,-68.75,5.42,1094.9,-299.8
2026-09-06T23:32:31.524Z,-66.88,5.44,1095,-312.1
2026-09-06T23:32:46.052Z,-57.81,5.44,1094.8,-430.7
2026-09-06T23:33:01.156Z,-52.81,5.45,1090.8,-544.8
2026-09-06T23:33:15.683Z,-55.94,5.44,1094.8,-466.1
2026-09-06T23:33:30.600Z,-44.44,5.43,1093.6,-911.5
2026-09-06T23:33:45.091Z,-43.75,5.4,1094.6,-947
2026-09-06T23:33:59.555Z,-68.75,5.42,1092.2,-304
2026-09-06T23:34:14.084Z,-68.75,5.43,1092.4,-300.8
2026-09-06T23:34:28.579Z,-68.75,5.44,1091.5,-300.6
2026-09-06T23:34:43.459Z,-52.62,5.4,1094.4,-553.1
2026-09-06T23:34:58.019Z,-59.19,5.4,1091.6,-417.9
2026-09-06T23:35:12.611Z,-66.38,5.42,1090.8,-327.4
2026-09-06T23:35:27.139Z,-68.75,5.41,1094.6,-302.6
2026-09-06T23:35:41.635Z,-68.75,5.41,1094,-303.7
2026-09-06T23:35:57.059Z,-68.75,5.43,1095,-305.5
2026-09-06T23:36:11.491Z,-68.75,5.44,1095,-299.2
2026-09-06T23:36:26.019Z,-68.75,5.45,1095,-298.2
2026-09-06T23:36:40.516Z,-68.75,5.46,1094.4,-298.3
2026-09-06T23:36:55.044Z,-60.62,5.45,1092.4,-385.4
2026-09-06T23:37:10.211Z,-52.69,5.44,1092.6,-549.4
2026-09-06T23:37:24.708Z,-65.56,5.43,1094.8,-328
2026-09-06T23:37:39.908Z,-68.75,5.44,1092.6,-303.4
2026-09-06T23:37:54.371Z,-60.5,5.44,1092.5,-397.5
2026-09-06T23:38:08.868Z,-58.75,5.45,1091,-423.7
2026-09-06T23:38:23.779Z,-51.56,5.43,1094.8,-585.2
2026-09-06T23:38:38.243Z,-63.25,5.42,1094,-356.6
2026-09-06T23:38:52.964Z,-58.94,5.42,1092.8,-423.7
2026-09-06T23:39:07.428Z,-65.88,5.4,1094.6,-332.2
2026-09-06T23:39:21.860Z,-50.75,5.44,1091.2,-610.7
2026-09-06T23:39:36.772Z,-68.75,5.46,1095.1,-297.7
2026-09-06T23:39:51.235Z,-62.88,5.45,1092.9,-360.4
2026-09-06T23:40:05.700Z,-60.75,5.43,1094.9,-382.8
2026-09-06T23:40:20.291Z,-68.75,5.44,1095,-305.1
2026-09-06T23:40:34.883Z,-48.06,5.46,1091.2,-709.5
2026-09-06T23:40:49.764Z,-49.06,5.43,1092,-663.7
2026-09-06T23:41:04.323Z,-52.5,5.4,1094,-542.3
2026-09-06T23:41:19.076Z,-61.62,5.39,1094.4,-376.3
2026-09-06T23:41:34.084Z,-64.75,5.4,1092.8,-345.1
2026-09-06T23:41:48.707Z,-65.06,5.38,1094.6,-336.7
2026-09-06T23:42:03.619Z,-68.75,5.42,1094.4,-305.7
2026-09-06T23:42:18.148Z,-68.75,5.45,1094.2,-301.8
2026-09-06T23:42:32.643Z,-58.44,5.42,1093.6,-427
2026-09-06T23:42:47.108Z,-68.75,5.46,1091,-302.8
2026-09-06T23:43:01.624Z,-68.75,5.42,1094.6,-298.8
2026-09-06T23:43:16.451Z,-68.75,5.44,1091.9,-303.6
2026-09-06T23:43:30.916Z,-65.75,5.4,1093.8,-331.1
2026-09-06T23:43:45.379Z,-68.75,5.42,1093.8,-297.7
2026-09-06T23:44:00.291Z,-68.75,5.44,1091.2,-304.8
2026-09-06T23:44:14.883Z,-68.75,5.44,1094.7,-293.8
2026-09-06T23:44:29.699Z,-68.75,5.44,1091.2,-300.6
2026-09-06T23:44:44.195Z,-68.75,5.43,1095,-300.3
2026-09-06T23:44:58.724Z,-68.75,5.44,1093.4,-304
2026-09-06T23:45:13.219Z,-68.75,5.44,1094.5,-304
2026-09-06T23:45:27.684Z,-68.75,5.47,1091.4,-300.4
2026-09-06T23:45:42.595Z,-68.75,5.45,1092.4,-300.7
2026-09-06T23:45:57.187Z,-68.75,5.45,1094.8,-297.8
2026-09-06T23:46:11.715Z,-68.75,5.47,1092.2,-299.1
2026-09-06T23:46:26.307Z,-68.75,5.47,1093.3,-300
2026-09-06T23:46:40.739Z,-68.75,5.47,1093,-290.2
2026-09-06T23:46:56.611Z,-42.5,5.44,1094.7,-1060.4
2026-09-06T23:47:11.107Z,-48.88,5.46,1092.4,-659.4
2026-09-06T23:47:25.700Z,-42.19,5.45,1091.2,-1098.9
2026-09-06T23:47:40.195Z,-68.75,5.42,1094.8,-300.6
2026-09-06T23:47:54.724Z,-68.75,5.43,1092.9,-296.5
2026-09-06T23:48:09.572Z,-68.75,5.41,1094.8,-296.6
2026-09-06T23:48:24.036Z,-68.75,5.43,1091.2,-305.1
2026-09-06T23:48:39.363Z,-68.75,5.41,1094.9,-289.3
2026-09-06T23:48:53.860Z,-68.75,5.43,1092.4,-299.3
2026-09-06T23:49:08.323Z,-68.75,5.4,1094.8,-299
2026-09-06T23:49:23.171Z,-68.75,5.42,1094.8,-298.5
2026-09-06T23:49:37.795Z,-68.75,5.45,1091.4,-300.4
2026-09-06T23:49:52.259Z,-68.75,5.45,1095,-295.5
2026-09-06T23:50:06.628Z,-68.75,5.46,1092.2,-298.4
2026-09-06T23:50:21.123Z,-68.75,5.43,1095.1,-292.3
2026-09-06T23:50:36.003Z,-68.75,5.44,1094.4,-297.7
2026-09-06T23:50:50.468Z,-68.75,5.45,1095.2,-295.4
2026-09-06T23:51:04.932Z,-68.75,5.45,1093,-294.1
2026-09-06T23:51:19.363Z,-68.75,5.46,1092,-297.4
2026-09-06T23:51:34.595Z,-68.75,5.45,1095.2,-291.1
2026-09-06T23:51:49.571Z,-68.75,5.47,1093,-291.5
2026-09-06T23:52:04.931Z,-68.75,5.45,1092.6,-289.2
2026-09-06T23:52:19.459Z,-68.75,5.45,1092.4,-298.5
2026-09-06T23:52:33.955Z,-55.56,5.43,1094.2,-466
2026-09-06T23:52:48.964Z,-48.62,5.44,1094.7,-640.5
2026-09-06T23:53:03.875Z,-68,5.44,1095.1,-299.8
2026-09-06T23:53:18.275Z,-68.75,5.46,1093.4,-296.3
2026-09-06T23:53:42.788Z,-68.75,5.43,1094.8,-289.8
2026-09-06T23:53:58.007Z,-68.75,5.43,1093.6,-293.7
2026-09-06T23:54:12.900Z,-68.75,5.43,1091,-300.3
2026-09-06T23:54:27.411Z,-68.75,5.45,1092,-297.7
2026-09-06T23:54:41.859Z,-68.75,5.41,1094.1,-291.8
2026-09-06T23:54:56.419Z,-25.44,5.39,1093.4,-12809430.2
2026-09-06T23:55:10.851Z,-14.44,5.37,1092.6,1283.3
2026-09-06T23:55:25.604Z,-4.88,5.37,1090.1,482.2
2026-09-06T23:55:39.716Z,-19.31,5.38,1091.6,5458.6
2026-09-06T23:55:54.628Z,-49.31,5.39,1094,-666.5
2026-09-06T23:56:09.059Z,-60.38,5.41,1092,-399.2
2026-09-06T23:56:23.587Z,-68.75,5.42,1090.8,-303.9
2026-09-06T23:57:10.187Z,-68.75,5.42,1091.8,-303
2026-09-06T23:57:34.532Z,-68.75,5.4,1094.6,-302.1
2026-09-06T23:57:49.315Z,-67.75,5.42,1093.5,-302.7
2026-09-06T23:58:03.780Z,-68.75,5.4,1093.5,-300.1
2026-09-06T23:59:12.259Z,-68.75,5.45,1091.1,-298.7
2026-09-06T23:59:27.203Z,-68.75,5.45,1091.3,-298.8
2026-09-06T23:59:41.603Z,-68.75,5.44,1091,-299.3
2026-09-06T23:59:56.132Z,-68.75,5.43,1092.9,-298
2026-09-07T00:00:10.564Z,-68.75,5.44,1091.1,-300.8
2026-09-07T00:00:25.156Z,-68.75,5.43,1093.4,-296.6
2026-09-07T00:00:40.068Z,-68.75,5.44,1094.3,-292.6
2026-09-07T00:00:54.596Z,-68.75,5.43,1094.2,-295.6
2026-09-07T00:01:09.028Z,-68.75,5.44,1095.2,-292.1
2026-09-07T00:01:23.524Z,-68.75,5.47,1092,-295.2
2026-09-07T00:01:38.083Z,-68.75,5.47,1092.4,-297.3
2026-09-07T00:01:52.835Z,-68.75,5.47,1091.9,-290
2026-09-07T00:02:07.267Z,-68.75,5.43,1095,-286.4
2026-09-07T00:02:21.763Z,-55.75,5.43,1094.1,-446.8
2026-09-07T00:02:36.899Z,-31.12,5.43,1091.8,-8000.7
2026-09-07T00:02:51.363Z,-26,5.42,1092.2,-1058224.7
2026-09-07T00:03:06.243Z,-32.12,5.38,1094,-5951.7
2026-09-07T00:03:20.708Z,-36.56,5.41,1092.7,-2147.5
2026-09-07T00:03:35.331Z,-38.31,5.37,1094.4,-1713.2
2026-09-07T00:03:49.764Z,-61,5.4,1094,-377.7
2026-09-07T00:04:04.259Z,-57,5.41,1091.3,-445.4
2026-09-07T00:04:19.140Z,-54.5,5.39,1092.7,-501.8
2026-09-07T00:04:33.636Z,-53.5,5.4,1094.6,-515.4
2026-09-07T00:04:48.068Z,-53.31,5.4,1094.8,-507.2
2026-09-07T00:05:02.724Z,-52.06,5.41,1090.8,-566.5
2026-09-07T00:05:17.187Z,-49.81,5.42,1090.8,-638
2026-09-07T00:05:32.035Z,-68.75,5.41,1094.4,-296.9
2026-09-07T00:05:46.659Z,-68.75,5.4,1094.8,-291.8
2026-09-07T00:06:01.060Z,-68.75,5.4,1094,-303.6
2026-09-07T00:06:15.555Z,-68.75,5.42,1092.3,-300.4
2026-09-07T00:06:29.987Z,-68.75,5.4,1094.8,-295
2026-09-07T00:06:44.931Z,-57,5.39,1094.7,-444.1
2026-09-07T00:07:00.067Z,-68.75,5.4,1094.9,-300.3
2026-09-07T00:07:14.467Z,-68.75,5.41,1094.6,-296.3
2026-09-07T00:07:28.963Z,-68.75,5.42,1094,-292.9
2026-09-07T00:07:43.427Z,-68.75,5.43,1094.7,-300
2026-09-07T00:07:58.467Z,-68.75,5.41,1095,-295.1
2026-09-07T00:08:13.156Z,-68.75,5.45,1091,-300.8
2026-09-07T00:08:27.619Z,-68.75,5.44,1093.1,-296.6
2026-09-07T00:08:42.115Z,-68.75,5.45,1091,-301.1
2026-09-07T00:08:56.579Z,-68.75,5.42,1095.1,-291.6
2026-09-07T00:09:11.459Z,-68.75,5.42,1095.1,-293
2026-09-07T00:09:26.019Z,-68.75,5.44,1094,-293.6
2026-09-07T00:09:40.515Z,-68.75,5.43,1092.2,-297.6
2026-09-07T00:09:54.948Z,-68.75,5.45,1092.8,-292.6
2026-09-07T00:10:09.411Z,-68.75,5.45,1091.6,-298.2
2026-09-07T00:10:24.131Z,-68.75,5.45,1092.8,-300.4
2026-09-07T00:10:38.596Z,-68.75,5.44,1094.2,-297.4
2026-09-07T00:10:53.059Z,-68.75,5.46,1093.2,-296
2026-09-07T00:11:07.555Z,-68.75,5.43,1095.2,-297.9
2026-09-07T00:11:22.019Z,-68.75,5.46,1091.8,-293.2
2026-09-07T00:11:36.836Z,-50.5,5.42,1094.6,-595.9
2026-09-07T00:11:51.459Z,-64.88,5.43,1092.7,-328.2
2026-09-07T00:12:05.891Z,-68.75,5.43,1090.8,-297.3
2026-09-07T00:12:20.387Z,-68.75,5.42,1092.6,-292.6
2026-09-07T00:12:34.851Z,-68.75,5.4,1094.7,-295.5
2026-09-07T00:12:49.667Z,-68.75,5.38,1094.6,-293.8
2026-09-07T00:13:04.259Z,-68.75,5.41,1095,-296.3
2026-09-07T00:13:18.755Z,-68.75,5.41,1094.6,-291.2
2026-09-07T00:13:33.892Z,-68.75,5.39,1095,-295.2
2026-09-07T00:13:48.388Z,-68.75,5.4,1094.7,-295.8
2026-09-07T00:14:03.747Z,-68.75,5.43,1092.7,-294.8
2026-09-07T00:14:18.243Z,-68.75,5.42,1094.2,-296.3
2026-09-07T00:14:32.675Z,-68.75,5.43,1094.2,-294.2
2026-09-07T00:14:47.172Z,-68.75,5.44,1094.2,-292.8
2026-09-07T00:15:01.603Z,-68.75,5.43,1095.1,-290.9
2026-09-07T00:15:16.451Z,-68.75,5.46,1091.2,-298.4
2026-09-07T00:15:31.587Z,-68.75,5.45,1092.5,-293.3
2026-09-07T00:15:45.987Z,-68.75,5.43,1093.8,-295.5
2026-09-07T00:16:00.516Z,-68.75,5.43,1095.2,-292.3
2026-09-07T00:16:14.979Z,-68.75,5.45,1091.6,-295
2026-09-07T00:16:29.859Z,-68.75,5.46,1092,-295.2
2026-09-07T00:16:44.423Z,-68.75,5.44,1093.6,-292.6
2026-09-07T00:16:59.491Z,-66.88,5.44,1092.2,-314.5
2026-09-07T00:17:13.956Z,-49.56,5.41,1094.8,-638.2
2026-09-07T00:17:28.388Z,-34.31,5.41,1092.3,-3413.7
2026-09-07T00:17:43.267Z,-27.69,5.43,1090.6,-71231.2
2026-09-07T00:17:57.667Z,-27.81,5.41,1094.4,-59542.4
2026-09-07T00:18:12.132Z,-12.44,5.38,1090,960.9
2026-09-07T00:18:26.596Z,-4.88,5.38,1090.6,476.2
2026-09-07T00:18:40.708Z,-13.06,5.36,1094,968
2026-09-07T00:18:55.619Z,-31.19,5.39,1090.4,-8680
2026-09-07T00:19:10.147Z,-24.5,5.37,1092.2,8645373.6
2026-09-07T00:19:24.579Z,-38.56,5.39,1091.9,-1746.7
2026-09-07T00:19:39.043Z,-46.94,5.39,1093,-760.9
2026-09-07T00:19:53.475Z,-50.19,5.41,1090.4,-642.5
2026-09-07T00:20:09.923Z,-44,5.39,1092.9,-933.1
2026-09-07T00:20:24.387Z,-40.44,5.4,1092.2,-1330.5
2026-09-07T00:20:39.396Z,-37.5,5.4,1093.1,-1965.4
2026-09-07T00:20:53.987Z,-31.62,5.39,1094.1,-7230.6
2026-09-07T00:21:08.355Z,-39.06,5.4,1091.2,-1580.3
2026-09-07T00:21:23.171Z,-52.44,5.41,1091.7,-544.4
2026-09-07T00:21:37.667Z,-56.44,5.38,1093.8,-461.6
2026-09-07T00:21:52.132Z,-60.81,5.4,1094.4,-382.7
2026-09-07T00:22:06.564Z,-53.88,5.39,1090.8,-522.9
2026-09-07T00:22:21.092Z,-60.12,5.4,1093.8,-391
2026-09-07T00:22:36.004Z,-59.12,5.41,1094.7,-405.6
2026-09-07T00:22:50.980Z,-53.12,5.38,1094.6,-531.3
2026-09-07T00:23:05.412Z,-47.75,5.39,1094.8,-704.3
2026-09-07T00:23:19.780Z,-58.56,5.38,1094.5,-415.9
2026-09-07T00:23:34.307Z,-61.06,5.38,1094.9,-376.4
2026-09-07T00:23:49.156Z,-64.44,5.39,1094.9,-336
2026-09-07T00:24:03.620Z,-65.25,5.4,1094.9,-329.6
2026-09-07T00:24:18.052Z,-55.81,5.42,1091.4,-470.3
2026-09-07T00:24:32.484Z,-54.62,5.4,1094.6,-489.1
2026-09-07T00:24:46.980Z,-55.94,5.4,1093.2,-459.1
2026-09-07T00:25:01.860Z,-65.62,5.4,1094.2,-329.4
2026-09-07T00:25:16.323Z,-68.69,5.43,1092,-297.6
2026-09-07T00:25:30.756Z,-68.75,5.43,1092.2,-294.4
2026-09-07T00:25:45.283Z,-64.5,5.44,1091.9,-341.9
2026-09-07T00:25:59.843Z,-62.56,5.4,1094.4,-361.5
2026-09-07T00:26:15.171Z,-56.75,5.42,1092,-449.3
2026-09-07T00:26:29.507Z,-57.12,5.43,1091.2,-439.2
2026-09-07T00:26:43.972Z,-61,5.44,1091.1,-378.2
2026-09-07T00:26:58.436Z,-57.94,5.41,1094.8,-423.1
2026-09-07T00:27:12.868Z,-68.44,5.4,1095,-295.9
2026-09-07T00:27:28.068Z,-68.75,5.46,1091.5,-295.5
2026-09-07T00:27:51.620Z,-68.75,5.44,1091.8,-295.5
2026-09-07T00:28:06.148Z,-68.56,5.44,1091.7,-296.8
2026-09-07T00:28:20.612Z,-68.44,5.42,1095,-292.8
2026-09-07T00:28:35.428Z,-68.75,5.44,1091.2,-295.8
2026-09-07T00:28:50.584Z,-68.75,5.44,1094.5,-288.3
2026-09-07T00:29:04.996Z,-68.75,5.44,1091.8,-289.4
2026-09-07T00:29:19.652Z,-68.75,5.43,1091.7,-297.2
2026-09-07T00:29:34.116Z,-68.75,5.4,1094.8,-287.2
2026-09-07T00:29:48.964Z,-68.75,5.43,1093.1,-292.3
2026-09-07T00:30:03.428Z,-68.75,5.44,1093,-288
2026-09-07T00:30:17.924Z,-68.75,5.44,1094.8,-286
2026-09-07T00:30:32.355Z,-68.75,5.43,1095,-283.8
2026-09-07T00:30:46.787Z,-68.75,5.43,1094.2,-283.9
2026-09-07T00:31:01.603Z,-68.75,5.45,1091.4,-286.1
2026-09-07T00:31:16.035Z,-68.75,5.45,1092.4,-290.5
2026-09-07T00:31:30.755Z,-68.75,5.42,1093.7,-289.2
2026-09-07T00:31:45.219Z,-68.75,5.45,1093.8,-285.6
2026-09-07T00:31:59.684Z,-68.75,5.46,1095,-286.7
2026-09-07T00:32:14.980Z,-68.75,5.43,1094.1,-287.8
2026-09-07T00:32:29.412Z,-68.75,5.45,1093,-284.5
2026-09-07T00:32:43.844Z,-68.75,5.46,1092.3,-282.7
2026-09-07T00:32:58.211Z,-68.75,5.47,1091.4,-286.1
2026-09-07T00:33:12.644Z,-68.75,5.45,1092.8,-282.2
2026-09-07T00:33:27.428Z,-68.75,5.43,1095.2,-285.8
2026-09-07T00:33:41.892Z,-68.75,5.46,1093,-280.2
2026-09-07T00:34:00.484Z,-68.75,5.45,1094.4,-281.7
2026-09-07T00:34:15.076Z,-68.75,5.43,1095.2,-278.2
2026-09-07T00:34:30.116Z,-68.75,5.45,1094.1,-280.8
2026-09-07T00:34:44.708Z,-68.75,5.45,1095.3,-283.8
2026-09-07T00:34:59.363Z,-68.75,5.45,1093.9,-285.3
2026-09-07T00:40:55.908Z,-68.75,5.49,1094.7,-277.7
2026-09-07T00:41:11.907Z,-68.75,5.48,1093.8,-276.2
2026-09-07T00:41:26.627Z,-66.44,5.43,1094.2,-300.3
2026-09-07T00:41:41.315Z,-68.75,5.47,1091.5,-280.8
2026-09-07T00:41:55.972Z,-68.75,5.48,1092.9,-279.9
2026-09-07T00:42:10.627Z,-68.75,5.45,1095.2,-270.8
2026-09-07T00:42:25.667Z,-68.75,5.46,1092.8,-276.9
2026-09-07T00:42:40.203Z,-68.75,5.46,1092.2,-281.3
2026-09-07T00:42:55.172Z,-68.75,5.46,1091.4,-277.1
2026-09-07T00:43:09.763Z,-68.75,5.46,1095,-275.7
2026-09-07T00:43:24.387Z,-68.75,5.46,1093,-276
2026-09-07T00:43:39.331Z,-68.75,5.46,1093.2,-276.2
2026-09-07T00:43:53.963Z,-68.75,5.48,1093.4,-282
2026-09-07T00:47:00.676Z,-68.75,5.49,1093.6,-273.2
2026-09-07T00:47:17.572Z,-68.75,5.48,1092.6,-275.8
2026-09-07T00:47:32.035Z,-68.75,5.49,1092.8,-276.8
2026-09-07T00:47:46.755Z,-68.75,5.48,1094.2,-274
2026-09-07T00:48:01.347Z,-68.75,5.49,1091.8,-279
2026-09-07T00:48:16.676Z,-68.75,5.47,1095.4,-275.7
2026-09-07T00:48:31.651Z,-68.75,5.47,1094.1,-277.2
2026-09-07T00:48:46.723Z,-68.75,5.46,1094.8,-276.1
2026-09-07T00:49:01.219Z,-68.75,5.48,1093.7,-274.7
2026-09-07T00:49:15.875Z,-68.75,5.47,1095.1,-272.3
2026-09-07T00:49:30.499Z,-48.69,5.47,1093.3,-601.9
2026-09-07T00:49:45.507Z,-34.12,5.46,1091.9,-3122
2026-09-07T00:50:00.099Z,-46.5,5.45,1094.6,-716
2026-09-07T00:50:14.787Z,-54.38,5.45,1095.2,-455.3
2026-09-07T00:50:29.379Z,-47.69,5.44,1094.6,-649.3
2026-09-07T00:50:43.972Z,-55.75,5.45,1091.2,-440.1
2026-09-07T00:50:59.012Z,-59.5,5.4,1094.8,-369.8
2026-09-07T00:51:13.667Z,-53.69,5.42,1094.8,-469.5
2026-09-07T00:51:28.323Z,-54,5.4,1094.2,-478.9
2026-09-07T00:51:43.460Z,-66.75,5.4,1094.2,-290.7
2026-09-07T00:51:58.084Z,-68.75,5.42,1094.8,-274.8
2026-09-07T00:52:12.964Z,-68.75,5.43,1091,-287.5
2026-09-07T00:52:27.555Z,-65.38,5.44,1092.2,-309.5
2026-09-07T00:52:42.147Z,-62.88,5.44,1091.4,-344.8
2026-09-07T00:52:56.803Z,-68.62,5.43,1093.9,-279.5
2026-09-07T00:53:11.427Z,-68.75,5.42,1094.4,-282
2026-09-07T00:53:26.371Z,-68.75,5.42,1093.8,-285
2026-09-07T00:53:41.571Z,-68.75,5.44,1091.5,-280.1
2026-09-07T00:53:56.164Z,-68.75,5.44,1095,-280
2026-09-07T00:54:10.788Z,-68.75,5.44,1094.2,-277.4
2026-09-07T00:54:25.476Z,-68.75,5.41,1094.4,-284.6
2026-09-07T00:54:40.580Z,-68.75,5.44,1092.2,-282.1
2026-09-07T00:54:55.203Z,-68.75,5.42,1095,-278.4
2026-09-07T00:55:09.796Z,-68.75,5.45,1094.4,-279.2
2026-09-07T00:55:24.355Z,-68.75,5.45,1092.9,-277.1
2026-09-07T00:55:38.947Z,-68.75,5.44,1095.2,-282.2
2026-09-07T00:55:54.051Z,-68.75,5.46,1094.6,-277.1
2026-09-07T00:56:08.580Z,-68.75,5.44,1095.3,-278.1
2026-09-07T00:56:23.267Z,-68.75,5.43,1095.4,-278.4
2026-09-07T00:56:37.860Z,-68.75,5.48,1091.8,-278.4
2026-09-07T00:56:52.451Z,-68.75,5.48,1093.2,-284.5
2026-09-07T00:57:07.556Z,-68.75,5.48,1092.2,-281.4
2026-09-07T00:57:43.811Z,-68.75,5.47,1094.6,-281
2026-09-07T00:58:10.403Z,-68.75,5.47,1094.8,-278.7
2026-09-07T00:58:46.291Z,-68.75,5.47,1094.7,-278.4
2026-09-07T01:00:51.748Z,-68.75,5.44,1093.2,-282.2
2026-09-07T01:01:07.683Z,-68.75,5.45,1092,-283.5
2026-09-07T01:01:22.339Z,-68.75,5.44,1092.7,-281.1
2026-09-07T01:01:36.995Z,-66.44,5.45,1090.8,-304.6
2026-09-07T01:01:51.716Z,-68.75,5.42,1095,-276.4
2026-09-07T01:02:07.075Z,-68.75,5.44,1093.8,-276.5
2026-09-07T01:02:22.179Z,-68.25,5.39,1094.2,-289.5
2026-09-07T01:02:36.771Z,-68.75,5.42,1090.6,-293.2
2026-09-07T01:02:51.395Z,-68.75,5.42,1094.4,-278.9
2026-09-07T01:03:06.051Z,-68.75,5.42,1095,-280.4
2026-09-07T01:03:20.772Z,-68.75,5.43,1093.2,-283.3
2026-09-07T01:03:35.715Z,-68.75,5.43,1092.1,-286
2026-09-07T01:03:50.307Z,-68.75,5.43,1091.4,-284
2026-09-07T01:04:05.475Z,-68.75,5.42,1092,-290.4
2026-09-07T01:04:20.099Z,-68.75,5.4,1094.6,-284.2
2026-09-07T01:04:34.724Z,-68.75,5.39,1094.8,-288.3
2026-09-07T01:04:50.115Z,-68.75,5.41,1092,-293.8
2026-09-07T01:05:04.619Z,-68.75,5.39,1093.8,-287.1
2026-09-07T01:05:19.683Z,-68.75,5.41,1094.6,-284.9
2026-09-07T01:05:34.500Z,-68.75,5.42,1090.7,-300
2026-09-07T01:06:30.884Z,-68.75,5.41,1093.9,-289.6
2026-09-07T01:06:45.507Z,-68.75,5.42,1090.8,-295.8
2026-09-07T01:07:00.516Z,-68.75,5.42,1090.8,-293.3
2026-09-07T01:07:15.140Z,-68.75,5.42,1094.9,-284
2026-09-07T01:07:29.699Z,-68.75,5.43,1092.7,-286.7
2026-09-07T01:07:44.323Z,-68.75,5.42,1094.8,-288.9
2026-09-07T01:07:58.916Z,-68.75,5.44,1093.3,-290
2026-09-07T01:08:13.955Z,-68.75,5.44,1092.8,-287.9
2026-09-07T01:08:28.515Z,-68.75,5.47,1091.6,-289.4
2026-09-07T01:08:43.108Z,-68.75,5.46,1092.2,-289.7
2026-09-07T01:08:58.179Z,-68.75,5.45,1095.4,-284.7
2026-09-07T01:09:12.803Z,-68.75,5.47,1093.8,-289.8
2026-09-07T01:09:27.748Z,-68.75,5.43,1095.4,-283.1
2026-09-07T01:09:42.756Z,-68.75,5.47,1091.4,-284.9
2026-09-07T01:09:57.380Z,-68.75,5.44,1095.1,-279.9
2026-09-07T01:10:12.003Z,-68.75,5.47,1091.4,-286.8
2026-09-07T01:10:26.627Z,-68.75,5.46,1094.2,-283.9
2026-09-07T01:10:41.571Z,-68.75,5.46,1092.5,-280.8
2026-09-07T01:11:37.643Z,-68.75,5.44,1095.3,-277.9
2026-09-07T01:11:52.644Z,-68.75,5.46,1091,-287.9
2026-09-07T01:12:07.203Z,-64.69,5.43,1092.2,-317.3
2026-09-07T01:12:21.763Z,-68.75,5.45,1090.8,-290.7
2026-09-07T01:12:36.836Z,-68.75,5.44,1092.1,-282.4
2026-09-07T01:12:51.620Z,-68.75,5.46,1091.4,-284.7
2026-09-07T01:13:07.172Z,-68.75,5.43,1094.8,-278.9
2026-09-07T01:13:21.763Z,-68.75,5.43,1092.6,-287.2
2026-09-07T01:13:36.227Z,-68.75,5.42,1095.1,-282.2
2026-09-07T01:13:50.755Z,-68.75,5.45,1092.9,-286.8
2026-09-07T01:14:05.347Z,-68.75,5.42,1095,-282.4
2026-09-07T01:14:20.355Z,-68.75,5.43,1094.2,-284.3
2026-09-07T01:14:34.883Z,-68.75,5.44,1095,-278.9
2026-09-07T01:14:49.475Z,-68.75,5.44,1095.1,-282
2026-09-07T01:15:04.099Z,-68.75,5.46,1091.4,-289.2
2026-09-07T01:15:18.724Z,-68.75,5.46,1093.9,-282.5
2026-09-07T01:15:33.700Z,-68.75,5.46,1091.4,-281.9
2026-09-07T01:15:48.355Z,-68.75,5.47,1093.4,-283.8
2026-09-07T01:16:02.980Z,-68.75,5.46,1095,-275.5
2026-09-07T01:16:17.700Z,-68.75,5.46,1095.2,-278.2
2026-09-07T01:16:32.299Z,-68.75,5.45,1092,-285
2026-09-07T01:16:47.556Z,-68.75,5.43,1092.8,-286.5
2026-09-07T01:17:12.259Z,-68.75,5.42,1093,-289.1
2026-09-07T01:17:26.852Z,-68.75,5.43,1092.7,-292.1
2026-09-07T01:17:42.148Z,-59.56,5.44,1093.2,-386.1
2026-09-07T01:17:57.219Z,-64.69,5.43,1094.6,-321.9
2026-09-07T01:18:11.812Z,-68.75,5.44,1091.4,-289.8
2026-09-07T01:18:26.532Z,-68.75,5.42,1093.4,-286.4
2026-09-07T01:18:41.604Z,-68.75,5.41,1093.4,-291.5
2026-09-07T01:18:56.163Z,-68.75,5.45,1092,-293.8
2026-09-07T01:19:11.267Z,-68.75,5.42,1095.2,-288.5
2026-09-07T01:19:25.859Z,-68.75,5.43,1093.2,-289.8
2026-09-07T01:19:40.484Z,-68.75,5.43,1091,-296
2026-09-07T01:19:55.908Z,-68.75,5.45,1091.4,-291.5
2026-09-07T01:20:10.468Z,-68.75,5.44,1095.2,-287.9
2026-09-07T01:20:25.924Z,-68.75,5.46,1093,-294.2
2026-09-07T01:20:40.516Z,-68.75,5.47,1092.3,-288.6
2026-09-07T01:20:55.140Z,-68.75,5.45,1093.5,-291.9
2026-09-07T01:21:09.732Z,-68.75,5.48,1093.6,-284.6
2026-09-07T01:21:24.355Z,-68.75,5.47,1094.3,-283.6
2026-09-07T01:21:39.396Z,-68.75,5.43,1092,-291.6
2026-09-07T01:21:53.988Z,-68.75,5.45,1093.6,-290.1
2026-09-07T01:22:08.580Z,-68.75,5.44,1094.6,-285.6
2026-09-07T01:22:23.747Z,-68.75,5.48,1091.8,-289.6
2026-09-07T01:22:38.980Z,-68.75,5.47,1092.2,-285.1
2026-09-07T01:22:54.051Z,-68.75,5.48,1091.8,-288.5
2026-09-07T01:23:08.676Z,-68.75,5.43,1095,-282.6
2026-09-07T01:23:23.235Z,-68.75,5.45,1090.8,-290.1
2026-09-07T01:23:38.179Z,-68.75,5.44,1091,-290.7
2026-09-07T01:23:52.868Z,-68.12,5.43,1092.6,-290.7
2026-09-07T01:24:07.908Z,-41.5,5.39,1093.9,-1141.9
2026-09-07T01:24:22.564Z,-33.88,5.38,1093,-3915
2026-09-07T01:24:37.187Z,-41.75,5.35,1093.8,-1165.1
2026-09-07T01:24:51.876Z,-54.12,5.41,1090.4,-516.2
2026-09-07T01:25:06.596Z,-52.19,5.39,1094.5,-539
2026-09-07T01:25:21.603Z,-61.56,5.42,1092.2,-364.7
2026-09-07T01:25:36.259Z,-53.75,5.41,1090.8,-517.4
2026-09-07T01:25:51.492Z,-61.81,5.39,1094.9,-363
2026-09-07T01:26:06.148Z,-60.25,5.42,1094.7,-382.8
2026-09-07T01:26:20.868Z,-61.31,5.4,1093.4,-377.4
2026-09-07T01:26:35.876Z,-62.12,5.39,1094.7,-357.8
2026-09-07T01:26:50.884Z,-62.06,5.42,1092,-360.3
2026-09-07T01:27:05.508Z,-63.56,5.42,1093,-345.3
2026-09-07T01:27:20.259Z,-58.81,5.41,1093.1,-413.2
2026-09-07T01:27:35.428Z,-66.56,5.43,1093.1,-308.8
2026-09-07T01:27:50.788Z,-65.56,5.41,1095,-317.8
2026-09-07T01:28:05.379Z,-63.44,5.43,1093.6,-339.2
2026-09-07T01:28:32.643Z,-63,5.42,1095,-342.1
2026-09-07T01:28:47.267Z,-68.75,5.43,1093.8,-293.3
2026-09-07T01:29:02.339Z,-62.44,5.43,1095,-346.4
2026-09-07T01:29:17.923Z,-68.75,5.46,1091.2,-294.8
2026-09-07T01:29:32.548Z,-68.62,5.44,1092.6,-293.6
2026-09-07T01:29:47.780Z,-68.56,5.45,1091.3,-288.8
2026-09-07T01:30:02.948Z,-68.75,5.43,1094.2,-288.3
2026-09-07T01:30:17.636Z,-68.75,5.45,1094.8,-286.5
2026-09-07T01:30:32.323Z,-68.75,5.44,1095,-284.2
2026-09-07T01:30:46.980Z,-68.75,5.44,1093.8,-288.3
2026-09-07T01:31:01.956Z,-68.75,5.45,1095.2,-283.6
2026-09-07T01:31:17.092Z,-64.62,5.43,1095.1,-319.5
2026-09-07T01:31:31.748Z,-68.75,5.45,1092.8,-288.2
2026-09-07T01:31:46.339Z,-67.31,5.44,1095,-295.8
2026-09-07T01:32:00.964Z,-68.75,5.47,1093.6,-282.2
2026-09-07T01:32:16.163Z,-68.75,5.46,1093.2,-284.6
2026-09-07T01:32:31.140Z,-68.75,5.46,1095,-282.8
2026-09-07T01:32:45.731Z,-68.56,5.46,1095.4,-284.2
2026-09-07T01:33:00.387Z,-68.75,5.47,1093.2,-283.8
2026-09-07T01:33:14.979Z,-68.75,5.46,1095.2,-282.8
2026-09-07T01:33:29.571Z,-68.75,5.46,1093.6,-282
2026-09-07T01:33:44.612Z,-68.75,5.46,1092.4,-282.6
2026-09-07T01:33:59.076Z,-68.75,5.47,1093.4,-281.2
2026-09-07T01:34:13.732Z,-68.75,5.46,1093.2,-280.7
2026-09-07T01:34:28.355Z,-68.75,5.45,1092.7,-278.9
2026-09-07T01:34:42.947Z,-68.75,5.45,1093.4,-277.7
2026-09-07T01:34:58.403Z,-68.75,5.44,1095,-279.5
2026-09-07T01:35:12.963Z,-68.75,5.42,1094.4,-283.2
2026-09-07T01:35:28.259Z,-68.75,5.42,1095,-281.5
2026-09-07T01:35:42.948Z,-68.75,5.44,1094,-282
2026-09-07T01:35:58.020Z,-68.75,5.45,1092,-285
2026-09-07T01:36:12.708Z,-68.75,5.46,1094.4,-277
2026-09-07T01:36:27.299Z,-68.75,5.44,1093.4,-284.8
2026-09-07T01:36:41.892Z,-68.75,5.45,1095.1,-277.6
2026-09-07T01:36:56.516Z,-68.75,5.46,1092.8,-280.6
2026-09-07T01:37:11.396Z,-68.75,5.42,1095,-278.5
2026-09-07T01:37:26.116Z,-68.75,5.48,1091.7,-285.4
2026-09-07T01:37:40.740Z,-68.75,5.48,1092.4,-281.2
2026-09-07T01:37:55.587Z,-68.75,5.46,1095.4,-276.5
2026-09-07T01:38:10.179Z,-68.75,5.46,1091.8,-283.9
2026-09-07T01:38:25.187Z,-68.75,5.48,1091.6,-281.3
2026-09-07T01:38:40.419Z,-68.75,5.43,1095.2,-280.4
2026-09-07T01:38:55.108Z,-68.75,5.45,1093.8,-281.3
2026-09-07T01:39:09.668Z,-68.75,5.48,1093.5,-278.7
2026-09-07T01:39:24.612Z,-68.75,5.47,1093.1,-277.7
2026-09-07T01:39:39.620Z,-68.75,5.45,1095.3,-277.5
2026-09-07T01:39:54.307Z,-68.75,5.48,1094.6,-276.8
2026-09-07T01:40:08.963Z,-68.75,5.47,1095.5,-277.7
2026-09-07T01:40:23.467Z,-68.75,5.49,1091.7,-280.4
2026-09-07T01:40:38.179Z,-68.75,5.49,1094.6,-282.5
2026-09-07T01:42:05.187Z,-68.75,5.51,1091.6,-281.1
2026-09-07T01:42:21.124Z,-68.75,5.5,1092.7,-280.7
2026-09-07T01:42:35.748Z,-68.75,5.48,1095.1,-277.6
2026-09-07T01:42:50.404Z,-68.75,5.47,1095.2,-279.7
2026-09-07T01:43:05.060Z,-68.75,5.5,1092.7,-278.6
2026-09-07T01:43:19.908Z,-68.75,5.49,1093.2,-276.7
2026-09-07T01:43:35.620Z,-68.75,5.46,1094.6,-282.2
2026-09-07T01:43:50.339Z,-68.75,5.46,1091.7,-280.7
2026-09-07T01:44:05.124Z,-58.31,5.45,1091.4,-403.6
2026-09-07T01:44:19.747Z,-64.88,5.43,1093.2,-323.2
2026-09-07T01:44:34.819Z,-64.94,5.44,1090.8,-317.9
2026-09-07T01:44:49.795Z,-68.75,5.44,1094.8,-281.5
2026-09-07T01:45:04.547Z,-68.75,5.42,1094.9,-282.9
2026-09-07T01:45:19.108Z,-68.75,5.47,1091.3,-293.6
2026-09-07T01:45:34.563Z,-68.75,5.46,1091.2,-289.2
2026-09-07T01:45:49.219Z,-68.75,5.47,1091.4,-282.5
2026-09-07T01:46:04.291Z,-68.75,5.45,1091.2,-286.3
2026-09-07T01:46:18.884Z,-68.75,5.44,1094,-277.5
2026-09-07T01:46:33.540Z,-68.75,5.42,1095,-284.2
2026-09-07T01:46:48.291Z,-68.75,5.46,1092,-287.1
2026-09-07T01:47:03.427Z,-68.75,5.43,1095.2,-278.9
2026-09-07T01:47:18.692Z,-68.75,5.46,1092.1,-284.3
2026-09-07T01:47:33.283Z,-68.75,5.47,1093.2,-282.5
2026-09-07T01:47:48.516Z,-68.75,5.46,1095.2,-284.2
2026-09-07T01:48:03.843Z,-68.75,5.47,1092.9,-282.2
2026-09-07T01:48:18.916Z,-68.75,5.45,1095.4,-281.1
2026-09-07T01:48:33.604Z,-68.75,5.44,1095.2,-280.7
2026-09-07T01:48:48.259Z,-68.75,5.44,1094.9,-284
2026-09-07T01:49:03.348Z,-68.75,5.45,1095.4,-282.7
2026-09-07T01:49:18.155Z,-68.75,5.49,1092.1,-286.5
2026-09-07T01:50:14.211Z,-68.75,5.49,1094,-282.4
2026-09-07T01:50:28.964Z,-68.75,5.47,1095.3,-275
2026-09-07T01:50:43.972Z,-68.75,5.46,1095.2,-279.4
2026-09-07T01:50:58.628Z,-68.75,5.48,1092.6,-279.7
2026-09-07T01:51:13.828Z,-68.75,5.5,1092.6,-280
2026-09-07T01:51:28.740Z,-68.75,5.48,1095.3,-276.8
2026-09-07T01:51:43.299Z,-68.75,5.47,1095.3,-276.2
2026-09-07T01:51:58.307Z,-68.75,5.5,1093.2,-280.7
2026-09-07T01:52:33.827Z,-68.75,5.49,1093.8,-281.1
2026-09-07T01:52:48.484Z,-68.75,5.51,1093.1,-275.1
2026-09-07T01:53:03.523Z,-68.75,5.49,1094.2,-275.8
2026-09-07T01:53:18.147Z,-68.75,5.48,1094.8,-270.5
2026-09-07T01:53:32.836Z,-68.75,5.47,1093.7,-274
2026-09-07T01:53:47.492Z,-68.75,5.46,1095,-280.4
2026-09-07T01:54:02.148Z,-68.75,5.48,1092.2,-280.3
2026-09-07T01:54:17.188Z,-68.75,5.46,1095.1,-277.9
2026-09-07T01:54:31.812Z,-68.75,5.46,1095.4,-277.4
2026-09-07T01:54:46.468Z,-68.75,5.49,1094,-277.1
2026-09-07T01:55:01.668Z,-68.75,5.48,1093.4,-279.2
2026-09-07T01:55:16.772Z,-68.75,5.46,1093.6,-280
2026-09-07T01:55:31.780Z,-68.75,5.48,1091.3,-281.8
2026-09-07T01:55:46.371Z,-68.75,5.47,1095,-278.2
2026-09-07T01:56:00.996Z,-68.75,5.49,1092.9,-280.8
2026-09-07T01:56:16.227Z,-68.75,5.47,1093.2,-281.8
2026-09-07T01:56:30.851Z,-68.75,5.48,1093.2,-275
2026-09-07T01:56:45.923Z,-68.75,5.47,1092.3,-278.3
2026-09-07T01:57:00.548Z,-68.75,5.45,1094.8,-276.5
2026-09-07T01:57:15.875Z,-68.75,5.46,1092.7,-280.8
2026-09-07T01:57:30.884Z,-68.75,5.41,1094.8,-279.9
2026-09-07T01:57:45.860Z,-68.75,5.45,1095,-277.4
2026-09-07T01:58:00.452Z,-68.75,5.44,1095,-278.3
2026-09-07T01:58:15.012Z,-68.75,5.47,1091.6,-282.2
2026-09-07T01:58:29.603Z,-68.75,5.46,1093,-284.6
2026-09-07T01:58:55.747Z,-68.44,5.46,1092.4,-286.8
2026-09-07T01:59:10.691Z,-68.75,5.44,1095.1,-283.8
2026-09-07T01:59:25.667Z,-68.75,5.46,1092.8,-284.5
2026-09-07T01:59:40.163Z,-68.75,5.46,1091.2,-285.6
2026-09-07T01:59:54.788Z,-68.75,5.45,1094.6,-284.5
2026-09-07T02:00:09.892Z,-63.06,5.45,1095.1,-334.5
2026-09-07T02:00:24.964Z,-68.75,5.48,1092,-282.7
2026-09-07T02:00:39.556Z,-68.75,5.46,1092.8,-287.1
2026-09-07T02:00:54.243Z,-68.75,5.46,1092.6,-282.2
2026-09-07T02:01:09.315Z,-68.75,5.46,1093.8,-283.9
2026-09-07T02:01:24.003Z,-68.69,5.44,1095.2,-282.9
2026-09-07T02:01:39.203Z,-68.75,5.47,1092,-284.9
2026-09-07T02:01:53.795Z,-68.75,5.48,1092.2,-281.7
2026-09-07T02:02:08.388Z,-68.75,5.46,1095.2,-284.6
2026-09-07T02:02:23.427Z,-68.75,5.49,1093,-282.6
2026-09-07T02:02:38.052Z,-67.19,5.49,1092,-296.9
2026-09-07T02:02:52.995Z,-38.81,5.46,1092.4,-1469.8
2026-09-07T02:03:07.619Z,-49.94,5.44,1093.9,-588
2026-09-07T02:03:22.243Z,-58.06,5.46,1094.6,-394.2
2026-09-07T02:03:37.251Z,-45.12,5.44,1093.7,-814
2026-09-07T02:03:51.843Z,-52.25,5.45,1093.8,-528.9
2026-09-07T02:04:07.107Z,-58.06,5.45,1094.6,-405.1
2026-09-07T02:04:21.667Z,-51.81,5.45,1094.6,-527.3
2026-09-07T02:04:36.259Z,-61,5.46,1092.5,-363.2
2026-09-07T02:04:50.915Z,-66.19,5.46,1090.8,-309.9
2026-09-07T02:05:05.571Z,-57.69,5.44,1094.2,-414.3
2026-09-07T02:05:20.611Z,-65.62,5.43,1095,-304.9
2026-09-07T02:05:35.267Z,-64.81,5.41,1094.8,-322.4
2026-09-07T02:05:49.891Z,-63.69,5.46,1091.1,-331.9
2026-09-07T02:06:04.451Z,-68.69,5.44,1095,-286.2
2026-09-07T02:06:19.108Z,-65.62,5.43,1095,-309
2026-09-07T02:06:34.787Z,-52.38,5.43,1094.6,-512.4
2026-09-07T02:06:49.251Z,-59.81,5.43,1094.9,-371.1
2026-09-07T02:07:03.907Z,-65.88,5.45,1092.7,-305.6
2026-09-07T02:07:18.627Z,-52.19,5.45,1093.6,-521.4
2026-09-07T02:07:33.251Z,-60.81,5.44,1095,-364.5
2026-09-07T02:07:48.259Z,-65.31,5.45,1092.8,-314.5
2026-09-07T02:08:02.884Z,-68.5,5.45,1092.2,-287.7
2026-09-07T02:08:18.979Z,-64.25,5.43,1095,-325.6
2026-09-07T02:08:33.699Z,-65.69,5.42,1093.9,-315.9
2026-09-07T02:08:48.675Z,-62.19,5.45,1093.2,-350.6
2026-09-07T02:09:03.619Z,-61.75,5.44,1094.9,-350.6
2026-09-07T02:09:18.147Z,-65.06,5.46,1091.1,-318.6
2026-09-07T02:09:32.771Z,-60.81,5.44,1095.1,-362.3
2026-09-07T02:09:47.395Z,-62.94,5.45,1090.9,-345.4
2026-09-07T02:10:03.843Z,-68.69,5.46,1092.4,-282.9
2026-09-07T02:10:18.531Z,-62.31,5.41,1094.2,-351.5
2026-09-07T02:10:33.155Z,-59.19,5.46,1093,-393.2
2026-09-07T02:10:47.843Z,-57.94,5.46,1091.5,-415.3
2026-09-07T02:11:02.435Z,-60.75,5.42,1094.2,-369.1
2026-09-07T02:11:17.444Z,-64.69,5.41,1094.8,-324.3
2026-09-07T02:11:32.100Z,-64.56,5.39,1094.2,-330.7
2026-09-07T02:11:46.724Z,-68.75,5.43,1094.6,-285
2026-09-07T02:12:01.251Z,-68.75,5.44,1092.6,-285.4
2026-09-07T02:12:15.844Z,-68.75,5.45,1092,-286.8
2026-09-07T02:12:30.692Z,-68.75,5.43,1095,-281.8
2026-09-07T02:12:45.283Z,-68.75,5.45,1093.6,-292.2
2026-09-07T02:12:59.908Z,-68.75,5.44,1093.5,-288.6
2026-09-07T02:13:14.468Z,-68.75,5.44,1090.4,-295.8
2026-09-07T02:13:29.059Z,-68.75,5.42,1094.8,-287.6
2026-09-07T02:13:44.035Z,-68.75,5.44,1094.6,-282.2
2026-09-07T02:13:58.596Z,-68.75,5.43,1095,-284.2
2026-09-07T02:14:13.219Z,-68.75,5.45,1092.4,-288.3
2026-09-07T02:14:27.779Z,-68.75,5.44,1095.2,-284.7
2026-09-07T02:14:42.339Z,-68.75,5.45,1095.4,-281.7
2026-09-07T02:14:58.116Z,-68.75,5.44,1095.2,-281.4
2026-09-07T02:15:12.867Z,-68.75,5.47,1091.8,-286
2026-09-07T02:15:27.428Z,-68.75,5.47,1093.6,-284
2026-09-07T02:15:42.404Z,-68.75,5.47,1093.1,-280.7
2026-09-07T02:15:56.931Z,-68.75,5.42,1095,-282.5
2026-09-07T02:16:11.843Z,-68.75,5.46,1094.6,-281.5
2026-09-07T02:16:26.659Z,-68.75,5.47,1092.2,-282.9
2026-09-07T02:16:41.251Z,-68.75,5.47,1091.7,-284.9
2026-09-07T02:16:55.908Z,-68.75,5.46,1093.4,-285
2026-09-07T02:17:10.468Z,-68.75,5.44,1095.4,-282.4
2026-09-07T02:17:25.412Z,-68.75,5.48,1092.2,-284.7
2026-09-07T02:17:40.068Z,-68.75,5.45,1094.9,-284
2026-09-07T02:17:54.692Z,-68.75,5.46,1095.3,-283.7
2026-09-07T02:18:09.251Z,-68.75,5.46,1094.4,-279.7
2026-09-07T02:18:24.323Z,-68.75,5.46,1093.2,-285.4
2026-09-07T02:18:40.452Z,-68.75,5.46,1094.4,-281
2026-09-07T02:18:54.980Z,-68.75,5.43,1095.1,-278.9
2026-09-07T02:19:09.575Z,-68.75,5.49,1094.7,-282.4
2026-09-07T02:19:25.156Z,-68.75,5.48,1091.6,-285
2026-09-07T02:19:39.819Z,-68.75,5.46,1094.4,-285.8
2026-09-07T02:19:54.812Z,-68.75,5.45,1092.6,-285.8
2026-09-07T02:20:09.363Z,-68.75,5.46,1093.6,-285.1
2026-09-07T02:20:23.979Z,-68.75,5.46,1093.4,-283.5
2026-09-07T02:20:38.539Z,-68.75,5.47,1094.1,-282.5
2026-09-07T02:21:04.059Z,-68.75,5.46,1093.4,-282.2
2026-09-07T02:21:19.044Z,-68.75,5.47,1095.4,-281.9
2026-09-07T02:21:33.683Z,-68.75,5.48,1094.5,-281.7
2026-09-07T02:31:31.148Z,-68.75,5.49,1094.4,-273
2026-09-07T02:32:51.139Z,-68.75,5.5,1093.3,-269.6
2026-09-07T02:33:16.203Z,-68.75,5.48,1095,-273.2
2026-09-07T02:33:30.787Z,-68.75,5.5,1093.2,-270.6
2026-09-07T02:33:45.411Z,-68.75,5.48,1093.6,-274.7
2026-09-07T02:34:00.035Z,-68.75,5.5,1092.6,-274.7
2026-09-07T02:34:15.139Z,-68.75,5.49,1092.9,-274.1
2026-09-07T02:34:30.435Z,-68.75,5.5,1092.7,-270.7
2026-09-07T02:34:44.971Z,-68.75,5.5,1091.8,-270.4
2026-09-07T02:35:10.347Z,-68.75,5.48,1095.5,-273.3
2026-09-07T02:35:25.291Z,-68.75,5.5,1091.4,-274.3
2026-09-07T02:35:39.939Z,-68.75,5.48,1095.4,-272.1
2026-09-07T02:35:54.547Z,-68.75,5.48,1094,-273.3
2026-09-07T02:37:12.179Z,-68.75,5.51,1093,-269
2026-09-07T02:37:48.995Z,-68.75,5.49,1095.2,-270.9
2026-09-07T02:38:03.619Z,-68.75,5.51,1092.4,-271.1
2026-09-07T02:38:18.275Z,-68.75,5.49,1093.9,-272.5
2026-09-07T02:38:33.963Z,-68.75,5.48,1094.4,-272.2
2026-09-07T02:38:48.587Z,-68.75,5.5,1092.3,-270.7
2026-09-07T02:39:03.203Z,-68.75,5.5,1093.4,-272
2026-09-07T02:39:18.115Z,-68.75,5.51,1092,-271.9
2026-09-07T03:08:04.804Z,-68.75,5.5,1092.2,-271.1
2026-09-07T03:08:31.556Z,-68.75,5.48,1091.4,-270.2
2026-09-07T03:08:46.756Z,-68.75,5.47,1095.2,-268.1
2026-09-07T03:09:01.956Z,-68.75,5.48,1092.6,-273.4
2026-09-07T03:09:16.676Z,-68.75,5.48,1095.2,-270.1
2026-09-07T03:09:31.748Z,-68.75,5.48,1093.2,-272.5
2026-09-07T03:09:46.411Z,-68.75,5.49,1091.5,-274.4
2026-09-07T03:10:01.092Z,-68.75,5.47,1095.4,-267.4
2026-09-07T03:10:15.851Z,-68.75,5.5,1091.6,-268.7
2026-09-07T03:11:24.676Z,-68.75,5.46,1094.8,-270.7
2026-09-07T03:11:39.748Z,-68.75,5.48,1091.5,-273.9
2026-09-07T03:11:54.339Z,-68.75,5.48,1093.4,-277.5
2026-09-07T03:12:09.315Z,-68.75,5.46,1095.1,-271.3
2026-09-07T03:12:23.939Z,-68.75,5.47,1095.1,-274.6
2026-09-07T03:12:38.531Z,-68.75,5.48,1092.8,-275.2
2026-09-07T03:12:53.636Z,-68.75,5.44,1094.8,-272.3
2026-09-07T03:13:08.227Z,-67.31,5.42,1094.7,-285.4
2026-09-07T03:13:23.299Z,-68.75,5.45,1092.4,-282.1
2026-09-07T03:13:37.859Z,-68.75,5.43,1095,-272.1
2026-09-07T03:13:52.484Z,-68.75,5.47,1091.5,-278.4
2026-09-07T03:14:08.131Z,-68.75,5.43,1095.2,-274.5
2026-09-07T03:14:22.723Z,-68.75,5.46,1091.2,-278.4
2026-09-07T03:14:37.635Z,-68.75,5.43,1095,-274
2026-09-07T03:14:52.291Z,-68.75,5.44,1095,-273.3
2026-09-07T03:15:06.756Z,-68.75,5.46,1092.2,-277.6
2026-09-07T03:15:21.763Z,-68.75,5.46,1093.2,-275.9
2026-09-07T03:15:36.388Z,-68.75,5.47,1093.4,-271.1
2026-09-07T03:15:50.979Z,-68.75,5.45,1095.2,-275.4
2026-09-07T03:16:05.603Z,-68.75,5.48,1093.2,-276.5
2026-09-07T03:16:20.227Z,-68.75,5.45,1095.3,-273.9
2026-09-07T03:16:35.460Z,-68.75,5.47,1093,-279.4
2026-09-07T03:16:49.956Z,-68.75,5.49,1093.1,-275.5
2026-09-07T03:17:05.091Z,-68.75,5.45,1094.2,-277.2
2026-09-07T03:17:19.844Z,-68.75,5.46,1095.4,-273.3
2026-09-07T03:17:34.472Z,-68.75,5.51,1091.5,-275.1
2026-09-07T03:17:49.604Z,-68.75,5.49,1092.4,-274
2026-09-07T03:18:04.227Z,-68.75,5.48,1095.2,-271.6
2026-09-07T03:18:18.820Z,-68.75,5.48,1093.6,-273.6
2026-09-07T03:18:33.411Z,-56.69,5.45,1095,-409.2
2026-09-07T03:18:48.003Z,-68.12,5.47,1092.8,-276.1
2026-09-07T03:19:03.043Z,-68.75,5.46,1093.7,-272.3
2026-09-07T03:19:17.763Z,-68.75,5.47,1091.6,-274.7
2026-09-07T03:19:32.451Z,-68.75,5.47,1092,-274.2
2026-09-07T03:19:47.171Z,-68.75,5.48,1092.1,-273
2026-09-07T03:20:01.668Z,-68.75,5.45,1093.2,-275.2
2026-09-07T03:20:16.675Z,-68.75,5.44,1095.2,-269.1
2026-09-07T03:20:31.459Z,-68.75,5.42,1095,-270.7
2026-09-07T03:20:46.851Z,-68.75,5.47,1091.2,-274.2
2026-09-07T03:21:01.571Z,-68.75,5.46,1093.8,-275.7
2026-09-07T03:21:16.259Z,-68.75,5.48,1092.7,-274.8
2026-09-07T03:21:31.235Z,-68.75,5.48,1094.2,-274.7
2026-09-07T03:21:46.435Z,-68.75,5.47,1095.2,-277.5
2026-09-07T03:22:01.124Z,-68.75,5.46,1095,-275.1
2026-09-07T03:22:15.940Z,-68.75,5.5,1092.1,-275.4
2026-09-07T03:22:30.628Z,-68.75,5.47,1095.6,-275.2
2026-09-07T03:22:46.436Z,-68.75,5.47,1093.7,-276
2026-09-07T03:23:01.123Z,-68.75,5.49,1091.4,-278.9
2026-09-07T03:23:15.588Z,-61.62,5.47,1094.6,-343.1
2026-09-07T03:23:30.596Z,-59.94,5.46,1095,-359.1
2026-09-07T03:23:45.219Z,-53.12,5.46,1091.2,-486.4
2026-09-07T03:24:00.292Z,-40.75,5.43,1094.8,-1136.9
2026-09-07T03:24:15.235Z,-50.25,5.47,1092.6,-563.2
2026-09-07T03:24:29.891Z,-61.06,5.45,1093,-354.1
2026-09-07T03:24:44.516Z,-60.25,5.44,1094.8,-362.3
2026-09-07T03:25:00.420Z,-68.75,5.43,1095,-279.6
2026-09-07T03:25:15.299Z,-68.75,5.46,1094.7,-278.7
2026-09-07T03:25:29.924Z,-68.75,5.44,1094.9,-277.9
2026-09-07T03:25:45.347Z,-68.75,5.45,1093,-283
2026-09-07T03:26:00.452Z,-68.75,5.46,1093.8,-277.2
2026-09-07T03:26:15.107Z,-68.75,5.44,1095,-276.7
2026-09-07T03:26:29.700Z,-68.75,5.47,1091.4,-281
2026-09-07T03:26:44.419Z,-68.75,5.43,1094.8,-277.7
2026-09-07T03:26:59.076Z,-68.75,5.46,1091.6,-283.3
2026-09-07T03:27:14.147Z,-68.75,5.44,1095,-277.2
2026-09-07T03:27:28.804Z,-68.75,5.45,1095,-276
2026-09-07T03:27:43.428Z,-68.75,5.44,1093.6,-280
2026-09-07T03:27:58.019Z,-68.75,5.47,1091.4,-279.2
2026-09-07T03:28:13.060Z,-68.75,5.47,1094.1,-272.3
2026-09-07T03:28:28.131Z,-68.75,5.47,1095,-271.1
2026-09-07T03:28:42.755Z,-68.75,5.45,1093,-281.3
2026-09-07T03:28:57.379Z,-68.75,5.49,1091.4,-280.7
2026-09-07T03:29:12.068Z,-68.75,5.45,1095.2,-274
2026-09-07T03:29:26.787Z,-68.75,5.47,1094,-274.7
2026-09-07T03:29:42.532Z,-68.75,5.46,1095.4,-272
2026-09-07T03:29:57.539Z,-68.75,5.46,1092.7,-278.5
2026-09-07T03:30:12.259Z,-68.75,5.49,1093.5,-273.7
2026-09-07T03:30:26.883Z,-68.75,5.47,1095.5,-274.3
2026-09-07T03:30:42.083Z,-68.75,5.5,1093,-276.9
2026-09-07T03:30:57.187Z,-68.75,5.49,1095.2,-268.8
2026-09-07T03:31:11.780Z,-68.75,5.46,1095.2,-272.7
2026-09-07T03:31:26.467Z,-68.75,5.48,1093.8,-275.9
2026-09-07T03:31:41.099Z,-68.75,5.51,1092,-271.1
2026-09-07T03:31:55.748Z,-68.75,5.48,1095.4,-271.2
2026-09-07T03:32:11.811Z,-68.75,5.48,1095.4,-270.6
2026-09-07T03:32:26.500Z,-68.75,5.49,1094.2,-270.4
2026-09-07T03:32:41.155Z,-68.75,5.5,1092.4,-274
2026-09-07T03:32:55.811Z,-68.75,5.47,1095.1,-272.7
2026-09-07T03:33:10.403Z,-65,5.49,1091.8,-307.4
2026-09-07T03:33:25.411Z,-68.75,5.48,1094.6,-274
2026-09-07T03:33:40.931Z,-68.75,5.5,1091.5,-272
2026-09-07T03:33:55.459Z,-68.75,5.48,1095.6,-271.9
2026-09-07T03:34:10.115Z,-68.75,5.49,1093.9,-273
2026-09-07T03:34:24.868Z,-68.75,5.49,1093.2,-268.8
2026-09-07T03:34:39.907Z,-68.75,5.5,1092.8,-273.7
2026-09-07T03:34:54.595Z,-68.75,5.48,1095.2,-269.1
2026-09-07T03:35:09.347Z,-66.75,5.48,1094,-290.3
2026-09-07T03:35:24.004Z,-68.75,5.49,1095.4,-267.3
2026-09-07T03:35:38.628Z,-61.69,5.48,1095.3,-334.1
2026-09-07T03:35:55.107Z,-61.56,5.48,1092.2,-343.5
2026-09-07T03:36:09.699Z,-53.94,5.49,1091.4,-462.9
2026-09-07T03:36:24.259Z,-65.25,5.5,1091.4,-305.5
2026-09-07T03:36:38.915Z,-68.75,5.49,1095.3,-271.4
2026-09-07T03:36:53.924Z,-68.75,5.49,1091.4,-272.3
2026-09-07T03:37:08.452Z,-68.75,5.49,1092.7,-273.9
2026-09-07T03:37:23.203Z,-68.75,5.5,1092.7,-269.7
2026-09-07T03:37:37.860Z,-68.75,5.48,1094.4,-267.7
2026-09-07T03:37:52.515Z,-68.75,5.5,1093,-271.3
2026-09-07T03:38:07.587Z,-68.75,5.47,1095.2,-264.9
2026-09-07T03:38:22.691Z,-68.75,5.5,1091.8,-271.3
2026-09-07T03:38:49.092Z,-68.75,5.5,1092.2,-273.3
2026-09-07T03:39:03.972Z,-68.75,5.49,1095.4,-269.9
2026-09-07T03:39:18.916Z,-68.75,5.48,1095.4,-270.3
2026-09-07T03:39:34.148Z,-68.75,5.49,1095.5,-269.4
2026-09-07T03:39:48.771Z,-68.75,5.5,1092.4,-271.6
2026-09-07T03:40:03.780Z,-68.75,5.49,1095.4,-265.4
2026-09-07T03:40:18.403Z,-68.75,5.48,1094.6,-272.5
2026-09-07T03:40:33.443Z,-68.75,5.49,1095.4,-269.1
2026-09-07T03:40:48.131Z,-68.75,5.48,1095.4,-266.5
2026-09-07T03:41:02.723Z,-68.75,5.48,1095.4,-268.2
2026-09-07T03:41:17.923Z,-68.75,5.47,1095.4,-268.9
2026-09-07T03:41:32.515Z,-68.75,5.47,1095.5,-270.1
2026-09-07T03:41:47.971Z,-68.75,5.46,1095.5,-270
2026-09-07T03:42:02.595Z,-68.75,5.48,1095.3,-268.4
2026-09-07T03:42:17.731Z,-68.75,5.5,1095.4,-273.3
2026-09-07T03:42:32.291Z,-68.75,5.5,1094.8,-268.4
2026-09-07T03:42:46.948Z,-68.75,5.49,1095.4,-270.3
2026-09-07T03:43:01.956Z,-68.75,5.48,1095.3,-266.5
2026-09-07T03:43:16.612Z,-68.75,5.48,1095.5,-269.8
2026-09-07T03:43:31.235Z,-68.75,5.51,1092.2,-271.6
2026-09-07T03:43:46.019Z,-68.75,5.49,1094.2,-269.4
2026-09-07T03:44:00.612Z,-68.75,5.51,1091.8,-271.1
2026-09-07T03:44:16.163Z,-68.75,5.5,1093,-271.5
2026-09-07T03:44:30.756Z,-68.75,5.49,1095.4,-259.9
2026-09-07T03:44:45.892Z,-68.75,5.49,1093.6,-259.7
2026-09-07T03:45:00.548Z,-68.75,5.51,1094,-261.2
2026-09-07T03:45:15.203Z,-68.75,5.51,1092.3,-262
2026-09-07T03:45:30.339Z,-68.75,5.5,1093.1,-267
2026-09-07T03:45:45.412Z,-68.75,5.51,1092.8,-263.1
2026-09-07T03:46:00.100Z,-68.75,5.49,1095.4,-263.8
2026-09-07T03:46:14.756Z,-68.75,5.53,1091.8,-263.1
2026-09-07T03:46:29.956Z,-68.75,5.48,1095.4,-263.7
2026-09-07T03:46:44.908Z,-68.75,5.5,1095.4,-264.4
2026-09-07T03:46:59.524Z,-68.75,5.51,1091.9,-264.9
2026-09-07T03:54:29.444Z,-68.75,5.48,1094.8,-256.8
2026-09-07T03:54:45.347Z,-68.75,5.48,1091.4,-266.5
2026-09-07T03:55:00.003Z,-68.75,5.48,1092,-264.2
2026-09-07T03:55:14.595Z,-68.75,5.47,1093,-269.8
2026-09-07T03:55:29.283Z,-68.75,5.47,1092.8,-268.6
2026-09-07T03:55:44.003Z,-68.75,5.47,1095.1,-262.1
2026-09-07T03:55:59.043Z,-68.75,5.46,1095.2,-262.8
2026-09-07T03:56:13.764Z,-68.75,5.48,1092.8,-265.1
2026-09-07T03:56:28.451Z,-68.75,5.46,1094.4,-264.9
2026-09-07T03:56:43.683Z,-68.75,5.47,1092.9,-267.7
2026-09-07T03:56:58.307Z,-68.75,5.47,1092.9,-273.3
2026-09-07T03:57:13.443Z,-68.75,5.45,1095,-265.2
2026-09-07T04:01:05.827Z,-68.75,5.48,1095.3,-269.1
2026-09-07T04:01:21.859Z,-68.75,5.5,1091.6,-268.4
2026-09-07T04:01:36.579Z,-68.75,5.48,1095,-266.8
2026-09-07T04:01:51.172Z,-68.75,5.49,1091.2,-268.7
2026-09-07T04:02:05.827Z,-68.75,5.48,1092.2,-265.9
2026-09-07T04:02:20.516Z,-68.75,5.48,1093.3,-265.8
2026-09-07T04:02:35.460Z,-68.75,5.48,1092.7,-263
2026-09-07T04:02:49.955Z,-68.75,5.48,1093.2,-264.9
2026-09-07T04:03:06.115Z,-68.75,5.47,1094.4,-265.8
2026-09-07T04:03:20.708Z,-68.75,5.44,1095,-263.8
2026-09-07T04:03:35.715Z,-68.75,5.44,1095.2,-269.4
2026-09-07T04:03:50.275Z,-68.75,5.49,1091.7,-268.9
2026-09-07T04:04:04.867Z,-68.75,5.49,1091.7,-268
2026-09-07T04:04:19.491Z,-68.75,5.48,1095,-268.1
2026-09-07T04:04:34.980Z,-68.75,5.5,1092.2,-268.7
2026-09-07T04:04:50.532Z,-68.75,5.47,1095.2,-266.6
2026-09-07T04:05:05.156Z,-68.75,5.5,1091.6,-271.1
2026-09-07T04:05:19.748Z,-68.75,5.5,1095.2,-263.8
2026-09-07T04:05:34.439Z,-68.75,5.49,1094.4,-268
2026-09-07T04:05:49.028Z,-68.75,5.5,1092.1,-267
2026-09-07T04:06:04.420Z,-68.75,5.5,1092,-269.1
2026-09-07T04:06:19.044Z,-68.75,5.48,1095.2,-264.6
2026-09-07T04:07:06.156Z,-68.75,5.49,1095,-267.9
2026-09-07T04:07:21.251Z,-68.75,5.5,1091.6,-265.3
2026-09-07T04:07:35.843Z,-68.75,5.49,1092.6,-267.7
2026-09-07T04:07:50.472Z,-68.75,5.46,1093.5,-269.1
2026-09-07T04:08:05.412Z,-68.75,5.45,1095,-267.6
2026-09-07T04:08:20.035Z,-68.75,5.46,1094.7,-265.6
2026-09-07T04:08:35.075Z,-68.75,5.47,1093,-268.1
2026-09-07T04:09:01.287Z,-68.75,5.44,1094.2,-266
2026-09-07T04:09:15.812Z,-68.75,5.44,1094.4,-268
2026-09-07T04:09:30.375Z,-68.75,5.46,1091.6,-272.6
2026-09-07T04:09:45.700Z,-68.75,5.46,1092.6,-270.8
2026-09-07T04:10:00.355Z,-68.75,5.43,1093.8,-271.3
2026-09-07T04:10:14.916Z,-68.75,5.46,1092,-273.5
2026-09-07T04:10:29.540Z,-68.75,5.46,1092.4,-272.5
2026-09-07T04:10:44.132Z,-68.75,5.43,1095,-270.7
2026-09-07T04:10:59.172Z,-68.75,5.47,1091.2,-270.1
2026-09-07T04:11:13.796Z,-68.75,5.47,1093.4,-271.6
2026-09-07T04:11:28.388Z,-68.75,5.48,1091,-271.4
2026-09-07T04:11:43.076Z,-68.75,5.47,1092.6,-272.9
2026-09-07T04:11:57.731Z,-68.75,5.46,1094,-266.5
2026-09-07T04:12:12.804Z,-68.75,5.45,1095,-268.2
2026-09-07T04:12:27.395Z,-68.75,5.45,1094.4,-273.4
2026-09-07T04:12:42.155Z,-68.75,5.48,1091.8,-276.7
2026-09-07T04:12:56.715Z,-68.75,5.49,1091.6,-274.8
2026-09-07T04:13:11.355Z,-68.75,5.47,1092.8,-274
2026-09-07T04:13:37.291Z,-68.75,5.48,1093.2,-275.9
2026-09-07T04:15:07.123Z,-68.75,5.51,1092.1,-272.6
2026-09-07T04:15:23.043Z,-68.75,5.48,1093.8,-270.7
2026-09-07T04:15:37.667Z,-68.75,5.48,1095,-270.2
2026-09-07T04:15:52.419Z,-68.75,5.51,1091.2,-270.9
2026-09-07T04:16:07.587Z,-68.75,5.49,1093.6,-267
2026-09-07T04:16:22.275Z,-68.75,5.48,1092.4,-271.9
2026-09-07T04:16:37.699Z,-66.69,5.45,1092.8,-292
2026-09-07T04:16:52.291Z,-64.81,5.49,1093.8,-304.1
2026-09-07T04:17:06.884Z,-67.56,5.47,1091.4,-282.1
2026-09-07T04:17:21.475Z,-68.75,5.45,1094.1,-272.3
2026-09-07T04:17:36.068Z,-68.75,5.48,1092.8,-272.6
2026-09-07T04:17:51.235Z,-68.75,5.45,1095,-269.6
2026-09-07T04:18:05.795Z,-68.75,5.46,1095,-271.1
2026-09-07T04:18:20.451Z,-68.75,5.46,1093.5,-273.2
2026-09-07T04:18:35.012Z,-68.75,5.5,1094.3,-271.4
2026-09-07T04:18:49.604Z,-68.75,5.48,1095,-266.5
2026-09-07T04:19:04.547Z,-68.75,5.49,1094.5,-268.7
2026-09-07T04:19:19.179Z,-68.75,5.49,1092.7,-271.2
2026-09-07T04:19:33.795Z,-68.75,5.5,1093.8,-269.7
2026-09-07T04:19:48.483Z,-68.75,5.5,1093.6,-268
2026-09-07T04:20:24.740Z,-68.75,5.5,1091.4,-266.9
2026-09-07T04:20:40.067Z,-68.75,5.5,1093.6,-266.6
2026-09-07T04:20:54.755Z,-68.75,5.49,1095,-264.2
2026-09-07T04:21:09.316Z,-68.75,5.51,1091.1,-267.4
2026-09-07T04:21:23.908Z,-68.75,5.5,1093.1,-266.5
2026-09-07T04:21:38.468Z,-68.75,5.51,1092.6,-265.1
2026-09-07T04:21:54.243Z,-68.75,5.5,1092.8,-269.1
2026-09-07T04:22:08.963Z,-68.75,5.51,1091.4,-266.9
2026-09-07T04:22:23.587Z,-68.75,5.51,1091.2,-267
2026-09-07T04:22:38.179Z,-68.75,5.48,1094.6,-269.1
2026-09-07T04:22:53.067Z,-68.75,5.5,1091.6,-268
2026-09-07T04:23:08.099Z,-68.75,5.51,1092.8,-265.8
2026-09-07T04:23:22.595Z,-68.75,5.49,1095,-267.5
2026-09-07T04:23:37.219Z,-68.75,5.51,1092.8,-267.2
2026-09-07T04:23:51.876Z,-68.75,5.5,1092.9,-263.4
2026-09-07T04:24:06.468Z,-68.75,5.47,1094.8,-266.5
2026-09-07T04:24:22.115Z,-68.75,5.49,1092.4,-268.2
2026-09-07T04:24:36.740Z,-68.75,5.47,1094.8,-264.9
2026-09-07T04:24:51.395Z,-68.75,5.47,1094.9,-265.4
2026-09-07T04:25:06.532Z,-68.75,5.48,1094.9,-269
2026-09-07T04:25:21.092Z,-68.75,5.49,1092.8,-269.3
2026-09-07T04:25:36.132Z,-68.75,5.5,1094.8,-267
2026-09-07T04:25:51.267Z,-68.75,5.47,1094.2,-267.3
2026-09-07T04:26:05.924Z,-68.75,5.51,1091.8,-266.8
2026-09-07T04:26:20.548Z,-68.75,5.5,1094.6,-266.3
2026-09-07T04:26:36.163Z,-68.75,5.48,1094.7,-267
2026-09-07T04:26:50.787Z,-68.75,5.5,1090.7,-267.7
2026-09-07T04:27:05.379Z,-68.75,5.5,1092,-268.6
2026-09-07T04:27:19.971Z,-68.75,5.45,1091.6,-274.2
2026-09-07T04:27:34.659Z,-68.75,5.44,1094.1,-267.4
2026-09-07T04:27:50.243Z,-68.75,5.46,1091.8,-270.1
2026-09-07T04:28:04.900Z,-68.75,5.45,1094.2,-266.5
2026-09-07T04:28:19.491Z,-68.75,5.44,1093.2,-274.2
2026-09-07T04:28:34.531Z,-68.75,5.47,1091.6,-270.4
2026-09-07T04:28:49.123Z,-68.75,5.45,1094.6,-268.7
2026-09-07T04:29:04.131Z,-68.75,5.48,1094.4,-269.8
2026-09-07T04:29:18.811Z,-68.75,5.48,1092.2,-273.2
2026-09-07T04:29:44.331Z,-68.75,5.5,1091.5,-270.6
2026-09-07T04:30:20.715Z,-68.75,5.5,1091,-268.8
2026-09-07T04:30:35.715Z,-68.75,5.5,1091.4,-268.7
2026-09-07T04:30:50.323Z,-68.75,5.46,1094.4,-268.6
2026-09-07T04:31:05.203Z,-68.75,5.49,1093.2,-267.2
2026-09-07T04:31:20.283Z,-68.75,5.5,1092.4,-268.9
2026-09-07T04:39:58.571Z,-68.75,5.5,1092.1,-266.8
2026-09-07T04:40:26.243Z,-68.75,5.52,1090.3,-269.1
2026-09-07T04:40:40.835Z,-68.75,5.46,1094,-263.2
2026-09-07T04:40:55.523Z,-68.75,5.51,1090,-270.1
2026-09-07T04:41:10.115Z,-68.75,5.49,1093.6,-261.6
2026-09-07T04:41:24.995Z,-68.75,5.51,1090.2,-267.4
2026-09-07T04:41:40.180Z,-68.75,5.48,1092.8,-268.8
2026-09-07T04:41:54.876Z,-68.75,5.51,1091,-266.3
2026-09-07T04:45:49.859Z,-68.75,5.49,1091,-264.1
2026-09-07T04:46:05.763Z,-68.75,5.47,1094,-268
2026-09-07T04:46:20.355Z,-68.75,5.48,1093.2,-271.8
2026-09-07T04:46:35.044Z,-68.75,5.46,1092.4,-266.7
2026-09-07T04:46:49.635Z,-68.75,5.43,1093.8,-269.3
2026-09-07T04:53:27.171Z,-68.75,5.43,1093.6,-273.3
2026-09-07T04:53:44.067Z,-68.75,5.44,1091.2,-283.5
2026-09-07T04:53:58.819Z,-68.75,5.44,1092,-276.2
2026-09-07T04:58:35.716Z,-68.75,5.48,1093.9,-264.2
2026-09-07T04:58:51.652Z,-68.75,5.47,1092,-268.4
2026-09-07T04:59:06.307Z,-68.75,5.45,1093.6,-267.4
2026-09-07T04:59:20.900Z,-68.75,5.47,1091.6,-269.5
2026-09-07T04:59:35.492Z,-68.75,5.48,1089.6,-272.6
2026-09-07T04:59:50.148Z,-68.75,5.47,1091.2,-269.8
2026-09-07T05:00:05.187Z,-68.75,5.46,1093.7,-267.9
2026-09-07T05:00:20.611Z,-68.75,5.48,1090.2,-267.5
2026-09-07T05:00:35.331Z,-68.75,5.46,1093.8,-266.2
2026-09-07T05:00:50.819Z,-68.75,5.48,1089.4,-268.7
2026-09-07T05:01:06.435Z,-68.75,5.46,1093.6,-268.4
2026-09-07T05:01:21.156Z,-68.75,5.46,1091.2,-272.3
2026-09-07T05:01:35.779Z,-68.75,5.48,1090,-273.3
2026-09-07T05:01:50.403Z,-68.75,5.46,1093.6,-270.1
2026-09-07T05:02:05.155Z,-68.75,5.48,1093.2,-269.7
2026-09-07T05:02:20.579Z,-68.75,5.48,1091.4,-271.2
2026-09-07T05:02:35.203Z,-68.75,5.46,1091.8,-268.7
2026-09-07T05:02:49.731Z,-68.75,5.46,1093.3,-266.2
2026-09-07T05:03:04.516Z,-68.75,5.46,1092.7,-267.2
2026-09-07T05:03:19.172Z,-68.75,5.48,1089.2,-270.8
2026-09-07T05:03:34.307Z,-68.75,5.48,1088.7,-272.6
2026-09-07T05:03:48.996Z,-68.75,5.46,1090.4,-271.8
2026-09-07T05:04:03.747Z,-68.75,5.42,1092.7,-274.3
2026-09-07T05:04:18.472Z,-68.75,5.41,1092,-278.2
2026-09-07T05:04:33.187Z,-68.75,5.41,1092.4,-277.7
2026-09-07T05:04:48.259Z,-68.75,5.44,1089,-283.1
2026-09-07T05:05:03.587Z,-68.75,5.4,1092.8,-276.5
2026-09-07T05:05:18.275Z,-68.75,5.45,1088.8,-281.3
2026-09-07T05:05:32.996Z,-68.75,5.44,1093.1,-273.6
2026-09-07T05:05:48.484Z,-68.75,5.45,1088.6,-280.9
2026-09-07T05:06:03.396Z,-68.75,5.4,1093,-273
2026-09-07T05:06:18.139Z,-68.75,5.47,1089.3,-275.3
2026-09-07T05:07:16.787Z,-68.75,5.46,1089.8,-274.8
2026-09-07T05:11:03.683Z,-68.75,5.46,1093.4,-272.3
2026-09-07T05:11:30.051Z,-68.75,5.46,1093,-268.6
2026-09-07T05:11:44.835Z,-68.75,5.47,1090.2,-268.8
2026-09-07T05:11:59.715Z,-68.75,5.46,1089.7,-274.7
2026-09-07T05:12:14.435Z,-68.75,5.47,1089.7,-274.8
2026-09-07T05:12:29.635Z,-68.75,5.46,1091.8,-267.3
2026-09-07T05:12:44.327Z,-68.75,5.46,1093.4,-265.5
2026-09-07T05:12:59.043Z,-68.75,5.48,1093.1,-270.1
2026-09-07T05:13:13.860Z,-68.75,5.47,1093.3,-265.8
2026-09-07T05:13:28.483Z,-68.75,5.48,1092.2,-266.5
2026-09-07T05:13:43.588Z,-68.75,5.49,1090.6,-274.8
2026-09-07T05:13:58.211Z,-68.75,5.47,1093.3,-269.9
2026-09-07T05:14:12.932Z,-68.75,5.48,1093.6,-267.7
2026-09-07T05:14:27.843Z,-68.75,5.5,1089.7,-269
2026-09-07T05:14:42.787Z,-68.75,5.5,1090.2,-266.3
2026-09-07T05:14:57.891Z,-68.75,5.49,1091,-268.1
2026-09-07T05:15:12.548Z,-68.75,5.46,1093,-268.9
2026-09-07T05:15:27.363Z,-68.75,5.5,1090,-269.9
2026-09-07T05:15:41.988Z,-68.75,5.5,1088.4,-271.9
2026-09-07T05:15:56.708Z,-68.75,5.45,1093.4,-264
2026-09-07T05:16:11.716Z,-68.75,5.44,1093.3,-268
2026-09-07T05:16:26.371Z,-68.75,5.48,1090.3,-266.6
2026-09-07T05:16:41.028Z,-68.75,5.47,1093.4,-264.4
2026-09-07T05:16:55.684Z,-68.75,5.47,1090.8,-270.3
2026-09-07T05:17:10.472Z,-68.75,5.48,1089.8,-275.5
2026-09-07T05:17:25.571Z,-68.75,5.48,1091,-265.6
2026-09-07T05:17:40.707Z,-68.75,5.44,1093.2,-263.5
2026-09-07T05:17:55.491Z,-68.75,5.48,1089.6,-270.6
2026-09-07T05:18:10.083Z,-68.75,5.48,1093.4,-264.8
2026-09-07T05:18:24.772Z,-68.75,5.48,1092.6,-264.6
2026-09-07T05:18:39.876Z,-68.75,5.48,1089.4,-270.4
2026-09-07T05:20:21.259Z,-68.75,5.45,1093.2,-266.3
2026-09-07T05:20:47.788Z,-68.75,5.48,1088.4,-271.1
2026-09-07T05:21:02.404Z,-68.75,5.46,1091.8,-268
2026-09-07T05:21:17.219Z,-68.75,5.46,1092,-268.1
2026-09-07T05:21:32.419Z,-68.75,5.47,1089.4,-265.2
2026-09-07T05:21:47.683Z,-68.75,5.46,1088.8,-274.7
2026-09-07T05:22:02.339Z,-68.75,5.44,1088.2,-270.8
2026-09-07T05:22:17.731Z,-68.75,5.42,1091,-271.1
2026-09-07T05:22:32.475Z,-68.75,5.46,1089.6,-268
2026-09-07T05:22:47.124Z,-68.75,5.47,1090.4,-266.9
2026-09-07T05:23:13.683Z,-68.75,5.47,1089.6,-267
2026-09-07T05:26:52.036Z,-68.75,5.49,1088.2,-266.6
2026-09-07T05:27:07.907Z,-68.75,5.47,1089.7,-266.3
2026-09-07T05:27:22.659Z,-68.75,5.44,1089.8,-271.6
2026-09-07T05:27:37.315Z,-68.75,5.42,1092.6,-267
2026-09-07T05:27:51.971Z,-68.75,5.45,1090.9,-271.8
2026-09-07T05:28:07.267Z,-68.75,5.46,1089.8,-270.3
2026-09-07T05:28:22.339Z,-68.75,5.47,1088.4,-274.4
2026-09-07T05:28:36.963Z,-68.75,5.47,1091.8,-270.5
2026-09-07T05:28:51.683Z,-68.75,5.46,1090.3,-266.3
2026-09-07T05:29:06.371Z,-68.75,5.47,1088.3,-274.8
2026-09-07T05:29:21.187Z,-68.75,5.44,1092.8,-269.3
2026-09-07T05:29:36.259Z,-68.75,5.46,1088.5,-275.9
2026-09-07T05:29:51.012Z,-68.75,5.46,1090.8,-275.7
2026-09-07T05:30:05.732Z,-68.75,5.45,1092.8,-271.8
2026-09-07T05:30:20.515Z,-68.75,5.44,1092.8,-269
2026-09-07T05:30:35.235Z,-68.75,5.46,1092.8,-274.4
2026-09-07T05:30:50.883Z,-68.75,5.45,1089.4,-276.5
2026-09-07T05:35:16.804Z,-68.75,5.45,1092.2,-270
2026-09-07T05:35:32.804Z,-68.75,5.45,1092.3,-272.6
2026-09-07T05:35:47.684Z,-68.75,5.45,1092.5,-271.6
2026-09-07T05:36:02.820Z,-68.75,5.46,1089.5,-272.5
2026-09-07T05:36:17.467Z,-68.75,5.47,1089,-271.9
2026-09-07T05:42:27.331Z,-68.75,5.45,1089.8,-266.5
2026-09-07T05:42:55.915Z,-68.75,5.46,1089,-269.9
2026-09-07T05:49:42.820Z,-68.75,5.47,1090.5,-263
2026-09-07T05:49:59.171Z,-68.75,5.49,1086.5,-265.1
2026-09-07T05:50:14.275Z,-68.75,5.49,1089.5,-261.6
2026-09-07T05:50:29.123Z,-68.75,5.49,1091.1,-262.7
2026-09-07T05:50:44.003Z,-68.75,5.48,1092.2,-267.7
2026-09-07T05:50:59.492Z,-68.75,5.49,1089.9,-262
2026-09-07T05:51:14.819Z,-68.75,5.49,1087.8,-264.2
2026-09-07T05:51:40.627Z,-68.75,5.5,1088.6,-263
2026-09-07T06:02:17.955Z,-65.81,5.5,1085.4,-287
2026-09-07T06:02:34.947Z,-68.75,5.5,1086.3,-258.1
2026-09-07T06:02:49.731Z,-68.75,5.5,1083.9,-259.1
2026-09-07T06:03:05.155Z,-68.75,5.46,1090.1,-259.7
2026-09-07T06:03:20.099Z,-68.75,5.46,1089.7,-261.6
2026-09-07T06:03:35.299Z,-68.75,5.47,1088.2,-264.9
2026-09-07T06:03:50.179Z,-68.75,5.45,1087.6,-265.3
2026-09-07T06:04:05.315Z,-68.75,5.46,1087.4,-267.2
2026-09-07T06:04:20.515Z,-68.75,5.49,1084.4,-264.5
2026-09-07T06:04:35.683Z,-68.75,5.46,1089.2,-266.1
2026-09-07T06:04:50.500Z,-68.75,5.49,1085.3,-261.1
2026-09-07T06:05:05.283Z,-68.75,5.49,1086.6,-268.6
2026-09-07T06:05:20.195Z,-68.75,5.49,1084.3,-268.2
2026-09-07T06:05:35.907Z,-68.75,5.5,1084.6,-262.3
2026-09-07T06:10:56.004Z,-23.56,5.47,1082.4,244556.1
2026-09-07T06:11:13.027Z,2.5,5.43,1084,311
2026-09-07T06:11:27.235Z,9.25,5.4,1086.3,250.4
2026-09-07T06:11:41.603Z,0.81,5.43,1081.9,333.4
2026-09-07T06:11:56.003Z,6.69,5.41,1086.4,270.6
2026-09-07T06:12:10.339Z,7.81,5.42,1085.5,261.5
2026-09-07T06:12:25.027Z,-1.25,5.36,1086.8,361.4
2026-09-07T06:12:39.299Z,-19.94,5.36,1086.8,5910.7
2026-09-07T06:12:54.691Z,-25.06,5.38,1082.9,-4306162117.7
2026-09-07T06:13:22.083Z,-37.81,5.38,1084,-1694.7
2026-09-07T06:13:37.220Z,-52.12,5.41,1082.6,-524.5
2026-09-07T06:13:52.451Z,-55.12,5.4,1087.2,-445.2
2026-09-07T06:14:07.267Z,-56.31,5.38,1086,-429.7
2026-09-07T06:14:22.147Z,-53.19,5.39,1085.8,-477.6
2026-09-07T06:14:37.411Z,-66.19,5.42,1084.4,-297.2
2026-09-07T06:14:52.355Z,-67.56,5.39,1086.2,-283
2026-09-07T06:15:07.811Z,-68.75,5.39,1087.8,-276
2026-09-07T06:15:22.692Z,-68.75,5.43,1081.7,-287.6
2026-09-07T06:15:40.644Z,-68.75,5.4,1084,-279.4
2026-09-07T06:15:55.428Z,-68.75,5.41,1085,-279
2026-09-07T06:16:10.179Z,-68.75,5.43,1081.8,-284.5
2026-09-07T06:16:24.867Z,-68.75,5.4,1085.1,-281.8
2026-09-07T06:16:40.035Z,-68.75,5.4,1086.1,-283.1
2026-09-07T06:16:54.948Z,-68.75,5.4,1084.8,-280.8
2026-09-07T06:17:09.700Z,-68.75,5.42,1085,-279.3
2026-09-07T06:17:24.387Z,-68.75,5.42,1083.4,-284.7
2026-09-07T06:17:39.203Z,-68.75,5.43,1082,-287.5
2026-09-07T06:17:54.339Z,-68.75,5.4,1087.2,-284.2
2026-09-07T06:18:09.219Z,-66.75,5.41,1083,-302.6
2026-09-07T06:18:24.195Z,-68.75,5.39,1086,-276.7
2026-09-07T06:18:39.108Z,-65.56,5.39,1085.7,-307.8
2026-09-07T06:18:53.827Z,-60.81,5.39,1085.8,-350.4
2026-09-07T06:19:09.251Z,-66.5,5.4,1085.3,-296.3
2026-09-07T06:19:24.035Z,-63.62,5.42,1082.8,-320.6
2026-09-07T06:19:38.755Z,-64.06,5.38,1085.9,-320.3
2026-09-07T06:19:53.443Z,-68.75,5.39,1086,-277
2026-09-07T06:20:08.259Z,-64.62,5.41,1084.5,-309.7
2026-09-07T06:20:24.003Z,-68.75,5.41,1085.1,-275
2026-09-07T06:20:38.915Z,-68.75,5.42,1083.6,-278.2
2026-09-07T06:20:53.732Z,-63.56,5.42,1080,-325.2
2026-09-07T06:21:08.932Z,-68.75,5.42,1081.9,-278.2
2026-09-07T06:21:24.164Z,-63.31,5.43,1080.2,-332.9
2026-09-07T06:21:38.948Z,-68.5,5.41,1082.5,-273.3
2026-09-07T06:21:53.795Z,-65.38,5.42,1080.2,-318.5
2026-09-07T06:22:08.579Z,-67.38,5.43,1080.6,-294.8
2026-09-07T06:22:23.331Z,-68.06,5.42,1083.4,-277.4
2026-09-07T06:22:38.531Z,-66.44,5.4,1085.1,-296.4
2026-09-07T06:22:53.731Z,-50.19,5.42,1080,-584.6
2026-09-07T06:23:08.419Z,-50.5,5.38,1084.8,-552.8
2026-09-07T06:23:23.235Z,-57.75,5.42,1080.8,-404.7
2026-09-07T06:23:38.884Z,-65.06,5.42,1083.8,-309.2
2026-09-07T06:23:53.764Z,-61.19,5.4,1085.2,-355.8
2026-09-07T06:24:08.547Z,-65.44,5.41,1083.5,-309.2
2026-09-07T06:24:23.780Z,-68.5,5.43,1081.8,-279.1
2026-09-07T06:24:38.883Z,-68.75,5.38,1085.2,-276.7
2026-09-07T06:24:53.636Z,-68.75,5.42,1084.8,-276.2
2026-09-07T06:25:08.355Z,-68.75,5.4,1085.5,-272.3
2026-09-07T06:25:22.980Z,-68.75,5.42,1085.4,-274.7
2026-09-07T06:25:37.987Z,-68.75,5.4,1085.7,-271.6
2026-09-07T06:25:53.188Z,-68.75,5.4,1084.2,-276.2
2026-09-07T06:26:07.971Z,-68.75,5.4,1085.8,-269.4
2026-09-07T06:26:23.172Z,-68.75,5.43,1082.6,-277.5
2026-09-07T06:26:37.987Z,-68.75,5.43,1081.4,-279.2
2026-09-07T06:26:53.219Z,-68.75,5.43,1086,-268.7
2026-09-07T06:27:08.035Z,-68.75,5.42,1086.1,-270.5
2026-09-07T06:27:22.820Z,-68.75,5.42,1084.4,-274.8
2026-09-07T06:27:37.699Z,-68.75,5.41,1085.1,-275.4
2026-09-07T06:27:52.548Z,-68.75,5.43,1084.6,-277.9
2026-09-07T06:28:07.588Z,-68.75,5.42,1086.1,-269
2026-09-07T06:28:22.404Z,-68.75,5.42,1083.6,-275.3
2026-09-07T06:28:37.028Z,-68.75,5.41,1085.9,-271.1
2026-09-07T06:28:52.580Z,-68.75,5.44,1082.3,-275.2
2026-09-07T06:29:07.943Z,-68.75,5.42,1084.4,-279.6
2026-09-07T06:29:22.756Z,-68.75,5.42,1085.2,-263.5
2026-09-07T06:29:37.411Z,-68.75,5.4,1086,-275.5
2026-09-07T06:29:52.227Z,-68.75,5.43,1086.6,-263.7
2026-09-07T06:30:07.076Z,-68.75,5.41,1085.1,-276.9
2026-09-07T06:30:22.115Z,-68.75,5.42,1082.7,-275
2026-09-07T06:30:36.932Z,-68.75,5.44,1083.2,-272.7
2026-09-07T06:30:52.227Z,-68.75,5.45,1081.6,-274
2026-09-07T06:31:07.171Z,-68.75,5.44,1082.6,-277.4
2026-09-07T06:31:22.563Z,-68.75,5.41,1086.6,-267.3
2026-09-07T06:31:38.211Z,-68.75,5.43,1085.4,-269.5
2026-09-07T06:31:53.059Z,-68.75,5.45,1086.4,-264.2
2026-09-07T06:32:07.939Z,-68.75,5.43,1083.5,-269.7
2026-09-07T06:32:23.235Z,-68.75,5.43,1083,-270.8
2026-09-07T06:32:38.179Z,-68.75,5.44,1082,-275.5
2026-09-07T06:32:53.379Z,-68.75,5.43,1084.1,-272.2
2026-09-07T06:33:08.323Z,-68.75,5.41,1085.8,-271.1
2026-09-07T06:33:23.587Z,-68.75,5.44,1082.2,-274.8
2026-09-07T06:33:38.468Z,-68.75,5.45,1082.4,-270.9
2026-09-07T06:33:53.315Z,-68.75,5.42,1085.9,-267.7
2026-09-07T06:34:08.195Z,-68.75,5.44,1085,-271.9
2026-09-07T06:34:22.916Z,-68.75,5.43,1086.4,-273.5
2026-09-07T06:34:38.628Z,-68.75,5.44,1082.5,-275.4
2026-09-07T06:34:53.444Z,-68.75,5.44,1082.4,-278.3
2026-09-07T06:35:08.355Z,-68.75,5.4,1086.5,-271.5
2026-09-07T06:35:23.235Z,-68.75,5.43,1083.7,-270.5
2026-09-07T06:35:38.531Z,-68.75,5.42,1085.4,-273
2026-09-07T06:35:53.379Z,-68.75,5.44,1083.9,-272.3
2026-09-07T06:36:08.804Z,-68.75,5.44,1085.6,-271.5
2026-09-07T06:36:23.588Z,-68.75,5.43,1083.5,-272.9
2026-09-07T06:36:38.852Z,-68.75,5.45,1082.8,-259.9
2026-09-07T06:36:53.667Z,-68.75,5.41,1084.8,-259.8
2026-09-07T06:37:08.675Z,-68.75,5.42,1082.4,-265.3
2026-09-07T06:37:23.588Z,-68.75,5.42,1082.6,-264.8
2026-09-07T06:37:38.884Z,-68.75,5.43,1084.6,-259.9
2026-09-07T06:37:53.892Z,-66.56,5.42,1085.6,-282.2
2026-09-07T06:38:08.739Z,-64.75,5.44,1082.3,-304.4
2026-09-07T06:38:24.804Z,-61.62,5.44,1081.9,-329.4
2026-09-07T06:38:39.844Z,-60.31,5.4,1086.6,-351.6
2026-09-07T06:38:54.660Z,-55.62,5.42,1086.4,-410.8
2026-09-07T06:39:09.923Z,-42.38,5.41,1086.6,-950.8
2026-09-07T06:39:24.740Z,-44.38,5.4,1084.6,-809.9
2026-09-07T06:39:40.067Z,-49.5,5.43,1082.4,-574.2
2026-09-07T06:39:54.756Z,-50.06,5.41,1084.7,-547.3
2026-09-07T06:40:09.540Z,-49.56,5.42,1083.8,-583
2026-09-07T06:40:24.516Z,-48.56,5.42,1082,-619
2026-09-07T06:40:39.331Z,-42.88,5.41,1086.6,-899.1
2026-09-07T06:40:54.596Z,-45.69,5.43,1083.2,-735.6
2026-09-07T06:41:09.379Z,-48.62,5.4,1086.6,-607.7
2026-09-07T06:41:24.067Z,-43.69,5.42,1082.8,-855.7
2026-09-07T06:41:38.947Z,-47.19,5.44,1083.4,-654.8
2026-09-07T06:41:53.699Z,-51.44,5.41,1086.4,-519.3
2026-09-07T06:42:09.251Z,-51.94,5.4,1087,-506.5
2026-09-07T06:42:23.971Z,-51.31,5.44,1082.8,-533.4
2026-09-07T06:42:38.723Z,-49.69,5.44,1083.8,-570.3
2026-09-07T06:42:53.636Z,-52.44,5.42,1086.4,-499.5
2026-09-07T06:43:08.451Z,-55.12,5.41,1085.8,-441
2026-09-07T06:43:34.691Z,-53.12,5.43,1083.6,-486.4
2026-09-07T06:43:49.379Z,-57.19,5.41,1086.2,-405.3
2026-09-07T06:44:04.132Z,-55.12,5.42,1087,-430.1
2026-09-07T06:44:18.884Z,-60.88,5.41,1087,-343.6
2026-09-07T06:44:34.052Z,-57.75,5.45,1083.3,-391.7
2026-09-07T06:44:48.708Z,-57.62,5.41,1087.2,-394.4
2026-09-07T06:45:03.396Z,-62.38,5.44,1084.7,-324.3
2026-09-07T06:45:18.307Z,-57.56,5.41,1086.4,-391.7
2026-09-07T06:45:33.155Z,-65,5.43,1083.6,-308
2026-09-07T06:45:48.259Z,-59.44,5.43,1082.6,-376.8
2026-09-07T06:46:03.459Z,-60.62,5.42,1085,-358.5
2026-09-07T06:46:18.275Z,-64.81,5.42,1083.6,-310.9
2026-09-07T06:46:33.283Z,-63.31,5.41,1085.2,-324.5
2026-09-07T06:46:48.964Z,-59.44,5.37,1086.4,-376.2
2026-09-07T06:47:03.715Z,-61.88,5.42,1083.5,-340.3
2026-09-07T06:47:18.519Z,-51.31,5.39,1086,-532.5
2026-09-07T06:47:33.219Z,-45.06,5.4,1086.8,-763.9
2026-09-07T06:47:48.420Z,-50.06,5.43,1082.6,-585.8
2026-09-07T06:48:03.108Z,-49.69,5.42,1084.2,-572.8
2026-09-07T06:48:17.956Z,-51.56,5.43,1083,-535.5
2026-09-07T06:48:32.836Z,-50.69,5.42,1086,-536.5
2026-09-07T06:48:47.844Z,-53.31,5.42,1082.5,-490.6
2026-09-07T06:49:03.139Z,-48.56,5.41,1085.2,-624.5
2026-09-07T06:49:18.020Z,-52.56,5.4,1086.7,-514.2
2026-09-07T06:49:32.900Z,-58,5.41,1087,-393.5
2026-09-07T06:49:48.227Z,-56.44,5.41,1083.6,-432.6
2026-09-07T06:50:03.492Z,-58.62,5.41,1086.4,-395.1
2026-09-07T06:50:18.243Z,-63.44,5.43,1084.4,-328.4
2026-09-07T06:50:33.187Z,-60.31,5.44,1084.2,-365.8
2026-09-07T06:50:49.859Z,-47.88,5.42,1087.2,-650.7
2026-09-07T06:51:07.331Z,-35,5.42,1084,-2617.2
2026-09-07T06:51:27.075Z,-31.69,5.4,1087.2,-5879.9
2026-09-07T06:51:43.428Z,-23.69,5.43,1087.6,356246.9
2026-09-07T06:52:02.020Z,-30,5.44,1082.6,-12103
2026-09-07T06:52:19.747Z,-39.12,5.42,1083.8,-1436.1
2026-09-07T06:52:38.500Z,-48.88,5.42,1087.9,-596.1
2026-09-07T06:52:55.780Z,-52.31,5.44,1085,-496.5
2026-09-07T06:53:12.772Z,-62.38,5.44,1086.2,-336.1
2026-09-07T06:53:30.596Z,-61.81,5.43,1086.4,-343.3
2026-09-07T06:53:48.036Z,-61.62,5.45,1083,-341.2
2026-09-07T06:54:03.972Z,-68.62,5.41,1087.6,-273.2
2026-09-07T06:54:21.572Z,-68.5,5.43,1086.2,-274
2026-09-07T06:54:40.836Z,-68.75,5.43,1085.4,-277.2
2026-09-07T06:54:58.564Z,-68.75,5.42,1086.5,-277.4
2026-09-07T06:55:15.076Z,-68.75,5.4,1087.6,-274.8
2026-09-07T06:55:33.251Z,-68.75,5.44,1084.8,-271.8
2026-09-07T06:55:50.596Z,-68.75,5.45,1085,-269.8
2026-09-07T06:56:10.083Z,-68.75,5.44,1085,-273.6
2026-09-07T06:56:26.116Z,-68.75,5.46,1084.8,-269.6
2026-09-07T06:56:42.820Z,-68.75,5.44,1083.6,-268.4
2026-09-07T06:57:00.068Z,-68.75,5.45,1084,-268.7
2026-09-07T06:57:16.068Z,-68.75,5.45,1085,-269.4
2026-09-07T06:57:32.547Z,-68.75,5.44,1088.4,-261.4
2026-09-07T06:57:48.932Z,-68.75,5.44,1088.2,-269.9
2026-09-07T06:58:08.676Z,-68.75,5.44,1087.6,-269.4
2026-09-07T06:58:27.267Z,-68.75,5.46,1088.6,-265.4
2026-09-07T06:58:49.667Z,-68.75,5.46,1083.9,-270.1
2026-09-07T06:59:08.900Z,-68.75,5.46,1087.2,-269.1
2026-09-07T06:59:26.500Z,-68.75,5.46,1084,-275
2026-09-07T06:59:44.323Z,-68.75,5.45,1084,-272.2
2026-09-07T07:00:03.940Z,-68.75,5.44,1084.8,-268
2026-09-07T07:00:21.892Z,-68.75,5.47,1084.1,-267.4
2026-09-07T07:00:39.363Z,-68.75,5.44,1088.7,-268.7
2026-09-07T07:00:56.484Z,-68.75,5.47,1084.8,-263.5
2026-09-07T07:01:13.892Z,-68.75,5.46,1085,-271.8
2026-09-07T07:01:30.243Z,-68.75,5.45,1085.6,-268.6
2026-09-07T07:01:48.996Z,-68.75,5.46,1086.6,-275.5
2026-09-07T07:02:05.028Z,-68.75,5.43,1089,-267.3
2026-09-07T07:02:22.619Z,-68.75,5.47,1086.9,-270.1
2026-09-07T07:02:39.779Z,-68.75,5.42,1089,-268
2026-09-07T07:02:57.939Z,-68.75,5.47,1086.8,-264.2
2026-09-07T07:03:13.115Z,-68.75,5.47,1087.3,-268.2
2026-09-07T07:03:30.195Z,-68.75,5.46,1085.6,-264.9
2026-09-07T07:03:46.844Z,-68.75,5.46,1086.8,-265.1
2026-09-07T07:04:17.715Z,-68.75,5.48,1085.5,-250.6
2026-09-07T07:04:35.291Z,-68.75,5.49,1085.7,-248.5
2026-09-07T07:05:02.980Z,-68.75,5.48,1090.2,-246.6
2026-09-07T07:05:41.860Z,-68.75,5.49,1088.4,-257.4
2026-09-07T07:06:05.468Z,-68.75,5.5,1086.8,-251.3
2026-09-07T07:06:32.019Z,-68.75,5.49,1086.7,-258.6
2026-09-07T07:11:08.548Z,-68.75,5.47,1088.2,-259.6
2026-09-07T07:11:24.868Z,-68.75,5.47,1089.8,-252.9
2026-09-07T07:11:40.579Z,-68.75,5.48,1088.5,-259.1
2026-09-07T07:11:56.003Z,-68.75,5.48,1090,-261.9
2026-09-07T07:12:10.724Z,-68.75,5.47,1089.8,-262.8
2026-09-07T07:12:26.116Z,-68.25,5.46,1090.2,-263.6
2026-09-07T07:12:41.059Z,-68.75,5.44,1089.8,-265.1
2026-09-07T07:12:56.004Z,-68.75,5.47,1087.3,-260.2
2026-09-07T07:13:10.852Z,-68.75,5.47,1085,-272.5
2026-09-07T07:13:25.636Z,-68.75,5.45,1088.4,-275.5
2026-09-07T07:13:51.940Z,-68.75,5.48,1084.6,-265.1
2026-09-07T07:14:06.660Z,-68.75,5.45,1090,-273.5
2026-09-07T07:14:21.443Z,-68.75,5.44,1088.9,-291
2026-09-07T07:14:36.195Z,-68.75,5.47,1085.8,-293.6
2026-09-07T07:14:51.620Z,-68.75,5.44,1090.4,-293.4
2026-09-07T07:15:06.339Z,-68.75,5.44,1090.4,-291.5
2026-09-07T07:15:21.156Z,-68.75,5.46,1089.3,-291.3
2026-09-07T07:15:35.907Z,-68.75,5.48,1084.6,-297.1
2026-09-07T07:15:51.652Z,-68.75,5.44,1090.6,-298
2026-09-07T07:16:06.500Z,-68.75,5.47,1085.5,-304.8
2026-09-07T07:16:21.315Z,-68.75,5.45,1090.6,-300.5
2026-09-07T07:16:36.388Z,-68.75,5.46,1088.6,-311.1
2026-09-07T07:16:51.684Z,-68.75,5.45,1090.4,-307.9
2026-09-07T07:17:06.596Z,-68.75,5.49,1086,-315.8
2026-09-07T07:17:21.443Z,-68.75,5.46,1090,-317.6
2026-09-07T07:17:36.307Z,-68.75,5.48,1087,-319.6
2026-09-07T07:17:51.044Z,-68.75,5.49,1085.2,-325.1
2026-09-07T07:18:06.299Z,-68.75,5.48,1086.8,-323.2
2026-09-07T07:18:21.539Z,-68.75,5.49,1085.6,-327.1
2026-09-07T07:18:36.476Z,-68.75,5.49,1086.9,-322.5
2026-09-07T07:18:51.492Z,-68.75,5.49,1085.7,-279
2026-09-07T07:19:06.724Z,-68.75,5.47,1087,-277.1
2026-09-07T07:19:32.819Z,-68.75,5.47,1090.4,-288.3
2026-09-07T07:19:47.699Z,-68.75,5.5,1086.6,-291
2026-09-07T07:20:24.163Z,-68.75,5.48,1090.4,-294.1
2026-09-07T07:21:12.275Z,-68.75,5.49,1086.7,-295.5
2026-09-07T07:22:41.307Z,-68.75,5.5,1086.7,-304.4
2026-09-07T07:22:57.435Z,-68.75,5.51,1087.2,-303.6
2026-09-07T07:23:12.468Z,-68.75,5.49,1090.4,-301
2026-09-07T07:23:27.243Z,-68.75,5.5,1089.6,-304.6
2026-09-07T07:23:42.155Z,-68.75,5.49,1088.7,-307.6
2026-09-07T07:23:57.867Z,-68.75,5.51,1087,-306.5
2026-09-07T07:24:12.611Z,-68.75,5.49,1090.1,-304.8
2026-09-07T07:41:10.980Z,-68.75,5.5,1086.1,-281.8
2026-09-07T07:41:27.299Z,-68.75,5.47,1090.7,-284
2026-09-07T07:41:41.987Z,-68.75,5.47,1089.2,-279.9
2026-09-07T07:41:57.156Z,-68.75,5.46,1090.4,-279.9
2026-09-07T07:42:11.971Z,-68.75,5.47,1090,-279.7
2026-09-07T07:42:27.396Z,-68.75,5.44,1090.4,-281.9
2026-09-07T07:42:42.307Z,-68.75,5.46,1090.2,-284
2026-09-07T07:42:57.155Z,-68.75,5.45,1090.1,-281.9
2026-09-07T07:43:12.035Z,-68.75,5.45,1089,-290.3
2026-09-07T07:43:27.331Z,-68.75,5.47,1085.8,-292.6
2026-09-07T07:43:42.211Z,-68.75,5.48,1085,-294.7
2026-09-07T07:44:08.804Z,-68.75,5.47,1086.8,-294.8
2026-09-07T07:44:23.587Z,-68.75,5.48,1085.2,-293.9
2026-09-07T07:44:39.523Z,-68.75,5.45,1090.2,-287.4
2026-09-07T07:44:54.403Z,-68.75,5.46,1089.8,-287.9
2026-09-07T07:45:09.603Z,-68.75,5.47,1090.6,-287.6
2026-09-07T07:45:24.323Z,-68.75,5.49,1088.8,-288.9
2026-09-07T07:45:39.619Z,-68.75,5.46,1087.2,-288.5
2026-09-07T07:45:54.436Z,-68.75,5.47,1088.4,-286.8
2026-09-07T07:46:09.988Z,-68.75,5.47,1091,-286.1
2026-09-07T07:46:24.787Z,-68.75,5.51,1086.6,-288
2026-09-07T07:47:20.379Z,-68.75,5.46,1085.9,-287.6
2026-09-07T07:47:36.163Z,-68.75,5.45,1090.2,-286.1
2026-09-07T07:47:51.139Z,-68.75,5.48,1087.9,-291.5
2026-09-07T07:48:06.019Z,-68.75,5.46,1087.8,-289.9
2026-09-07T07:48:20.803Z,-68.75,5.48,1086.6,-293.9
2026-09-07T07:48:35.491Z,-68.75,5.48,1089.8,-271.6
2026-09-07T07:48:50.179Z,-68.75,5.48,1086.6,-277.2
2026-09-07T07:49:05.219Z,-68.75,5.49,1087.3,-276.2
2026-09-07T07:49:19.908Z,-68.75,5.51,1087.6,-274
2026-09-07T07:49:34.723Z,-68.75,5.46,1090.7,-276.1
2026-09-07T07:49:49.987Z,-68.75,5.46,1090.2,-281.8
2026-09-07T07:50:04.771Z,-68.75,5.49,1086.2,-282.9
2026-09-07T07:50:19.843Z,-68.75,5.46,1090.9,-272.8
2026-09-07T07:50:34.691Z,-68.75,5.48,1088.8,-283.5
2026-09-07T07:50:49.443Z,-68.75,5.48,1089.6,-278.8
2026-09-07T07:51:04.195Z,-68.75,5.48,1086,-287.2
2026-09-07T07:51:18.883Z,-68.75,5.48,1090.5,-281.2
2026-09-07T07:51:34.275Z,-68.75,5.49,1087.5,-280
2026-09-07T07:51:49.635Z,-68.75,5.5,1087.2,-281.1
2026-09-07T07:52:04.419Z,-68.75,5.47,1089.6,-278.5
2026-09-07T07:52:19.907Z,-68.75,5.5,1087.2,-265.6
2026-09-07T07:52:35.299Z,-68.75,5.46,1090,-275.5
2026-09-07T07:52:50.083Z,-68.75,5.47,1090.4,-271.8
2026-09-07T07:53:05.443Z,-68.75,5.49,1084,-285.1
2026-09-07T07:53:20.227Z,-68.75,5.46,1088,-274.4
2026-09-07T07:53:35.396Z,-68.75,5.44,1089.8,-268.4
2026-09-07T07:53:50.275Z,-68.75,5.46,1085.7,-281.5
2026-09-07T07:54:05.060Z,-68.75,5.44,1089.8,-285
2026-09-07T07:54:20.579Z,-68.75,5.43,1088,-289.4
2026-09-07T07:54:35.715Z,-68.75,5.47,1084.8,-288.3
2026-09-07T07:54:50.691Z,-68.75,5.43,1089.9,-276.5
2026-09-07T07:55:06.980Z,-68.75,5.43,1090.1,-278.1
2026-09-07T07:55:21.636Z,-68.75,5.47,1087,-279.7
2026-09-07T07:55:36.835Z,-68.75,5.47,1087.8,-280.4
2026-09-07T07:55:51.651Z,-68.75,5.48,1086.4,-289.1
2026-09-07T07:56:06.307Z,-68.75,5.45,1090,-288.4
2026-09-07T07:56:21.091Z,-68.75,5.49,1084.9,-296.5
2026-09-07T07:56:36.659Z,-68.75,5.48,1086.8,-296.9
2026-09-07T07:57:02.627Z,-68.75,5.49,1085.4,-282.1
2026-09-07T07:57:28.355Z,-68.75,5.49,1087,-261.8
2026-09-07T07:57:43.299Z,-68.75,5.5,1087.1,-264.2
2026-09-07T07:57:58.579Z,-68.75,5.45,1091,-238.2
2026-09-07T08:20:18.595Z,-68.75,5.5,1085.6,-280.7
2026-09-07T08:20:44.963Z,-68.75,5.46,1085.6,-281.7
2026-09-07T08:21:00.387Z,-68.75,5.46,1087.6,-286.4
2026-09-07T08:21:15.399Z,-68.75,5.46,1087.4,-274.6
2026-09-07T08:21:30.467Z,-68.75,5.46,1091.4,-297.8
2026-09-07T08:21:45.667Z,-68.75,5.47,1086,-345.9
2026-09-07T08:22:00.580Z,-68.75,5.43,1091,-302.2
2026-09-07T08:22:15.492Z,-68.75,5.43,1090.2,-306.1
2026-09-07T08:22:30.627Z,-68.75,5.46,1088.2,-308
2026-09-07T08:22:46.467Z,-68.75,5.44,1087,-290.4
2026-09-07T08:23:01.379Z,-68.75,5.46,1086.8,-286.7
2026-09-07T08:23:16.291Z,-68.75,5.46,1087.6,-280.7
2026-09-07T08:23:31.883Z,-68.75,5.46,1084.6,-283.8
2026-09-07T08:23:47.475Z,-68.75,5.46,1085.2,-287.6
2026-09-07T08:24:02.211Z,-68.75,5.46,1086.3,-286.7
2026-09-07T08:24:16.987Z,-68.75,5.47,1085.6,-284
2026-09-07T08:29:45.563Z,-68.75,5.5,1087,-274.4
2026-09-07T08:51:17.763Z,-68.75,5.46,1090.8,-247.3
2026-09-07T08:51:45.763Z,-68.75,5.49,1087.2,-248.7
2026-09-07T08:52:00.868Z,-68.75,5.46,1089.4,-251.9
2026-09-07T08:52:15.748Z,-68.75,5.48,1085.2,-252.8
2026-09-07T08:52:30.532Z,-68.75,5.47,1084.6,-246.6
2026-09-07T08:52:46.243Z,-68.75,5.46,1089.6,-246.8
2026-09-07T08:53:00.996Z,-68.75,5.47,1089,-245.6
2026-09-07T14:53:50.941Z,-68.75,5.54,1091,-323.9
2026-09-07T14:54:22.526Z,-66.19,5.49,1090.8,-351.1
2026-09-07T14:54:36.958Z,-65.06,5.46,1087.4,-355
2026-09-07T14:54:51.358Z,-65.12,5.43,1090.2,-361.9
2026-09-07T14:55:05.790Z,-65.81,5.44,1085.7,-358.6
2026-09-07T14:55:21.342Z,-66.81,5.44,1085.6,-352.5
2026-09-07T14:55:35.870Z,-58.69,5.41,1090,-461.3
2026-09-07T14:55:50.366Z,-55.44,5.39,1090,-529.3
2026-09-07T14:56:04.862Z,-50,5.42,1085,-705.5
2026-09-07T14:56:19.870Z,-61.81,5.35,1089.6,-407
2026-09-07T14:56:34.654Z,-62.06,5.39,1089.1,-410.5
2026-09-07T14:56:49.054Z,-68.69,5.41,1086,-336.1
2026-09-07T14:57:03.518Z,-65.31,5.38,1090,-367.7
2026-09-07T14:57:17.982Z,-68.75,5.41,1086.8,-335.1
2026-09-07T14:57:32.894Z,-68.75,5.4,1090.2,-327.2
2026-09-07T14:57:47.838Z,-68.75,5.42,1089.7,-331.5
2026-09-07T14:58:02.238Z,-68.75,5.42,1087.7,-340.4
2026-09-07T14:58:16.702Z,-68.75,5.4,1089.6,-331.9
2026-09-07T14:58:31.646Z,-68.75,5.4,1087.3,-331.9
2026-09-07T14:58:46.110Z,-68.75,5.42,1086.9,-331.1
2026-09-07T14:59:00.894Z,-68.75,5.43,1086.5,-329.2
2026-09-07T14:59:15.902Z,-68.75,5.41,1087.4,-333.8
2026-09-07T14:59:31.134Z,-68.75,5.42,1088.6,-327.5
2026-09-07T14:59:45.534Z,-68.75,5.43,1089.4,-330.7
2026-09-07T14:59:59.998Z,-68.75,5.43,1089.4,-330.4
2026-09-07T15:00:14.974Z,-68.75,5.44,1089.6,-334.1
2026-09-07T15:00:29.470Z,-68.75,5.44,1086.6,-336.2
2026-09-07T15:00:44.510Z,-68.75,5.41,1090.2,-327.8
2026-09-07T15:00:58.878Z,-68.75,5.42,1090.2,-328.8
2026-09-07T15:01:13.214Z,-68.75,5.45,1087.9,-327.1
2026-09-07T15:01:28.062Z,-68.75,5.46,1087,-328.1
2026-09-07T15:01:42.430Z,-68.75,5.45,1087.4,-330.7
2026-09-07T15:01:57.150Z,-68.75,5.43,1086.4,-330.3
2026-09-07T15:02:11.966Z,-68.75,5.42,1089.8,-334
2026-09-07T15:02:26.302Z,-68.75,5.44,1088,-331.9
2026-09-07T15:02:41.086Z,-68.75,5.43,1088.2,-330.8
2026-09-07T15:02:55.486Z,-68.75,5.44,1088.8,-327.8
2026-09-07T15:03:10.014Z,-68.75,5.46,1086.9,-330.1
2026-09-07T15:03:24.542Z,-68.75,5.47,1087,-330.1
2026-09-07T15:03:39.390Z,-68.75,5.42,1090.4,-330.2
2026-09-07T15:03:54.206Z,-68.75,5.44,1086.8,-328.4
2026-09-07T15:04:08.574Z,-68.75,5.42,1090.6,-328.8
2026-09-07T15:04:23.070Z,-68.75,5.43,1090.5,-332.3
2026-09-07T15:04:38.142Z,-68.75,5.43,1090.4,-329
2026-09-07T15:04:52.638Z,-68.75,5.45,1086,-333.9
2026-09-07T15:05:07.422Z,-68.75,5.44,1086,-332.5
2026-09-07T15:05:21.886Z,-68.75,5.42,1090.4,-323.2
2026-09-07T15:05:37.054Z,-68.75,5.46,1086,-331.7
2026-09-07T15:05:51.486Z,-68.75,5.44,1088.6,-329.3
2026-09-07T15:06:05.886Z,-68.75,5.46,1086.8,-329.3
2026-09-07T15:06:20.702Z,-68.75,5.46,1086.8,-330.4
2026-09-07T15:06:35.454Z,-68.75,5.45,1089.4,-328.6
2026-09-07T15:06:49.886Z,-68.75,5.45,1090.8,-326.2
2026-09-07T15:07:04.350Z,-68.75,5.47,1086.8,-328.5
2026-09-07T15:07:18.686Z,-68.75,5.46,1086.2,-331.2
2026-09-07T15:07:34.334Z,-68.75,5.45,1089.7,-327.9
2026-09-07T15:07:48.834Z,-68.75,5.45,1090.8,-324.3
2026-09-07T15:08:03.230Z,-68.75,5.46,1091,-328.8
2026-09-07T15:08:17.790Z,-68.75,5.47,1086.2,-325
2026-09-07T15:08:32.798Z,-68.75,5.47,1087.8,-321.9
2026-09-07T15:08:47.582Z,-68.75,5.47,1087.4,-329.2
2026-09-07T15:09:01.982Z,-68.75,5.48,1087.2,-322.9
2026-09-07T15:09:16.606Z,-68.75,5.47,1089,-329.2
2026-09-07T15:09:31.902Z,-68.75,5.45,1091,-327.4
2026-09-07T15:09:46.334Z,-68.75,5.44,1091,-324.9
2026-09-07T15:10:01.182Z,-68.75,5.47,1088.8,-327.4
2026-09-07T15:10:15.678Z,-68.75,5.46,1090.9,-327.8
2026-09-07T15:10:30.366Z,-68.75,5.47,1088.3,-326.2
2026-09-07T15:10:44.734Z,-68.75,5.46,1088.4,-324
2026-09-07T15:10:59.174Z,-68.75,5.45,1091,-327.1
2026-09-07T15:11:14.142Z,-68.75,5.47,1088.2,-330.1
2026-09-07T15:11:28.638Z,-68.75,5.46,1091.2,-325.9
2026-09-07T15:12:15.646Z,-68.75,5.44,1090,-328.9
2026-09-07T15:12:30.526Z,-68.75,5.45,1087.7,-323.5
2026-09-07T15:12:44.894Z,-68.75,5.42,1088.2,-332.1
2026-09-07T15:13:00.126Z,-68.75,5.45,1087.6,-327.8
2026-09-07T15:13:14.654Z,-68.75,5.41,1090.6,-327.5
2026-09-07T15:13:29.054Z,-68.75,5.44,1087.4,-330.7
2026-09-07T15:13:44.030Z,-68.75,5.43,1089.4,-329.8
2026-09-07T15:13:58.558Z,-68.75,5.42,1088.1,-332.8
2026-09-07T15:14:13.086Z,-68.75,5.42,1090.9,-324.7
2026-09-07T15:14:27.870Z,-68.75,5.45,1087.4,-329.3
2026-09-07T15:14:42.398Z,-68.75,5.42,1090.6,-327.1
2026-09-07T15:14:57.310Z,-68.75,5.46,1087.6,-325.6
2026-09-07T15:15:12.254Z,-68.75,5.45,1086.4,-329.3
2026-09-07T15:15:26.622Z,-68.75,5.46,1089.1,-320.7
2026-09-07T15:15:41.086Z,-68.75,5.45,1087.3,-329.3
2026-09-07T15:15:56.190Z,-68.75,5.44,1087.6,-323.2
2026-09-07T15:16:11.070Z,-68.75,5.45,1088.2,-322.2
2026-09-07T15:16:25.470Z,-68.75,5.46,1087.2,-325.1
2026-09-07T15:16:39.902Z,-68.75,5.45,1091,-325
2026-09-07T15:16:54.494Z,-68.75,5.45,1089.2,-321.1
2026-09-07T15:17:08.894Z,-68.75,5.47,1086.6,-328.5
2026-09-07T15:17:24.158Z,-68.75,5.45,1091.4,-320.3
2026-09-07T15:17:38.590Z,-68.75,5.47,1090.8,-322.9
2026-09-07T15:17:53.022Z,-68.75,5.46,1089,-323.5
2026-09-07T15:18:07.966Z,-68.75,5.45,1091.3,-320.5
2026-09-07T15:18:22.366Z,-68.75,5.47,1086.7,-324
2026-09-07T15:18:37.182Z,-68.75,5.42,1091.2,-321
2026-09-07T15:18:52.126Z,-68.75,5.46,1088.4,-322.3
2026-09-07T15:19:06.686Z,-68.75,5.43,1089.2,-326.8
2026-09-07T15:19:21.150Z,-68.75,5.44,1090.9,-324
2026-09-07T15:19:36.318Z,-68.75,5.46,1086.8,-322.9
2026-09-07T15:19:51.134Z,-68.75,5.44,1091.2,-322.3
2026-09-07T15:20:05.598Z,-68.75,5.45,1090.7,-324.1
2026-09-07T15:20:20.254Z,-68.75,5.47,1087,-326.4
2026-09-07T15:20:34.686Z,-68.75,5.46,1088.2,-323.8
2026-09-07T15:20:49.150Z,-68.75,5.44,1091.3,-316.9
2026-09-07T15:21:04.894Z,-68.75,5.46,1087.4,-325.1
2026-09-07T15:21:19.358Z,-68.75,5.48,1086.8,-323.6
2026-09-07T15:21:34.366Z,-68.75,5.47,1088,-328.1
2026-09-07T15:21:48.830Z,-68.75,5.46,1088.6,-321.7
2026-09-07T15:22:03.262Z,-68.75,5.47,1089.4,-322
2026-09-07T15:22:18.110Z,-68.75,5.46,1088.6,-320.3
2026-09-07T15:22:32.446Z,-68.75,5.46,1088.6,-323.6
2026-09-07T15:22:47.614Z,-68.75,5.44,1091.2,-324.5
2026-09-07T15:23:02.142Z,-68.75,5.45,1091.4,-322.3
2026-09-07T15:23:16.542Z,-68.75,5.46,1089,-324.9
2026-09-07T15:23:31.326Z,-68.75,5.46,1087.7,-327.8
2026-09-07T15:23:45.854Z,-68.75,5.44,1091,-321.1
2026-09-07T15:24:00.414Z,-68.75,5.44,1089.3,-329.4
2026-09-07T15:24:15.454Z,-68.75,5.45,1087.8,-321.7
2026-09-07T15:24:39.870Z,-68.75,5.44,1091.2,-322.9
2026-09-07T15:24:55.070Z,-68.75,5.45,1088.2,-326.2
2026-09-07T15:25:09.502Z,-68.75,5.44,1091.4,-324
2026-09-07T15:25:23.998Z,-68.75,5.46,1088.2,-325.9
2026-09-07T15:25:38.566Z,-68.75,5.47,1086.9,-326
2026-09-07T15:25:53.054Z,-68.75,5.46,1087.2,-327.5
2026-09-07T15:26:07.902Z,-68.75,5.47,1087,-323.6
2026-09-07T15:26:22.302Z,-68.75,5.47,1089,-324.9
2026-09-07T15:26:37.310Z,-68.75,5.46,1089,-327.8
2026-09-07T15:26:51.806Z,-68.75,5.48,1088.4,-326.9
2026-09-07T15:27:06.430Z,-68.75,5.45,1091.2,-325.2
2026-09-07T15:27:21.278Z,-68.75,5.46,1091.8,-319.6
2026-09-07T15:27:35.774Z,-68.75,5.47,1087.8,-323.2
2026-09-07T15:27:50.462Z,-68.75,5.47,1089.8,-325.8
2026-09-07T15:28:04.862Z,-68.75,5.46,1091.8,-323.9
2026-09-07T15:28:19.390Z,-68.75,5.48,1090.2,-326.4
2026-09-07T15:28:34.526Z,-68.75,5.49,1088.4,-317.6
2026-09-07T15:28:49.502Z,-68.75,5.47,1090,-327.4
2026-09-07T15:29:04.030Z,-68.75,5.46,1092.2,-320.1
2026-09-07T15:29:18.430Z,-68.75,5.46,1092.3,-324.3
2026-09-07T15:29:33.534Z,-68.75,5.5,1088.6,-320.8
2026-09-07T15:29:48.254Z,-68.75,5.48,1089.4,-315.4
2026-09-07T15:30:02.686Z,-68.75,5.46,1092.2,-315.9
2026-09-07T15:30:17.790Z,-68.75,5.47,1092,-324.5
2026-09-07T15:30:32.382Z,-68.75,5.48,1091.4,-323.2
2026-09-07T15:30:46.878Z,-68.75,5.47,1092.5,-315.1
2026-09-07T15:31:01.822Z,-68.75,5.5,1087.8,-323.2
2026-09-07T15:31:16.574Z,-68.75,5.5,1090,-323
2026-09-07T15:31:31.006Z,-68.75,5.48,1089.2,-323.9
2026-09-07T15:31:45.886Z,-68.75,5.5,1087.8,-325.8
2026-09-07T15:32:31.326Z,-68.75,5.49,1090,-325
2026-09-07T15:32:46.238Z,-68.75,5.49,1092.6,-320.4
2026-09-07T15:33:01.406Z,-68.75,5.49,1088.4,-325.5
2026-09-07T15:33:15.838Z,-68.75,5.48,1089.6,-317.4
2026-09-07T15:33:30.302Z,-68.75,5.48,1088.5,-322.8
2026-09-07T15:33:45.566Z,-68.75,5.47,1091.9,-322.3
2026-09-07T15:34:00.390Z,-68.75,5.48,1087.9,-326.6
2026-09-07T15:34:14.878Z,-68.75,5.48,1088.6,-325.8
2026-09-07T15:34:29.694Z,-68.75,5.45,1092.4,-324.1
2026-09-07T15:34:44.318Z,-68.75,5.46,1092.8,-320
2026-09-07T15:34:59.102Z,-68.75,5.45,1092.8,-321.5
2026-09-07T15:35:13.950Z,-68.75,5.46,1092.6,-321.3
2026-09-07T15:35:28.830Z,-68.75,5.45,1092.4,-322.8
2026-09-07T15:35:43.294Z,-68.75,5.47,1092.8,-321.3
2026-09-07T15:35:57.950Z,-68.75,5.47,1091.6,-324.8
2026-09-07T15:36:12.446Z,-68.75,5.48,1090.8,-324.1
2026-09-07T15:36:38.118Z,-68.75,5.5,1088.6,-319.9
2026-09-07T15:37:23.494Z,-68.75,5.49,1092.8,-319.3
2026-09-07T15:37:38.846Z,-68.75,5.49,1091.8,-318.7
2026-09-07T15:37:53.310Z,-68.75,5.49,1088.6,-321.5
2026-09-07T15:38:07.774Z,-68.75,5.49,1089.4,-325.2
2026-09-07T15:38:32.734Z,-68.75,5.46,1091.8,-321.4
2026-09-07T15:38:47.550Z,-68.75,5.49,1088.3,-325.9
2026-09-07T15:39:02.782Z,-68.75,5.48,1089.6,-324.4
2026-09-07T15:39:17.438Z,-68.75,5.49,1089.1,-324.7
2026-09-07T15:39:31.934Z,-68.75,5.49,1090.2,-314
2026-09-07T15:39:47.102Z,-68.75,5.47,1091.1,-324.7
2026-09-07T15:40:02.094Z,-68.75,5.45,1092.4,-323.9
2026-09-07T15:40:16.606Z,-68.75,5.48,1088.2,-324.7
2026-09-07T15:40:31.070Z,-68.75,5.47,1091.2,-317.7
2026-09-07T15:40:45.534Z,-68.75,5.48,1091.2,-321.4
2026-09-07T15:41:00.030Z,-68.75,5.45,1092.6,-324.7
2026-09-07T15:41:14.814Z,-68.75,5.46,1093,-322.6
2026-09-07T15:41:30.046Z,-68.75,5.44,1092.6,-322.9
2026-09-07T15:41:45.118Z,-68.75,5.47,1090,-325
2026-09-07T15:41:59.966Z,-68.75,5.48,1092,-320.6
2026-09-07T15:42:14.942Z,-68.75,5.47,1093,-318.1
2026-09-07T15:42:29.406Z,-68.75,5.48,1089.3,-325.4
2026-09-07T15:42:43.838Z,-68.75,5.46,1089.5,-327.8
2026-09-07T15:42:58.302Z,-68.75,5.48,1093,-321
2026-09-07T15:43:12.670Z,-68.75,5.5,1088.8,-322.9
2026-09-07T15:43:38.782Z,-68.75,5.51,1090.8,-320.3
2026-09-07T15:44:03.358Z,-68.75,5.48,1092.8,-315.4
2026-09-07T15:44:17.790Z,-68.75,5.51,1091.2,-314.2
2026-09-07T15:44:42.606Z,-68.75,5.49,1093,-319.8
2026-09-07T15:45:07.174Z,-68.75,5.49,1088.8,-319
2026-09-07T15:45:21.646Z,-68.75,5.49,1091.5,-315.8
2026-09-07T15:45:36.542Z,-68.75,5.46,1088.8,-318.7
2026-09-07T15:45:51.326Z,-68.75,5.49,1089,-320.2
2026-09-07T15:46:05.758Z,-68.75,5.47,1090.4,-316.3
2026-09-07T15:46:20.126Z,-68.75,5.47,1088.8,-318.4
2026-09-07T15:46:35.390Z,-67.94,5.47,1091,-322
2026-09-07T15:46:50.206Z,-68.75,5.46,1090,-318.1
2026-09-07T15:47:04.734Z,-68.75,5.49,1087.6,-322.8
2026-09-07T15:47:19.358Z,-68.75,5.45,1091.2,-316.1
2026-09-07T15:47:34.718Z,-68.75,5.5,1087.6,-319
2026-09-07T15:47:49.086Z,-68.75,5.46,1088.4,-323
2026-09-07T15:48:04.254Z,-68.75,5.46,1088,-323.5
2026-09-07T15:48:18.718Z,-68.75,5.44,1091.4,-317.2
2026-09-07T15:48:33.758Z,-68.75,5.46,1090.3,-320.3
2026-09-07T15:48:48.126Z,-68.75,5.47,1089.8,-317.7
2026-09-07T15:49:03.198Z,-68.75,5.48,1089,-319.6
2026-09-07T15:49:18.014Z,-68.75,5.48,1087.4,-321.1
2026-09-07T15:49:32.542Z,-68.75,5.47,1088.8,-321.6
2026-09-07T15:49:47.838Z,-68.75,5.46,1092.2,-315.1
2026-09-07T15:50:02.174Z,-68.75,5.45,1092.4,-315.4
2026-09-07T15:50:16.670Z,-68.75,5.46,1092.2,-318.9
2026-09-07T15:50:32.382Z,-68.75,5.46,1091.9,-314.8
2026-09-07T15:50:47.326Z,-68.75,5.45,1092,-317.4
2026-09-07T15:51:01.758Z,-68.75,5.46,1091.4,-322.8
2026-09-07T15:51:16.286Z,-68.75,5.48,1092.6,-313.4
2026-09-07T15:51:31.294Z,-68.75,5.47,1092.8,-320
2026-09-07T15:51:46.142Z,-68.75,5.47,1093,-314.6
2026-09-07T15:52:00.542Z,-68.75,5.45,1092.7,-314.8
2026-09-07T15:52:14.942Z,-68.75,5.47,1091.1,-321.3
2026-09-07T15:52:29.406Z,-68.75,5.46,1093.2,-323.2
2026-09-07T15:52:43.902Z,-68.75,5.47,1092.2,-320.4
2026-09-07T15:52:59.294Z,-68.75,5.47,1093.6,-315.6
2026-09-07T15:53:13.726Z,-68.75,5.49,1089,-323.5
2026-09-07T15:53:28.158Z,-68.75,5.45,1093.6,-319.1
2026-09-07T15:53:43.454Z,-68.75,5.47,1090.4,-321.4
2026-09-07T15:53:57.950Z,-68.75,5.46,1093.8,-321.4
2026-09-07T15:54:12.766Z,-68.75,5.48,1091.8,-317.5
2026-09-07T15:54:27.838Z,-68.75,5.5,1089,-325.1
2026-09-07T15:54:52.862Z,-68.75,5.47,1092.4,-318.1
2026-09-07T15:55:07.710Z,-68.75,5.47,1093.8,-318.3
2026-09-07T15:55:22.598Z,-68.75,5.5,1089.6,-318.9
2026-09-07T15:55:37.062Z,-68.75,5.49,1089.5,-324.7
2026-09-07T15:55:51.518Z,-68.75,5.49,1089.6,-322.6
2026-09-07T15:56:05.982Z,-68.75,5.49,1091,-320.4
2026-09-07T15:56:20.870Z,-68.75,5.46,1092.6,-319.9
2026-09-07T15:56:35.838Z,-68.75,5.46,1092,-321.1
2026-09-07T15:56:50.430Z,-68.75,5.49,1089.6,-318.4
2026-09-07T15:57:05.534Z,-68.75,5.46,1092.1,-316.5
2026-09-07T15:57:20.030Z,-68.75,5.49,1089.9,-319
2026-09-07T15:57:34.526Z,-68.75,5.46,1093.8,-316
2026-09-07T15:57:50.046Z,-68.75,5.47,1090.6,-315.5
2026-09-07T15:58:04.542Z,-68.75,5.47,1090,-317.7
2026-09-07T15:58:18.942Z,-68.75,5.46,1093.4,-318.7
2026-09-07T15:58:33.406Z,-68.75,5.45,1094.2,-316
2026-09-07T15:58:47.910Z,-68.75,5.48,1090.4,-320
2026-09-07T15:59:02.878Z,-68.75,5.47,1094.4,-316.6
2026-09-07T15:59:17.310Z,-68.75,5.47,1093,-315.8
2026-09-07T15:59:31.742Z,-68.75,5.48,1092.2,-315.1
2026-09-07T15:59:46.270Z,-68.75,5.46,1094.4,-315.7
2026-09-07T16:00:00.958Z,-68.75,5.49,1090.2,-324.5
2026-09-07T16:00:16.126Z,-68.75,5.48,1090.8,-321.5
2026-09-07T16:00:30.814Z,-68.75,5.45,1094.6,-318.7
2026-09-07T16:00:45.246Z,-68.75,5.46,1094.4,-319.6
2026-09-07T16:01:00.318Z,-68.75,5.47,1092.6,-317.8
2026-09-07T16:01:14.910Z,-68.75,5.48,1091.6,-323.2
2026-09-07T16:01:29.790Z,-68.75,5.48,1092.3,-317.2
2026-09-07T16:01:44.318Z,-68.75,5.48,1092.4,-319.2
2026-09-07T16:01:59.198Z,-68.75,5.47,1094.6,-314.6
2026-09-07T16:02:13.726Z,-68.75,5.47,1094.8,-317.2
2026-09-07T16:02:28.222Z,-68.75,5.5,1090.9,-317.8
2026-09-07T16:02:43.934Z,-68.75,5.48,1092.4,-316.6
2026-09-07T16:02:58.366Z,-68.75,5.46,1094.7,-316.6
2026-09-07T16:03:12.798Z,-68.75,5.5,1091.2,-316
2026-09-07T16:03:27.294Z,-68.75,5.48,1094.8,-314.5
2026-09-07T16:03:42.366Z,-68.75,5.47,1092.2,-320.3
2026-09-07T16:03:57.150Z,-68.75,5.49,1092.6,-314
2026-09-07T16:04:11.678Z,-68.75,5.48,1091.1,-316.3
2026-09-07T16:04:26.206Z,-68.75,5.49,1091,-316.6
2026-09-07T16:04:41.118Z,-68.75,5.49,1094,-312
2026-09-07T16:04:56.350Z,-68.75,5.47,1090.4,-317.2
2026-09-07T16:05:11.838Z,-68.75,5.46,1094.6,-312.4
2026-09-07T16:05:26.270Z,-68.75,5.5,1090.6,-314.8
2026-09-07T16:05:40.798Z,-68.75,5.48,1094.6,-312.5
2026-09-07T16:05:55.710Z,-68.75,5.46,1093.8,-316.5
2026-09-07T16:06:10.366Z,-68.75,5.41,1090.8,-326.2
2026-09-07T16:06:25.278Z,-68.75,5.43,1093.6,-320.4
2026-09-07T16:06:40.350Z,-68.75,5.45,1091.2,-325.4
2026-09-07T16:06:54.878Z,-68.75,5.45,1091.4,-327.8
2026-09-07T16:07:09.310Z,-64.31,5.43,1091,-374.5
2026-09-07T16:07:23.838Z,-65.69,5.43,1091.2,-362.1
2026-09-07T16:07:38.622Z,-65.12,5.42,1093.4,-358.3
2026-09-07T16:07:53.566Z,-58,5.45,1091,-464.5
2026-09-07T16:08:07.934Z,-60.62,5.41,1093.4,-420.7
2026-09-07T16:08:22.462Z,-61.19,5.44,1091.6,-415.3
2026-09-07T16:08:36.894Z,-57,5.43,1093.6,-486.5
2026-09-07T16:08:51.806Z,-62.19,5.43,1093.6,-400.3
2026-09-07T16:09:06.622Z,-50.31,5.42,1093.3,-678.6
2026-09-07T16:09:21.214Z,-47.94,5.44,1090.6,-780.3
2026-09-07T16:09:35.710Z,-35.94,5.41,1090.8,-2856.8
2026-09-07T16:09:50.142Z,-29.75,5.42,1090,-18743.1
2026-09-07T16:10:05.438Z,-18.38,5.42,1088.4,4132
2026-09-07T16:10:19.998Z,-22.62,5.41,1088.4,88017.5
2026-09-07T16:10:34.590Z,-13.81,5.39,1090,1238.1
2026-09-07T16:10:49.150Z,-10.94,5.36,1092.6,822.4
2026-09-07T16:11:04.190Z,-4.31,5.37,1092.4,493.1
2026-09-07T16:11:18.654Z,-4.88,5.37,1092.4,505.6
2026-09-07T16:11:33.118Z,-2.5,5.37,1092.3,448.2
2026-09-07T16:11:47.390Z,0.38,5.38,1088,398.5
2026-09-07T16:12:01.534Z,1.31,5.37,1089.4,384.2
2026-09-07T16:12:15.710Z,14.19,5.37,1090.7,259.2
2026-09-07T16:12:30.238Z,18.75,5.36,1092,234.3
2026-09-07T16:12:44.318Z,14.81,5.37,1089.4,257.7
2026-09-07T16:12:58.494Z,10.88,5.36,1090.6,284.4
2026-09-07T16:13:12.574Z,17.56,5.36,1089.3,242.4
2026-09-07T16:13:26.718Z,16.38,5.35,1087.8,249.3
2026-09-07T16:13:41.182Z,12.56,5.35,1089.1,273.3
2026-09-07T16:13:55.966Z,-11.75,5.35,1089.6,947.5
2026-09-07T16:14:10.366Z,-33.81,5.34,1092.7,-4604.5
2026-09-07T16:14:24.766Z,-39.62,5.38,1088.8,-1721.3
2026-09-07T16:14:39.198Z,-51.25,5.36,1092.4,-669.7
2026-09-07T16:14:54.782Z,-58.44,5.39,1088.9,-476.3
2026-09-07T16:15:10.398Z,-61,5.38,1089.2,-431.6
2026-09-07T16:15:24.862Z,-58.94,5.37,1093,-460.6
2026-09-07T16:15:39.422Z,-63.19,5.38,1093,-394.8
2026-09-07T16:15:54.110Z,-68.75,5.36,1093.2,-332.3
2026-09-07T16:16:09.310Z,-68.75,5.38,1089,-336
2026-09-07T16:16:23.838Z,-68.75,5.4,1089.4,-333.1
2026-09-07T16:16:39.102Z,-68.75,5.39,1091.4,-337.8
2026-09-07T16:16:54.270Z,-68.75,5.37,1093.1,-330.2
2026-09-07T16:17:08.638Z,-68.75,5.37,1092.5,-334.2
2026-09-07T16:17:23.454Z,-68.75,5.4,1089.4,-332.8
2026-09-07T16:17:37.950Z,-68.75,5.39,1093.2,-331.2
2026-09-07T16:17:52.478Z,-68.75,5.38,1092.8,-333.9
2026-09-07T16:18:07.422Z,-68.75,5.39,1091.1,-329.4
2026-09-07T16:24:32.838Z,-68.75,5.39,1093.4,-330.4
2026-09-07T16:24:48.638Z,-68.75,5.4,1093.4,-328.5
2026-09-07T16:25:13.310Z,-68.75,5.41,1090.2,-329
2026-09-07T16:25:27.902Z,-68.75,5.4,1091,-329
2026-09-07T16:25:42.550Z,-68.75,5.41,1090.9,-328.4
2026-09-07T16:25:57.758Z,-68.75,5.41,1090.4,-329.7
2026-09-07T16:26:12.926Z,-68.75,5.41,1090.2,-331.2
2026-09-07T16:26:27.574Z,-68.75,5.41,1091.5,-328.5
2026-09-07T16:26:42.046Z,-68.75,5.4,1091.6,-326.4
2026-09-07T16:26:57.182Z,-68.75,5.41,1090.8,-334
2026-09-07T16:27:12.158Z,-68.75,5.39,1093.7,-328.9
2026-09-07T16:27:26.686Z,-68.75,5.38,1091.8,-331.6
2026-09-07T16:27:41.822Z,-68.75,5.41,1090.6,-330.8
2026-09-07T16:27:56.382Z,-68.75,5.41,1089.4,-330.6
2026-09-07T16:28:10.878Z,-68.75,5.4,1092.9,-328.1
2026-09-07T16:28:25.854Z,-68.75,5.37,1093.4,-330
2026-09-07T16:28:51.158Z,-68.75,5.42,1090.4,-332.2
2026-09-07T16:37:50.990Z,-68.75,5.46,1091.4,-323
2026-09-07T16:39:01.150Z,-68.75,5.46,1091.6,-323.5
2026-09-07T16:39:37.814Z,-68.75,5.46,1091.4,-325.5
2026-09-07T16:40:03.190Z,-68.75,5.46,1091.6,-325.9
2026-09-07T16:42:18.014Z,-68.75,5.45,1091.2,-323.4
2026-09-07T16:42:33.598Z,-68.75,5.43,1092.9,-325.4
2026-09-07T16:42:48.094Z,-68.75,5.45,1090.8,-327.8
2026-09-07T16:43:03.134Z,-68.75,5.44,1089.8,-324.9
2026-09-07T16:43:17.598Z,-68.75,5.45,1091.8,-327.5
2026-09-07T16:44:34.862Z,-68.75,5.44,1094,-324.9
2026-09-07T16:48:13.406Z,-68.75,5.45,1092.7,-325.1
2026-09-07T16:48:30.174Z,-68.75,5.44,1094.2,-321.4
2026-09-07T16:48:44.606Z,-68.75,5.44,1094.3,-318.4
2026-09-07T16:48:59.358Z,-68.75,5.46,1093.8,-321.8
2026-09-07T16:49:13.822Z,-68.75,5.45,1093.6,-324.8
2026-09-07T16:50:20.958Z,-68.75,5.48,1090.4,-323.8
2026-09-07T16:50:36.510Z,-68.75,5.48,1090.8,-324.5
2026-09-07T16:50:52.350Z,-68.75,5.45,1091.2,-325.1
2026-09-07T16:54:58.822Z,-68.75,5.47,1091.8,-325.6
2026-09-07T16:56:26.878Z,-68.75,5.47,1093.6,-319.6
2026-09-07T16:56:41.790Z,-68.75,5.5,1092.3,-320.6
2026-09-07T16:58:07.966Z,-68.75,5.34,1092.4,-318.8
2026-09-07T16:58:23.422Z,-68.75,5.44,1094.8,-313.3
2026-09-07T16:58:38.398Z,-68.75,5.44,1094.8,-315.1
2026-09-07T16:58:53.206Z,-68.75,5.49,1092.4,-317.2
2026-09-07T16:59:40.294Z,-68.75,5.48,1094.2,-318.5
2026-09-07T16:59:55.230Z,-68.75,5.49,1093.4,-318.4
2026-09-07T17:00:09.886Z,-68.75,5.46,1094.6,-313.2
2026-09-07T17:00:24.606Z,-68.75,5.45,1093.2,-317.8
2026-09-07T17:00:40.318Z,-68.75,5.47,1093.8,-318.1
2026-09-07T17:01:17.086Z,-68.75,5.47,1094.2,-316.5
2026-09-07T17:02:24.222Z,-68.75,5.49,1092.2,-318.7
2026-09-07T17:02:39.134Z,-68.75,5.47,1094.4,-314.8
2026-09-07T17:02:53.854Z,-68.75,5.47,1092.5,-318.1
2026-09-07T17:03:08.446Z,-68.75,5.48,1092.5,-316.6
2026-09-07T17:04:16.414Z,-68.75,5.5,1092.2,-317.2
2026-09-07T17:04:31.358Z,-68.75,5.49,1094.6,-315.9
2026-09-07T17:04:45.950Z,-68.75,5.47,1093.2,-315.1
2026-09-07T17:05:00.702Z,-68.75,5.48,1094.9,-312.2
2026-09-07T17:05:15.278Z,-68.75,5.47,1095.4,-316.9
2026-09-07T17:05:29.830Z,-68.75,5.5,1093.9,-316.5
2026-09-07T17:05:45.214Z,-68.75,5.51,1091.4,-313.6
2026-09-07T17:06:10.742Z,-68.75,5.49,1094,-315.1
2026-09-07T17:06:25.366Z,-68.75,5.51,1092.1,-317.4
2026-09-07T17:06:40.094Z,-68.75,5.49,1095.2,-317.2
2026-09-07T17:06:55.582Z,-68.75,5.51,1091.3,-321.1
2026-09-07T17:07:10.206Z,-68.75,5.5,1092.8,-315.5
2026-09-07T17:07:24.702Z,-68.75,5.5,1092.2,-313.8
2026-09-07T17:07:39.326Z,-68.75,5.48,1095,-313.6
2026-09-07T17:07:53.918Z,-68.75,5.5,1093.2,-316.2
2026-09-07T17:08:09.214Z,-68.75,5.5,1092.5,-312.3
2026-09-07T17:08:23.934Z,-68.75,5.47,1094.8,-314.8
2026-09-07T17:08:38.558Z,-68.75,5.49,1094.9,-315.3
2026-09-07T17:08:53.342Z,-68.75,5.48,1095.2,-313.1
2026-09-07T17:09:07.902Z,-68.75,5.49,1095,-314.8
2026-09-07T17:09:22.942Z,-68.75,5.51,1091.4,-314.7
2026-09-07T17:09:37.566Z,-68.75,5.5,1092.8,-312.3
2026-09-07T17:09:52.254Z,-68.75,5.48,1094.4,-314.8
2026-09-07T17:10:07.038Z,-68.75,5.5,1092.6,-313.8
2026-09-07T17:10:21.758Z,-68.75,5.5,1093.4,-316.3
2026-09-07T17:10:36.870Z,-68.75,5.5,1091.5,-317.7
2026-09-07T17:10:51.742Z,-68.75,5.49,1094.4,-318.4
2026-09-07T17:11:06.982Z,-68.75,5.49,1094,-317.2
2026-09-07T17:11:21.598Z,-68.75,5.5,1092.4,-317
2026-09-07T17:14:48.030Z,-68.75,5.45,1094.3,-315.7
2026-09-07T17:16:15.838Z,-68.75,5.48,1094.2,-316.9
2026-09-07T17:16:31.230Z,-68.75,5.43,1094.7,-314.8
2026-09-07T17:16:46.206Z,-68.75,5.47,1090.6,-319.6
2026-09-07T17:17:01.470Z,-68.75,5.46,1092,-317.7
2026-09-07T17:17:16.094Z,-68.75,5.47,1094.8,-316.3
2026-09-07T17:17:30.654Z,-68.75,5.48,1092.4,-314.1
2026-09-07T17:17:45.758Z,-68.75,5.46,1095,-316.6
2026-09-07T17:18:00.446Z,-68.75,5.46,1094.6,-313.1
2026-09-07T17:18:25.998Z,-68.75,5.49,1092.5,-317.2
2026-09-07T17:18:40.422Z,-68.75,5.47,1094.1,-317.1
2026-09-07T17:18:55.454Z,-68.75,5.48,1092,-316.2
2026-09-07T17:19:10.238Z,-68.75,5.45,1094.6,-311.6
2026-09-07T17:19:24.862Z,-68.75,5.49,1091.4,-315.6
2026-09-07T17:19:40.286Z,-68.75,5.49,1092.4,-311.8
2026-09-07T17:19:54.974Z,-68.75,5.46,1094.8,-314
2026-09-07T17:20:10.030Z,-68.75,5.49,1092.1,-314.8
2026-09-07T17:20:24.758Z,-68.75,5.49,1092.4,-315.4
2026-09-07T17:20:39.486Z,-68.75,5.47,1093.8,-317.4
2026-09-07T17:20:54.398Z,-68.75,5.49,1091.9,-315.4
2026-09-07T17:21:09.086Z,-68.75,5.46,1093.9,-317.8
2026-09-07T17:21:24.606Z,-68.75,5.47,1094.5,-312.8
2026-09-07T17:21:39.326Z,-68.75,5.46,1094.6,-310.9
2026-09-07T17:21:53.790Z,-68.75,5.47,1094.8,-314.7
2026-09-07T17:22:08.574Z,-68.75,5.48,1095,-313.1
2026-09-07T17:22:23.230Z,-68.75,5.51,1094.4,-312.5
2026-09-07T17:22:38.270Z,-68.75,5.51,1092.3,-315.8
2026-09-07T17:22:52.990Z,-68.75,5.5,1092.6,-314.6
2026-09-07T17:23:07.742Z,-68.75,5.49,1095.1,-315.7
2026-09-07T17:23:22.398Z,-68.75,5.51,1092.2,-319
2026-09-07T17:23:37.598Z,-68.75,5.49,1093.5,-318.4
2026-09-07T17:23:52.622Z,-68.75,5.47,1094.6,-315.4
2026-09-07T17:24:07.294Z,-68.75,5.48,1094.8,-315.3
2026-09-07T17:24:22.014Z,-68.75,5.46,1094.7,-314
2026-09-07T17:24:36.670Z,-68.75,5.49,1094.8,-312.5
2026-09-07T17:24:51.398Z,-68.75,5.49,1091.8,-317.5
2026-09-07T17:25:06.942Z,-68.75,5.51,1091.3,-318.4
2026-09-07T17:25:21.502Z,-68.75,5.5,1095,-314.6
2026-09-07T17:25:46.142Z,-68.75,5.51,1092.2,-315.5
2026-09-07T17:26:01.150Z,-68.75,5.52,1094.8,-311.7
2026-09-07T17:26:16.286Z,-68.75,5.51,1091.3,-317.1
2026-09-07T17:26:31.614Z,-68.75,5.49,1095,-314.5
2026-09-07T17:26:46.302Z,-68.75,5.51,1092.8,-312.3
2026-09-07T17:27:01.062Z,-68.75,5.51,1091,-317.8
2026-09-07T17:27:16.902Z,-68.75,5.49,1095.2,-313.3
2026-09-07T17:27:31.486Z,-68.75,5.5,1093.8,-316.1
2026-09-07T17:27:46.654Z,-68.75,5.52,1091.9,-315.3
2026-09-07T17:28:01.246Z,-68.75,5.51,1095.2,-315.4
2026-09-07T17:28:56.102Z,-68.75,5.52,1092.6,-315.5
2026-09-07T17:29:11.558Z,-68.75,5.49,1095.1,-313.1
2026-09-07T17:29:36.190Z,-68.75,5.52,1092.8,-313.1
2026-09-07T17:29:50.846Z,-68.75,5.5,1093.7,-312.4
2026-09-07T17:30:05.438Z,-68.75,5.52,1093,-312.6
2026-09-07T17:30:20.446Z,-68.75,5.51,1092.7,-314
2026-09-07T17:30:35.038Z,-68.75,5.5,1094.9,-312
2026-09-07T17:30:50.206Z,-68.75,5.51,1091,-315.7
2026-09-07T17:31:05.310Z,-68.75,5.51,1092.2,-314.4
2026-09-07T17:31:19.870Z,-68.75,5.49,1094.2,-314.7
2026-09-07T17:31:36.494Z,-68.75,5.48,1095,-311.8
2026-09-07T17:31:51.198Z,-68.75,5.49,1092.9,-315
2026-09-07T17:32:05.830Z,-68.75,5.51,1091.6,-317.5
2026-09-07T17:32:20.510Z,-68.75,5.5,1092,-316.1
2026-09-07T17:32:35.134Z,-12.56,5.51,1091.2,958.9
2026-09-07T17:32:50.126Z,-68.75,5.51,1095.2,-312.5
2026-09-07T17:33:04.806Z,-68.75,5.49,1095,-311.6
2026-09-07T17:33:19.902Z,-68.75,5.5,1094.6,-313.8
2026-09-07T17:33:34.654Z,-68.75,5.5,1091.7,-316.1
2026-09-07T17:33:49.246Z,-68.75,5.5,1092.6,-314.8
2026-09-07T17:34:04.454Z,-68.75,5.51,1091.8,-319.6
2026-09-07T17:34:29.958Z,-68.75,5.5,1093,-316.9
2026-09-07T17:34:44.478Z,-68.75,5.49,1094.2,-317.1
2026-09-07T17:34:59.166Z,-68.75,5.5,1091.8,-318.1
2026-09-07T17:35:14.558Z,-68.75,5.49,1093.4,-318.3
2026-09-07T17:35:40.046Z,-68.75,5.5,1094.4,-318.3
2026-09-07T17:35:54.590Z,-68.75,5.52,1094,-315.6
2026-09-07T17:37:51.390Z,-68.75,5.49,1091.8,-320.2
2026-09-07T17:38:07.294Z,-68.75,5.46,1094.6,-314.8
2026-09-07T17:38:32.734Z,-68.75,5.47,1094.2,-314.7
2026-09-07T17:38:47.902Z,-68.75,5.48,1091.2,-318.1
2026-09-07T17:39:02.430Z,-68.75,5.47,1092,-318.9
2026-09-07T17:39:17.478Z,-68.75,5.47,1092.8,-321.3
2026-09-07T17:42:05.598Z,-68.75,5.5,1090.8,-319.5
2026-09-07T17:42:53.182Z,-68.75,5.49,1091,-318.4
2026-09-07T17:43:07.838Z,-68.75,5.47,1092,-320.1
2026-09-07T17:43:22.878Z,-68.75,5.48,1093,-318.3
2026-09-07T17:45:31.646Z,-68.75,5.48,1090.6,-319.1
2026-09-07T17:45:48.358Z,-68.75,5.48,1091.4,-318.7
2026-09-07T17:46:03.086Z,-68.75,5.5,1091.9,-320
2026-09-07T17:46:17.782Z,-68.75,5.48,1093.1,-317.4
2026-09-07T17:46:43.206Z,-68.75,5.5,1090.8,-320.2
2026-09-07T17:46:58.206Z,-68.75,5.5,1094.2,-314.8
2026-09-07T17:47:13.278Z,-68.75,5.47,1094.8,-316.8
2026-09-07T17:47:27.902Z,-68.75,5.47,1095,-315.1
2026-09-07T17:47:42.622Z,-68.75,5.5,1091.8,-317.7
2026-09-07T17:48:08.158Z,-68.75,5.5,1093.5,-317.2
2026-09-07T17:48:23.238Z,-68.75,5.49,1094.2,-316
2026-09-07T17:48:59.518Z,-68.75,5.49,1093.4,-314.6
2026-09-07T17:49:14.174Z,-68.75,5.48,1093.8,-314.8
2026-09-07T17:49:29.182Z,-68.75,5.5,1094.8,-309.2
2026-09-07T17:49:43.742Z,-68.75,5.51,1091.8,-314.7
2026-09-07T17:51:19.358Z,-68.75,5.48,1093.8,-314.6
2026-09-07T17:51:35.390Z,-68.75,5.49,1092.4,-315
2026-09-07T17:51:49.918Z,-68.75,5.49,1092.4,-313.1
2026-09-07T17:52:05.054Z,-68.75,5.48,1094.5,-313.8
2026-09-07T17:52:19.678Z,-68.75,5.48,1091.8,-316.3
2026-09-07T17:52:34.366Z,-68.75,5.48,1094.8,-316
2026-09-07T17:52:49.462Z,-68.75,5.5,1092,-314.1
2026-09-07T17:53:04.094Z,-68.75,5.48,1094.3,-315.1
2026-09-07T17:53:29.694Z,-68.75,5.5,1095.1,-310.2
2026-09-07T17:53:44.374Z,-68.75,5.48,1092.7,-317.2
2026-09-07T17:53:59.326Z,-68.75,5.46,1094.6,-313.1
2026-09-07T17:54:13.950Z,-68.75,5.49,1092.2,-314
2026-09-07T17:54:28.894Z,-68.75,5.48,1094.6,-313.8
2026-09-07T17:54:43.550Z,-68.75,5.5,1094,-313.4
2026-09-07T17:54:58.246Z,-68.75,5.48,1092.6,-318.8
2026-09-07T17:55:46.558Z,-68.75,5.48,1093.4,-315.5
2026-09-07T17:56:53.150Z,-68.75,5.49,1091.6,-318
2026-09-07T17:57:08.222Z,-68.75,5.48,1093.4,-318.4
2026-09-07T17:57:22.942Z,-68.75,5.47,1094.6,-312.8
2026-09-07T17:57:37.662Z,-68.75,5.48,1093.9,-315.9
2026-09-07T17:57:52.286Z,-68.75,5.5,1094.6,-314.6
2026-09-07T17:58:06.950Z,-68.75,5.49,1092.2,-318.7
2026-09-07T17:58:21.982Z,-68.75,5.49,1094,-316.6
2026-09-07T17:58:36.542Z,-68.75,5.5,1092,-314.8
2026-09-07T17:58:51.326Z,-68.75,5.49,1091.1,-316.6
2026-09-07T17:59:05.918Z,-68.75,5.49,1092.9,-316.3
2026-09-07T17:59:20.446Z,-68.75,5.49,1093.8,-312.5
2026-09-07T17:59:35.390Z,-68.75,5.49,1091.7,-319.1
2026-09-07T17:59:50.046Z,-68.75,5.46,1094.8,-314.8
2026-09-07T18:00:04.770Z,-68.75,5.48,1093,-318.5
2026-09-07T18:00:22.334Z,-68.75,5.47,1093.9,-315.5
2026-09-07T18:00:37.566Z,-68.75,5.46,1094.6,-315.4
2026-09-07T18:00:52.510Z,-68.75,5.45,1094.7,-313.1
2026-09-07T18:02:12.382Z,-68.75,5.5,1092.2,-316.1
2026-09-07T18:03:58.366Z,-68.75,5.46,1094.8,-318.7
2026-09-07T18:04:14.622Z,-68.75,5.47,1094.4,-314
2026-09-07T18:04:29.246Z,-68.75,5.44,1094.8,-314.3
2026-09-07T18:04:43.902Z,-68.75,5.47,1094.6,-317.3
2026-09-07T18:04:58.526Z,-68.75,5.45,1094.4,-319.6
2026-09-07T18:05:13.134Z,-68.75,5.49,1093.6,-319.1
2026-09-07T18:05:38.958Z,-68.75,5.47,1092.6,-320.3
2026-09-07T18:05:53.598Z,-68.75,5.46,1092.8,-318.4
2026-09-07T18:06:08.254Z,-68.75,5.5,1091.2,-318.1
2026-09-07T18:06:22.782Z,-68.75,5.49,1093.2,-319.8
2026-09-07T18:06:37.694Z,-68.75,5.49,1094.8,-315.5
2026-09-07T18:06:52.862Z,-68.75,5.49,1094.2,-313.2
2026-09-07T18:07:18.494Z,-68.75,5.48,1094,-318.3
2026-09-07T18:07:33.094Z,-68.75,5.51,1091,-317.5
2026-09-07T18:07:48.678Z,-68.75,5.5,1092,-315.7
2026-09-07T18:09:56.894Z,-68.75,5.51,1090.7,-316.6
2026-09-07T18:10:13.918Z,-68.75,5.49,1094.2,-314.2
2026-09-07T18:10:28.574Z,-68.75,5.49,1090.4,-317.8
2026-09-07T18:10:43.198Z,-68.75,5.47,1093,-319.1
2026-09-07T18:10:57.790Z,-68.75,5.49,1090.6,-317.7
2026-09-07T18:11:12.286Z,-68.75,5.47,1094.8,-311.8
2026-09-07T18:11:27.198Z,-68.75,5.51,1091.2,-315.1
2026-09-07T18:11:41.726Z,-68.75,5.48,1093.4,-314.7
2026-09-07T18:11:56.318Z,-68.75,5.5,1093.4,-313.1
2026-09-07T18:12:42.638Z,-68.75,5.51,1094.7,-317.2
2026-09-07T18:12:57.502Z,-68.75,5.49,1093.4,-313.4
2026-09-07T18:13:12.126Z,-68.75,5.49,1093.8,-312.3
2026-09-07T18:13:26.718Z,-68.75,5.49,1094.4,-312.8
2026-09-07T18:13:41.342Z,-68.75,5.5,1092.4,-314.8
2026-09-07T18:13:56.006Z,-68.75,5.49,1093.4,-316
2026-09-07T18:14:31.070Z,-68.75,5.49,1093.8,-317.1
2026-09-07T18:14:45.638Z,-68.75,5.49,1092.4,-317.5
2026-09-07T18:15:00.702Z,-68.75,5.51,1092,-316.9
2026-09-07T18:15:15.742Z,-68.75,5.49,1093.6,-316.2
2026-09-07T18:15:30.366Z,-68.75,5.5,1094,-314
2026-09-07T18:15:45.022Z,-68.75,5.51,1094.2,-311.8
2026-09-07T18:15:59.710Z,-68.75,5.49,1092.6,-317.2
2026-09-07T18:16:14.486Z,-68.75,5.51,1091,-318.6
2026-09-07T18:17:41.478Z,-68.75,5.5,1093.8,-315.7
2026-09-07T18:17:57.406Z,-68.75,5.51,1092.4,-313.6
2026-09-07T18:18:12.094Z,-68.75,5.49,1094.7,-314
2026-09-07T18:18:26.782Z,-68.75,5.48,1093.8,-316.3
2026-09-07T18:18:41.662Z,-68.75,5.5,1091.6,-317.7
2026-09-07T18:18:56.254Z,-68.75,5.5,1093,-312.9
2026-09-07T18:19:11.326Z,-68.75,5.49,1093,-319.1
2026-09-07T18:19:26.750Z,-68.75,5.5,1092.4,-317
2026-09-07T18:20:23.838Z,-68.75,5.48,1094.7,-312.4
2026-09-07T18:20:39.422Z,-68.75,5.52,1090.8,-317.2
2026-09-07T18:20:54.014Z,-68.75,5.47,1094.8,-313.1
2026-09-07T18:21:08.670Z,-68.75,5.5,1091,-318
2026-09-07T18:21:23.358Z,-68.75,5.48,1094.8,-312.2
2026-09-07T18:21:38.494Z,-68.75,5.47,1094.8,-315
2026-09-07T18:21:53.438Z,-68.75,5.5,1090.8,-318.1
2026-09-07T18:22:08.350Z,-68.75,5.5,1092.4,-318.8
2026-09-07T18:22:34.566Z,-68.75,5.51,1091.2,-318.8
2026-09-07T18:22:49.630Z,-68.75,5.52,1091.2,-315.3
2026-09-07T18:23:04.702Z,-68.75,5.49,1095,-312.9
2026-09-07T18:23:19.326Z,-68.75,5.51,1094.2,-315
2026-09-07T18:23:33.982Z,-68.75,5.51,1092.6,-312.4
2026-09-07T18:23:48.734Z,-68.75,5.51,1091.2,-316.6
2026-09-07T18:24:03.450Z,-68.75,5.51,1092.8,-318.6
2026-09-07T18:24:18.430Z,-68.75,5.51,1092.4,-317.5
2026-09-07T18:24:33.054Z,-68.75,5.52,1094.1,-317.1
2026-09-07T18:24:47.678Z,-68.75,5.51,1092,-316.3
2026-09-07T18:25:02.302Z,-68.75,5.51,1091.2,-319.8
2026-09-07T18:25:16.926Z,-68.75,5.51,1094.6,-318.1
2026-09-07T18:25:31.998Z,-68.75,5.5,1094.7,-316.9
2026-09-07T18:25:46.654Z,-68.75,5.5,1092.5,-318.1
2026-09-07T18:26:01.826Z,-68.75,5.49,1095,-316.8
2026-09-07T18:26:25.766Z,-68.75,5.5,1092.6,-318.7
2026-09-07T18:26:40.782Z,-68.75,5.5,1093.6,-320.4
2026-09-07T18:26:55.494Z,-68.75,5.52,1090.8,-317.1
2026-09-07T18:27:10.142Z,-68.75,5.51,1091.9,-317.7
2026-09-07T18:27:24.926Z,-68.75,5.51,1090.8,-319.9
2026-09-07T18:27:39.582Z,-68.75,5.48,1094.9,-318.4
2026-09-07T18:27:54.558Z,-68.75,5.52,1091.2,-320.8
2026-09-07T18:28:09.182Z,-68.75,5.51,1093.5,-318.3
2026-09-07T18:28:23.806Z,-68.75,5.49,1094.7,-315.6
2026-09-07T18:29:08.582Z,-68.75,5.53,1091.6,-321.4
2026-09-07T18:29:23.462Z,-68.75,5.51,1092.7,-320.1
2026-09-07T18:29:37.958Z,-68.75,5.5,1095,-317.8
2026-09-07T18:32:23.038Z,-68.75,5.52,1092.7,-319.6
2026-09-07T18:32:38.878Z,-68.75,5.51,1093,-317.5
2026-09-07T18:32:53.470Z,-68.75,5.51,1092.7,-320.8
2026-09-07T18:34:08.390Z,-68.75,5.51,1092.6,-318.7
2026-09-07T18:34:23.998Z,-68.75,5.51,1094.4,-319
2026-09-07T18:34:38.558Z,-68.75,5.51,1092.8,-318.8
2026-09-07T18:34:53.374Z,-68.75,5.49,1093.4,-319.9
2026-09-07T18:35:07.998Z,-68.75,5.51,1090.4,-319.9
2026-09-07T18:35:22.590Z,-68.75,5.5,1092.2,-315.9
2026-09-07T18:35:37.694Z,-68.75,5.5,1090.8,-318.8
2026-09-07T18:35:52.326Z,-68.75,5.5,1091.3,-321.4
2026-09-07T18:36:17.774Z,-68.75,5.5,1091.9,-318.6
2026-09-07T18:36:32.398Z,-68.75,5.5,1092.4,-320.6
2026-09-07T18:36:48.350Z,-68.75,5.49,1092.3,-318.5
2026-09-07T18:37:03.678Z,-68.75,5.47,1094.4,-317
2026-09-07T18:37:18.238Z,-68.75,5.49,1091.5,-318.4
2026-09-07T18:37:32.766Z,-68.75,5.5,1090.4,-319.9
2026-09-07T18:37:47.454Z,-68.75,5.47,1093.9,-321.4
2026-09-07T18:38:02.462Z,-68.75,5.48,1094.2,-312.5
2026-09-07T18:38:17.150Z,-68.75,5.48,1094.8,-318.6
2026-09-07T18:38:31.934Z,-68.75,5.48,1092.4,-321.4
2026-09-07T18:38:46.558Z,-68.75,5.47,1094.5,-314.8
2026-09-07T18:39:01.086Z,-68.75,5.49,1090.8,-320.5
2026-09-07T18:39:16.062Z,-68.75,5.48,1091.8,-321.4
2026-09-07T18:39:31.422Z,-68.75,5.46,1094.6,-318.5
2026-09-07T18:39:46.078Z,-68.75,5.5,1092.2,-321.4
2026-09-07T18:40:01.406Z,-68.75,5.51,1091.6,-320.1
2026-09-07T18:40:16.478Z,-68.75,5.49,1092.4,-317.8
2026-09-07T18:40:31.294Z,-68.75,5.48,1094,-319.3
2026-09-07T18:40:45.886Z,-68.75,5.51,1090.8,-319.3
2026-09-07T18:41:00.542Z,-68.75,5.47,1094.4,-317.2
2026-09-07T18:41:36.830Z,-68.75,5.51,1092.4,-315.9
2026-09-07T18:41:52.734Z,-68.75,5.48,1093.6,-319.6
2026-09-07T18:42:07.902Z,-68.75,5.49,1092.8,-321
2026-09-07T18:42:22.558Z,-68.75,5.51,1090.8,-320.8
2026-09-07T18:42:37.126Z,-68.75,5.49,1093.1,-316.8
2026-09-07T18:43:12.606Z,-68.75,5.5,1094.8,-314.5
2026-09-07T18:43:27.646Z,-68.75,5.52,1091.2,-316.5
2026-09-07T18:43:42.334Z,-68.75,5.51,1092,-318.5
2026-09-07T18:43:56.894Z,-68.75,5.52,1091.9,-321.9
2026-09-07T18:44:11.550Z,-68.75,5.5,1094.7,-318.1
2026-09-07T18:44:26.174Z,-68.75,5.48,1094.7,-317.8
2026-09-07T18:59:17.502Z,-68.75,5.52,1092,-314.8
2026-09-07T19:02:05.086Z,-68.75,5.51,1095,-312.1
2026-09-07T19:02:20.670Z,-68.75,5.49,1093.6,-314.8
2026-09-07T19:02:35.742Z,-68.75,5.47,1094.6,-314.1
2026-09-07T19:02:50.366Z,-68.75,5.49,1094.6,-313.1
2026-09-07T19:03:04.958Z,-68.75,5.5,1093.5,-311.7
2026-09-07T19:03:19.518Z,-68.75,5.52,1090.8,-314.6
2026-09-07T19:03:34.526Z,-68.75,5.49,1094.5,-314.6
2026-09-07T19:03:49.086Z,-68.75,5.51,1091,-313.7
2026-09-07T19:04:03.646Z,-68.75,5.48,1094,-316.6
2026-09-07T19:04:18.270Z,-68.75,5.49,1091.4,-316.3
2026-09-07T19:04:33.406Z,-68.75,5.48,1092.3,-319
2026-09-07T19:04:48.350Z,-68.75,5.49,1091.9,-320.8
2026-09-07T19:05:03.646Z,-68.75,5.49,1094.2,-318.4
2026-09-07T19:05:18.214Z,-68.75,5.48,1094.4,-317
2026-09-07T19:05:32.894Z,-68.75,5.49,1093.2,-317.8
2026-09-07T19:05:48.606Z,-68.75,5.49,1091.3,-321.4
2026-09-07T19:06:03.358Z,-68.75,5.49,1092.2,-316.9
2026-09-07T19:06:17.950Z,-68.75,5.49,1092,-316.9
2026-09-07T19:06:32.446Z,-68.75,5.5,1090.4,-318.4
2026-09-07T19:06:47.390Z,-68.75,5.48,1094.6,-315.8
2026-09-07T19:07:02.334Z,-68.75,5.48,1094,-319.9
2026-09-07T19:07:17.054Z,-68.75,5.5,1091.6,-319.9
2026-09-07T19:07:31.614Z,-68.75,5.49,1093.7,-317.2
2026-09-07T19:07:46.270Z,-68.75,5.47,1094.4,-319.1
2026-09-07T19:08:00.834Z,-68.75,5.49,1094.6,-315.8
2026-09-07T19:08:15.870Z,-68.75,5.5,1090.6,-319.3
2026-09-07T19:08:30.398Z,-68.75,5.48,1093.9,-314.8
2026-09-07T19:08:46.046Z,-68.75,5.49,1092,-321.4
2026-09-07T19:09:00.486Z,-68.75,5.49,1091.2,-320.2
2026-09-07T19:09:15.686Z,-68.75,5.49,1090.4,-320.2
2026-09-07T19:10:25.166Z,-68.75,5.49,1091.4,-319.3
2026-09-07T19:11:34.878Z,-68.75,5.47,1093.1,-324.4
2026-09-07T19:28:56.022Z,-68.75,5.52,1092.4,-316.6
2026-09-07T19:39:56.862Z,-68.75,5.5,1092.6,-322.2
2026-09-07T19:40:22.430Z,-68.75,5.49,1092.2,-316.2
2026-09-07T19:40:37.022Z,-68.75,5.49,1094.4,-314.4
2026-09-07T19:40:51.582Z,-68.75,5.49,1094.7,-315.4
2026-09-07T19:41:06.110Z,-68.75,5.51,1090.6,-318.4
2026-09-07T19:41:20.990Z,-68.75,5.48,1094.7,-311.8
2026-09-07T19:41:35.550Z,-68.75,5.49,1093.6,-316
2026-09-07T19:41:50.078Z,-68.75,5.5,1090.6,-317.2
2026-09-07T19:42:04.678Z,-68.75,5.49,1094.7,-316
2026-09-07T19:42:19.230Z,-68.75,5.47,1094.7,-315.4
2026-09-07T19:42:34.206Z,-68.75,5.49,1092.4,-314.8
2026-09-07T19:42:48.798Z,-68.75,5.49,1093.1,-316.6
2026-09-07T19:43:03.390Z,-68.75,5.49,1093.3,-319.1
2026-09-07T19:43:17.918Z,-68.75,5.48,1094.8,-312.5
2026-09-07T19:43:32.574Z,-68.75,5.5,1092.4,-317
2026-09-07T19:43:47.582Z,-68.75,5.52,1094.4,-319
2026-09-07T19:44:02.302Z,-68.75,5.5,1094.5,-313.6
2026-09-07T19:44:16.926Z,-68.75,5.48,1094.6,-319.3
2026-09-07T19:44:32.062Z,-68.75,5.49,1094.6,-318.6
2026-09-07T19:44:46.622Z,-68.75,5.52,1091.8,-315.5
2026-09-07T19:45:01.702Z,-68.75,5.52,1091.6,-316.6
2026-09-07T19:45:16.222Z,-68.75,5.52,1091.8,-316.8
2026-09-07T19:45:30.838Z,-68.75,5.5,1092.6,-318.5
2026-09-07T19:45:45.486Z,-68.75,5.5,1093.5,-318.8
2026-09-07T19:46:00.126Z,-68.75,5.51,1092.6,-316.3
2026-09-07T19:46:15.198Z,-68.75,5.5,1092.6,-316.8
2026-09-07T19:46:29.758Z,-68.75,5.52,1092.5,-315.1
2026-09-07T19:46:44.766Z,-68.75,5.51,1091.6,-316.6
2026-09-07T19:46:59.262Z,-68.75,5.5,1093.4,-317.2
2026-09-07T19:47:14.622Z,-68.75,5.51,1094.9,-311.4
2026-09-07T19:47:29.566Z,-68.75,5.51,1091.6,-318.6
2026-09-07T19:47:44.222Z,-68.75,5.52,1091,-316
2026-09-07T19:47:58.790Z,-68.75,5.52,1091.1,-314.2
2026-09-07T19:48:13.438Z,-68.75,5.49,1093,-317.3
2026-09-07T19:48:28.126Z,-68.75,5.51,1092.6,-311.7
2026-09-07T19:48:42.974Z,-68.75,5.5,1093.8,-315.1
2026-09-07T19:48:57.694Z,-68.75,5.51,1094.6,-312.8
2026-09-07T19:49:12.254Z,-68.75,5.52,1092.7,-313.5
2026-09-07T19:49:26.782Z,-68.75,5.51,1092.3,-316.3
2026-09-07T19:49:41.246Z,-68.75,5.5,1094.8,-318.1
2026-09-07T19:49:56.254Z,-68.75,5.5,1094.6,-312.8
2026-09-07T19:50:10.750Z,-68.75,5.51,1091.5,-315.6
2026-09-07T19:50:25.374Z,-68.75,5.49,1094.2,-315.6
2026-09-07T19:50:40.606Z,-68.75,5.46,1094.5,-314
2026-09-07T19:50:55.230Z,-68.75,5.51,1092.5,-314.3
2026-09-07T19:51:10.686Z,-68.75,5.51,1092.3,-318.4
2026-09-07T19:51:25.182Z,-68.75,5.48,1094.8,-314
2026-09-07T19:51:40.414Z,-68.75,5.48,1094.8,-314.6
2026-09-07T19:51:54.974Z,-68.75,5.51,1091.6,-316.5
2026-09-07T19:52:09.502Z,-68.75,5.48,1094.6,-315.1
2026-09-07T19:52:24.414Z,-68.75,5.48,1093.3,-319.2
2026-09-07T19:52:38.942Z,-68.75,5.51,1090.6,-318.7
2026-09-07T19:52:53.502Z,-68.75,5.48,1094.8,-313.7
2026-09-07T19:53:08.190Z,-68.75,5.51,1091.2,-316.9
2026-09-07T19:53:22.974Z,-68.75,5.5,1094.3,-316.2
2026-09-07T19:53:38.046Z,-68.75,5.51,1093.4,-318.4
2026-09-07T19:53:52.638Z,-68.75,5.5,1092.5,-318
2026-09-07T19:54:07.102Z,-68.75,5.48,1094.8,-314.8
2026-09-07T19:54:21.662Z,-68.75,5.5,1094.6,-317.3
2026-09-07T19:54:36.510Z,-68.75,5.51,1095,-315.3
2026-09-07T19:54:51.486Z,-68.75,5.49,1094.4,-316.6
2026-09-07T19:55:06.558Z,-68.75,5.51,1094.8,-316.2
2026-09-07T19:55:21.086Z,-68.75,5.5,1094.8,-314.1
2026-09-07T19:55:35.710Z,-68.75,5.51,1091.4,-316.3
2026-09-07T19:55:50.302Z,-68.75,5.51,1094.3,-314.7
2026-09-07T19:56:05.406Z,-68.75,5.52,1092.8,-312.5
2026-09-07T19:56:19.966Z,-68.75,5.49,1095,-317.1
2026-09-07T19:56:34.462Z,-68.75,5.5,1094.7,-314
2026-09-07T19:56:49.502Z,-68.75,5.51,1094.4,-311.6
2026-09-07T19:57:04.134Z,-68.75,5.52,1091.1,-316.8
2026-09-07T19:57:19.070Z,-68.75,5.53,1091.9,-313.8
2026-09-07T19:57:33.630Z,-68.75,5.52,1091,-318.1
2026-09-07T19:57:48.702Z,-68.75,5.51,1093.3,-316.8
2026-09-07T19:58:03.262Z,-68.75,5.52,1091,-317.3
2026-09-07T19:58:17.726Z,-68.75,5.5,1094.6,-314.5
2026-09-07T19:58:32.550Z,-68.75,5.53,1093.8,-316
2026-09-07T19:58:47.806Z,-68.75,5.53,1092.6,-313.2
2026-09-07T19:59:02.398Z,-68.75,5.54,1092.2,-314.8
2026-09-07T19:59:16.958Z,-68.75,5.48,1094.7,-313.9
2026-09-07T19:59:31.550Z,-68.75,5.52,1092.2,-316.6
2026-09-07T19:59:56.574Z,-68.75,5.49,1094.3,-316.2
2026-09-07T20:00:11.166Z,-68.75,5.49,1094.5,-316.1
2026-09-07T20:00:26.526Z,-68.75,5.48,1093.8,-317.2
2026-09-07T20:00:51.926Z,-68.75,5.53,1092.1,-317
2026-09-07T20:01:28.478Z,-68.75,5.5,1092.8,-315.8
2026-09-07T20:01:43.102Z,-68.75,5.5,1093,-315.7
2026-09-07T20:02:39.486Z,-68.75,5.52,1091.2,-315.1
2026-09-07T20:03:04.574Z,-68.75,5.5,1095,-308.4
2026-09-07T20:03:19.134Z,-68.75,5.51,1092.7,-315.3
2026-09-07T20:03:33.726Z,-68.75,5.53,1091.8,-316.6
2026-09-07T20:03:48.222Z,-68.75,5.52,1091.6,-318.6
2026-09-07T20:04:03.102Z,-68.75,5.52,1091.4,-316.2
2026-09-07T20:04:17.534Z,-68.75,5.5,1094.8,-315.1
2026-09-07T20:04:32.702Z,-68.75,5.53,1091.1,-319.8
2026-09-07T20:04:47.070Z,-68.75,5.5,1094.8,-314.7
2026-09-07T20:05:02.302Z,-68.75,5.52,1092.8,-312.1
2026-09-07T20:05:17.182Z,-68.75,5.52,1091.8,-316.9
2026-09-07T20:05:31.710Z,-68.75,5.53,1091,-316.3
2026-09-07T20:05:46.238Z,-68.75,5.51,1095.2,-316.6
2026-09-07T20:06:00.734Z,-68.75,5.54,1091.4,-315.1
2026-09-07T20:06:15.270Z,-68.75,5.53,1094.6,-313.3
2026-09-07T20:06:30.278Z,-68.75,5.51,1095,-314.8
2026-09-07T20:06:44.778Z,-68.75,5.51,1094.5,-316.6
2026-09-07T20:06:59.358Z,-68.75,5.51,1094.8,-309.6
2026-09-07T20:07:14.526Z,-68.75,5.53,1095,-311.3
2026-09-07T20:07:29.054Z,-68.75,5.54,1095.2,-313.1
2026-09-07T20:07:44.030Z,-68.75,5.54,1094.8,-311.3
2026-09-07T20:07:58.654Z,-68.75,5.53,1092.4,-315.1
2026-09-07T20:10:56.318Z,-68.75,5.54,1091.2,-314.1
2026-09-07T20:11:20.542Z,-68.75,5.54,1091.2,-313.6
2026-09-07T20:11:35.710Z,-68.75,5.51,1094.8,-310.9
2026-09-07T20:11:50.302Z,-68.75,5.53,1092.2,-316.6
2026-09-07T20:12:04.798Z,-68.75,5.52,1093.4,-317.6
2026-09-07T20:12:19.838Z,-68.75,5.51,1095.2,-313.2
2026-09-07T20:12:34.366Z,-68.75,5.52,1095,-312.5
2026-09-07T20:12:48.894Z,-68.75,5.54,1092,-313.4
2026-09-07T20:13:03.454Z,-68.75,5.52,1095,-313.3
2026-09-07T20:13:17.982Z,-68.75,5.51,1095.1,-314.8
2026-09-07T20:13:32.834Z,-68.75,5.54,1092.1,-311.8
2026-09-07T20:13:47.390Z,-68.75,5.53,1095.2,-310.2
2026-09-07T20:14:01.854Z,-68.75,5.55,1091.6,-312.8
2026-09-07T20:14:16.510Z,-68.75,5.53,1093.8,-313.3
2026-09-07T20:14:30.974Z,-68.75,5.54,1093.2,-311.3
2026-09-07T20:14:45.854Z,-68.75,5.53,1095,-314
2026-09-07T20:15:00.414Z,-68.75,5.53,1095.2,-311.3
2026-09-07T20:15:15.134Z,-68.75,5.5,1094.8,-313.1
2026-09-07T20:15:29.630Z,-68.75,5.51,1093.6,-309.6
2026-09-07T20:15:45.022Z,-68.75,5.51,1092,-313.1
2026-09-07T20:16:00.062Z,-68.75,5.51,1092.4,-312.9
2026-09-07T20:16:15.366Z,-68.75,5.52,1090.8,-318.6
2026-09-07T20:16:29.854Z,-68.75,5.51,1091.7,-317.3
2026-09-07T20:16:44.382Z,-68.75,5.49,1094.6,-315.6
2026-09-07T20:16:58.990Z,-68.75,5.51,1093,-318
2026-09-07T20:17:13.982Z,-68.75,5.51,1091.8,-316.1
2026-09-07T20:17:28.478Z,-68.75,5.48,1093.8,-314.5
2026-09-07T20:17:43.038Z,-68.75,5.51,1090.9,-315.1
2026-09-07T20:17:57.694Z,-68.75,5.48,1094.7,-313.1
2026-09-07T20:18:13.214Z,-68.75,5.49,1095,-310.1
2026-09-07T20:18:28.094Z,-68.75,5.5,1095,-312.4
2026-09-07T20:18:42.598Z,-68.75,5.51,1092.8,-316.1
2026-09-07T20:18:57.158Z,-68.75,5.5,1094.4,-316.6
2026-09-07T20:19:11.806Z,-68.75,5.48,1094.4,-315.8
2026-09-07T20:19:26.886Z,-68.75,5.5,1093.4,-314.3
2026-09-07T20:19:41.886Z,-68.75,5.5,1094.6,-315
2026-09-07T20:19:56.446Z,-68.75,5.49,1093.2,-316.6
2026-09-07T20:20:11.046Z,-68.75,5.5,1094.2,-319.2
2026-09-07T20:20:47.334Z,-68.75,5.51,1091.4,-317.6
2026-09-07T20:21:02.246Z,-68.75,5.53,1091.3,-316.3
2026-09-07T20:21:16.838Z,-68.75,5.51,1095,-314.2
2026-09-07T20:21:31.390Z,-68.75,5.53,1091.4,-317.5
2026-09-07T20:21:45.886Z,-68.75,5.51,1092.2,-316.2
2026-09-07T20:22:00.734Z,-68.75,5.5,1094.8,-313.4
2026-09-07T20:22:15.742Z,-68.75,5.51,1095,-317.6
2026-09-07T20:22:30.302Z,-68.75,5.49,1094.9,-313.5
2026-09-07T20:22:44.958Z,-68.75,5.52,1091,-317.3
2026-09-07T20:23:10.494Z,-68.75,5.52,1092,-317.7
2026-09-07T20:24:45.826Z,-68.75,5.5,1094.2,-314.1
2026-09-07T20:25:01.598Z,-68.75,5.53,1092.1,-318.4
2026-09-07T20:25:27.262Z,-68.75,5.52,1092.4,-317.1
2026-09-07T20:25:41.918Z,-68.75,5.52,1093.6,-313.1
2026-09-07T20:25:56.486Z,-68.75,5.53,1091.2,-318.3
2026-09-07T20:26:11.966Z,-68.75,5.53,1091.2,-317.8
2026-09-07T20:28:28.670Z,-68.75,5.53,1091.3,-315.4
2026-09-07T20:28:44.214Z,-68.75,5.5,1093,-320.1
2026-09-07T20:31:49.886Z,-68.75,5.52,1092.7,-316.1
2026-09-07T20:32:05.790Z,-68.75,5.49,1094.8,-313.1
2026-09-07T20:32:20.358Z,-68.75,5.53,1091.4,-315.4
2026-09-07T20:32:34.910Z,-68.75,5.5,1092.9,-317.1
2026-09-07T20:32:59.654Z,-68.75,5.53,1091.1,-315.8
2026-09-07T20:33:15.238Z,-68.75,5.51,1092.1,-316.2
2026-09-07T20:33:29.862Z,-68.75,5.52,1092.2,-318.8
2026-09-07T20:33:45.070Z,-68.75,5.53,1091.8,-315.1
2026-09-07T20:34:21.342Z,-68.75,5.49,1093.8,-315.5
2026-09-07T20:34:36.358Z,-68.75,5.49,1094.3,-317
2026-09-07T20:35:22.710Z,-68.75,5.53,1092,-315.1
2026-09-07T20:35:37.702Z,-68.75,5.51,1094.2,-317.3
2026-09-07T20:35:52.294Z,-68.75,5.51,1093,-318.3
2026-09-07T20:36:06.862Z,-68.75,5.5,1095,-316.3
2026-09-07T20:36:21.438Z,-68.75,5.53,1094.2,-319.5
2026-09-07T20:36:36.702Z,-68.75,5.51,1093.8,-318.4
2026-09-07T20:36:51.726Z,-68.75,5.53,1093.6,-314.7
2026-09-07T20:37:17.254Z,-68.75,5.51,1094.2,-315.9
2026-09-07T20:37:31.838Z,-68.75,5.54,1091.2,-316.6
2026-09-07T20:37:46.374Z,-68.75,5.51,1093.2,-316.5
2026-09-07T20:38:01.382Z,-68.75,5.54,1093.2,-316.6
2026-09-07T20:39:57.190Z,-68.75,5.55,1091.6,-312.3
2026-09-07T20:40:13.118Z,-68.75,5.53,1094,-311.6
2026-09-07T20:40:27.742Z,-68.75,5.51,1095,-313.1
2026-09-07T20:40:42.238Z,-68.75,5.52,1093.8,-314.6
2026-09-07T20:40:56.766Z,-68.75,5.52,1093.1,-313.1
2026-09-07T20:41:11.198Z,-68.75,5.52,1092.3,-315.1
2026-09-07T20:41:35.870Z,-68.75,5.51,1094.8,-316.8
2026-09-07T20:41:51.134Z,-68.75,5.51,1094.9,-315.1
2026-09-07T20:42:06.142Z,-68.75,5.5,1094.6,-318.1
2026-09-07T20:42:20.798Z,-68.75,5.46,1093.9,-316.9
2026-09-07T20:42:35.614Z,-67.75,5.47,1093.8,-324.7
2026-09-07T20:42:50.270Z,-66.31,5.47,1089.9,-346.9
2026-09-07T20:43:04.862Z,-68.5,5.46,1092.2,-321.3
2026-09-07T20:43:19.742Z,-59.94,5.45,1089.2,-434.1
2026-09-07T20:43:34.270Z,-63.38,5.44,1092.2,-379
2026-09-07T20:43:49.630Z,-68.75,5.43,1090.8,-321.7
2026-09-07T20:44:04.094Z,-68.75,5.44,1090.3,-325.9
2026-09-07T20:44:18.622Z,-59.19,5.43,1089.8,-446.5
2026-09-07T20:44:33.086Z,-65.5,5.41,1093.4,-358.1
2026-09-07T20:44:47.582Z,-68.75,5.39,1093.3,-325.3
2026-09-07T20:45:02.526Z,-68.75,5.42,1092,-328.8
2026-09-07T20:45:17.182Z,-68.75,5.44,1093.8,-327.8
2026-09-07T20:45:31.806Z,-68.75,5.43,1094,-321.8
2026-09-07T20:45:46.430Z,-68.75,5.43,1094,-321.7
2026-09-07T20:46:01.022Z,-68.75,5.42,1092.2,-328.6
2026-09-07T20:46:16.062Z,-68.75,5.45,1090.4,-330.3
2026-09-07T20:46:31.070Z,-68.75,5.44,1094,-323.5
2026-09-07T20:46:45.598Z,-68.75,5.45,1090.8,-327
2026-09-07T20:47:00.190Z,-68.75,5.45,1089.8,-330
2026-09-07T20:47:14.814Z,-68.75,5.45,1093.5,-328.7
2026-09-07T20:47:29.758Z,-68.75,5.45,1091.8,-321.1
2026-09-07T20:47:44.318Z,-68.75,5.45,1090.2,-326.8
2026-09-07T20:47:58.910Z,-68.75,5.46,1090.2,-330.6
2026-09-07T20:48:13.438Z,-68.75,5.45,1091.2,-328.5
2026-09-07T20:48:28.126Z,-65,5.43,1093.2,-364.7
2026-09-07T20:48:42.942Z,-68.69,5.42,1091.8,-332.4
2026-09-07T20:48:57.438Z,-68.75,5.41,1093.6,-325.6
2026-09-07T20:49:11.966Z,-68.75,5.4,1093.6,-333.1
2026-09-07T20:49:26.462Z,-68.75,5.42,1093.5,-329
2026-09-07T20:49:41.086Z,-68.75,5.43,1090.6,-333.6
2026-09-07T20:49:55.966Z,-68.75,5.43,1090.8,-332.5
2026-09-07T20:50:10.462Z,-68.75,5.44,1089.8,-333.8
2026-09-07T20:50:25.630Z,-68.75,5.43,1092,-332.5
2026-09-07T20:50:40.190Z,-68.75,5.43,1094,-329.8
2026-09-07T20:50:54.786Z,-68.75,5.45,1094,-332.8
2026-09-07T20:51:09.662Z,-68.75,5.44,1092.8,-335.3
2026-09-07T20:51:24.222Z,-68.75,5.44,1092.4,-330.9
2026-09-07T20:51:38.686Z,-68.75,5.43,1094,-327.7
2026-09-07T20:51:53.182Z,-68.75,5.44,1090.4,-332.1
2026-09-07T20:52:08.254Z,-68.75,5.41,1092.5,-334.5
2026-09-07T20:52:23.134Z,-68.75,5.43,1094,-328.2
2026-09-07T20:52:37.694Z,-68.75,5.44,1093.8,-329.6
2026-09-07T20:52:52.222Z,-68.75,5.42,1094,-332
2026-09-07T20:53:06.718Z,-68.75,5.43,1094.4,-326.7
2026-09-07T20:53:21.310Z,-68.75,5.45,1091.8,-329.3
2026-09-07T20:53:36.286Z,-68.75,5.42,1094.1,-329.2
2026-09-07T20:53:51.486Z,-68.75,5.44,1091.2,-336.3
2026-09-07T20:54:05.950Z,-68.75,5.44,1094.2,-328.8
2026-09-07T20:54:20.414Z,-68.75,5.43,1093.5,-330.3
2026-09-07T20:54:35.006Z,-68.75,5.45,1090.6,-334.4
2026-09-07T20:54:49.822Z,-68.75,5.43,1094,-325.9
2026-09-07T20:55:04.318Z,-68.75,5.44,1094.1,-330.5
2026-09-07T20:55:18.782Z,-68.75,5.46,1090.3,-334.1
2026-09-07T20:55:33.278Z,-68.75,5.43,1094.1,-328.9
2026-09-07T20:55:47.838Z,-68.75,5.46,1091.9,-328.7
2026-09-07T20:56:02.878Z,-68.75,5.42,1092,-333
2026-09-07T20:56:18.046Z,-68.75,5.46,1091.2,-328.6
2026-09-07T20:56:32.542Z,-68.75,5.46,1093,-327.3
2026-09-07T20:56:47.070Z,-68.75,5.46,1091.9,-327.5
2026-09-07T20:57:01.566Z,-68.75,5.45,1094.5,-327.4
2026-09-07T20:57:16.446Z,-68.75,5.44,1094.1,-329.3
2026-09-07T20:57:31.262Z,-68.75,5.44,1094.5,-328.9
2026-09-07T20:57:45.918Z,-68.75,5.46,1092,-333.1
2026-09-07T20:58:00.414Z,-68.75,5.46,1094.7,-326.8
2026-09-07T20:58:14.942Z,-68.75,5.48,1090.9,-328.2
2026-09-07T20:58:30.142Z,-68.75,5.45,1094,-330.2
2026-09-07T20:58:45.118Z,-68.75,5.48,1090.7,-329.7
2026-09-07T20:58:59.678Z,-68.75,5.48,1092.3,-325.9
2026-09-07T20:59:14.206Z,-68.75,5.45,1094.6,-327.4
2026-09-07T20:59:28.830Z,-68.75,5.46,1094.7,-323.3
2026-09-07T20:59:44.478Z,-68.75,5.47,1092.2,-329.4
2026-09-07T20:59:59.038Z,-68.75,5.48,1092.2,-329.2
2026-09-07T21:00:13.630Z,-68.75,5.47,1094.4,-327.7
2026-09-07T21:00:28.894Z,-68.75,5.46,1094.4,-323.9
2026-09-07T21:00:43.838Z,-68.75,5.44,1094.6,-326.3
2026-09-07T21:00:58.366Z,-68.75,5.43,1094.4,-323.9
2026-09-07T21:01:13.182Z,-68.75,5.45,1092.3,-327.5
2026-09-07T21:01:27.742Z,-68.75,5.48,1091.4,-328.8
2026-09-07T21:01:42.398Z,-68.75,5.47,1094.4,-328.8
2026-09-07T21:01:57.358Z,-68.75,5.47,1091.6,-329.2
2026-09-07T21:02:11.934Z,-68.75,5.47,1092.4,-327.1
2026-09-07T21:02:26.590Z,-68.75,5.48,1094.1,-327.2
2026-09-07T21:02:41.122Z,-68.75,5.46,1092.4,-329.2
2026-09-07T21:02:55.646Z,-68.75,5.47,1092.2,-324.3
2026-09-07T21:03:10.558Z,-68.75,5.46,1093.3,-328.4
2026-09-07T21:03:25.118Z,-68.75,5.48,1090.8,-328.5
2026-09-07T21:03:39.678Z,-68.75,5.48,1092,-325.9
2026-09-07T21:03:54.206Z,-68.75,5.46,1094.5,-325.6
2026-09-07T21:04:08.670Z,-68.75,5.48,1091.6,-325
2026-09-07T21:04:23.582Z,-68.75,5.48,1090.4,-329.4
2026-09-07T21:04:38.142Z,-68.75,5.48,1092,-329.3
2026-09-07T21:04:52.734Z,-68.75,5.46,1094.1,-325.9
2026-09-07T21:05:07.198Z,-68.75,5.45,1094.6,-324.4
2026-09-07T21:05:22.270Z,-68.75,5.45,1092.7,-327.9
2026-09-07T21:05:37.310Z,-68.75,5.45,1094.8,-324.1
2026-09-07T21:05:51.806Z,-68.75,5.46,1092.2,-324.7
2026-09-07T21:06:06.366Z,-68.75,5.47,1092.4,-328.9
2026-09-07T21:06:20.966Z,-68.75,5.47,1090.6,-329.7
2026-09-07T21:06:36.318Z,-68.75,5.47,1092.4,-330.3
2026-09-07T21:06:51.262Z,-68.75,5.48,1090.6,-327.1
2026-09-07T21:07:06.366Z,-68.75,5.44,1094.4,-325.9
2026-09-07T21:07:20.926Z,-68.75,5.46,1094.6,-325.6
2026-09-07T21:07:35.486Z,-68.75,5.46,1092.6,-329.6
2026-09-07T21:07:50.014Z,-68.75,5.48,1090.6,-327.5
2026-09-07T21:08:04.842Z,-68.75,5.48,1090.8,-329.6
2026-09-07T21:08:20.030Z,-68.75,5.47,1093.6,-325
2026-09-07T21:08:34.526Z,-68.75,5.46,1091.8,-329.3
2026-09-07T21:08:49.094Z,-68.75,5.48,1090.4,-330.1
2026-09-07T21:09:03.582Z,-68.75,5.47,1094.6,-321.3
2026-09-07T21:09:18.470Z,-68.75,5.47,1090.4,-327.1
2026-09-07T21:09:33.022Z,-68.75,5.47,1092.6,-324.5
2026-09-07T21:09:47.518Z,-68.75,5.45,1094.2,-324
2026-09-07T21:10:02.110Z,-68.75,5.47,1094.4,-324.7
2026-09-07T21:10:16.670Z,-68.75,5.48,1090.8,-329.7
2026-09-07T21:10:32.126Z,-68.75,5.45,1093.6,-327.8
2026-09-07T21:10:46.622Z,-68.75,5.49,1093.2,-325.9
2026-09-07T21:11:01.150Z,-68.75,5.48,1091.8,-327
2026-09-07T21:11:15.742Z,-68.75,5.47,1092,-325.5
2026-09-07T21:11:30.366Z,-68.75,5.49,1092,-325.1
2026-09-07T21:11:54.846Z,-68.75,5.46,1091.2,-328.9
2026-09-07T21:12:09.350Z,-68.75,5.45,1094.6,-324.7
2026-09-07T21:12:23.902Z,-68.75,5.45,1094.4,-323
2026-09-07T21:12:49.246Z,-68.75,5.44,1094.4,-325.9
2026-09-07T21:13:04.126Z,-68.75,5.46,1093.1,-327.8
2026-09-07T21:13:18.654Z,-68.75,5.48,1092.8,-318.5
2026-09-07T21:13:33.182Z,-68.75,5.49,1092,-327.5
2026-09-07T21:13:47.678Z,-68.75,5.48,1094.8,-324.4
2026-09-07T21:14:02.206Z,-68.75,5.48,1091.2,-325.9
2026-09-07T21:14:17.150Z,-68.75,5.47,1094.6,-324.5
2026-09-07T21:14:31.806Z,-68.75,5.48,1093,-326.4
2026-09-07T21:14:46.878Z,-68.75,5.49,1090.8,-326
2026-09-07T21:15:01.406Z,-68.75,5.48,1090.7,-325.6
2026-09-07T21:15:15.934Z,-68.75,5.49,1090.8,-322.5
2026-09-07T21:15:30.782Z,-68.75,5.49,1093,-325.9
2026-09-07T21:15:45.310Z,-68.75,5.45,1094.6,-320.7
2026-09-07T21:15:59.870Z,-68.75,5.47,1094.4,-321.6
2026-09-07T21:16:14.526Z,-68.75,5.46,1094.6,-322.5
2026-09-07T21:16:28.926Z,-68.75,5.46,1094,-324.5
2026-09-07T21:16:44.446Z,-68.75,5.46,1094.6,-322.1
2026-09-07T21:16:59.006Z,-68.75,5.49,1093.2,-321.3
2026-09-07T21:17:16.446Z,-68.75,5.47,1094.6,-322.9
2026-09-07T21:17:30.942Z,-68.75,5.47,1092.6,-323.5
2026-09-07T21:17:45.894Z,-68.75,5.48,1092.7,-324.1
2026-09-07T21:18:00.382Z,-68.75,5.48,1093.2,-322.3
2026-09-07T21:18:15.006Z,-68.75,5.48,1092,-325.2
2026-09-07T21:18:29.502Z,-68.75,5.46,1094.4,-322.9
2026-09-07T21:18:44.446Z,-68.75,5.47,1091.8,-323.6
2026-09-07T21:18:59.390Z,-68.75,5.46,1093.2,-326.4
2026-09-07T21:20:40.814Z,-68.75,5.48,1092,-322.8
2026-09-07T21:21:08.070Z,-68.75,5.48,1094,-322.9
2026-09-07T21:21:22.598Z,-68.75,5.49,1090.8,-321.9
2026-09-07T21:21:37.214Z,-68.75,5.45,1093.2,-323.8
2026-09-07T21:23:28.518Z,-68.75,5.51,1091.2,-321.1
2026-09-07T21:23:44.030Z,-68.75,5.48,1094.4,-319.3
2026-09-07T21:23:58.590Z,-68.75,5.5,1091.6,-318.3
2026-09-07T21:24:13.254Z,-68.75,5.5,1090.8,-324.5
2026-09-07T21:24:27.774Z,-68.75,5.49,1092.5,-319.9
2026-09-07T21:24:42.854Z,-68.75,5.5,1091.3,-320
2026-09-07T21:24:57.758Z,-68.75,5.48,1093.6,-322.3
2026-09-07T21:25:12.318Z,-68.75,5.49,1092.8,-317.8
2026-09-07T21:25:26.814Z,-68.75,5.48,1094.8,-319.3
2026-09-07T21:25:41.374Z,-68.75,5.48,1094.8,-313.6
2026-09-07T21:25:55.934Z,-68.75,5.51,1091.6,-318.9
2026-09-07T21:26:10.726Z,-68.75,5.51,1091.2,-318.3
2026-09-07T21:26:25.246Z,-68.75,5.5,1095,-317.8
2026-09-07T21:26:39.934Z,-68.75,5.51,1091.2,-320.4
2026-09-07T21:26:54.462Z,-68.75,5.51,1091.6,-320.8
2026-09-07T21:27:09.054Z,-68.75,5.48,1093.9,-318.5
2026-09-07T21:27:24.094Z,-68.75,5.5,1092.8,-316.9
2026-09-07T21:27:38.686Z,-68.75,5.49,1092.3,-318.4
2026-09-07T21:27:53.182Z,-68.75,5.47,1095.1,-319.6
2026-09-07T21:28:07.718Z,-68.75,5.5,1091.1,-321.1
2026-09-07T21:28:22.654Z,-68.75,5.51,1095,-315.9
2026-09-07T21:28:37.502Z,-68.75,5.49,1094.8,-315.3
2026-09-07T21:28:53.246Z,-68.75,5.52,1094.7,-316.3
2026-09-07T21:29:07.838Z,-68.75,5.5,1095.2,-313.9
2026-09-07T21:29:22.398Z,-68.75,5.51,1093,-316.9
2026-09-07T21:29:36.894Z,-68.75,5.53,1091.4,-316.3
2026-09-07T21:29:51.774Z,-68.75,5.52,1093,-313.1
2026-09-07T21:30:06.238Z,-68.75,5.51,1093.9,-316.1
2026-09-07T21:30:20.862Z,-68.75,5.52,1092.2,-315.1
2026-09-07T21:30:35.838Z,-68.75,5.52,1092.7,-312
2026-09-07T21:30:50.558Z,-68.75,5.51,1093.4,-313.8
2026-09-07T21:31:05.438Z,-68.75,5.52,1094.4,-310.5
2026-09-07T21:31:19.966Z,-68.75,5.49,1095,-312.1
2026-09-07T21:31:34.526Z,-68.75,5.51,1094.7,-312.8
2026-09-07T21:31:49.022Z,-68.75,5.51,1093.2,-315.4
2026-09-07T21:32:03.518Z,-68.75,5.52,1091.6,-313.8
2026-09-07T21:32:19.294Z,-68.75,5.51,1095.2,-314.6
2026-09-07T21:32:33.694Z,-68.75,5.51,1095.2,-313.2
2026-09-07T21:32:49.022Z,-68.75,5.53,1093,-312.5
2026-09-07T21:33:03.454Z,-68.75,5.53,1093.8,-310.2
2026-09-07T21:33:17.918Z,-68.75,5.5,1094.6,-305.8
2026-09-07T21:33:32.766Z,-68.75,5.53,1091,-315.1
2026-09-07T21:33:47.230Z,-68.75,5.53,1091.7,-315.1
2026-09-07T21:34:01.662Z,-68.75,5.52,1092.2,-312.8
2026-09-07T21:34:16.126Z,-68.75,5.52,1093,-313.1
2026-09-07T21:34:30.590Z,-68.75,5.52,1091.9,-316.6
2026-09-07T21:34:45.374Z,-68.75,5.51,1094.8,-311.8
2026-09-07T21:34:59.870Z,-68.75,5.5,1094.8,-313.1
2026-09-07T21:35:14.398Z,-68.75,5.5,1094.8,-310.6
2026-09-07T21:35:29.406Z,-68.75,5.52,1093.8,-305.9
2026-09-07T21:35:44.030Z,-68.75,5.52,1094,-309.1
2026-09-07T21:35:58.878Z,-68.75,5.51,1095,-314
2026-09-07T21:36:13.374Z,-68.75,5.53,1091.9,-313.5
2026-09-07T21:36:27.870Z,-68.75,5.51,1095.2,-311.3
2026-09-07T21:36:43.038Z,-68.75,5.5,1094.9,-312.8
2026-09-07T21:36:58.974Z,-68.75,5.53,1091.6,-314.2
2026-09-07T21:37:13.438Z,-68.75,5.54,1091.4,-314.7
2026-09-07T21:37:28.702Z,-68.75,5.49,1094.8,-310.4
2026-09-07T21:37:43.262Z,-68.75,5.49,1095.2,-311.1
2026-09-07T21:37:57.726Z,-68.75,5.49,1094.9,-311.4
2026-09-07T21:38:12.638Z,-68.75,5.51,1092.8,-315.5
2026-09-07T21:38:27.166Z,-68.75,5.5,1094.4,-312.8
2026-09-07T21:38:41.694Z,-68.75,5.52,1091.9,-311.1
2026-09-07T21:38:56.222Z,-68.75,5.48,1094.8,-310.8
2026-09-07T21:39:10.718Z,-68.75,5.5,1092.6,-314.2
2026-09-07T21:39:25.598Z,-68.75,5.52,1091.1,-313.3
2026-09-07T21:39:40.102Z,-68.75,5.5,1094.8,-309.6
2026-09-07T21:39:54.598Z,-68.75,5.51,1093.2,-316
2026-09-07T21:40:09.086Z,-68.75,5.5,1092.4,-313.3
2026-09-07T21:40:23.582Z,-68.75,5.48,1095,-312.9
2026-09-07T21:40:39.102Z,-68.75,5.53,1091.4,-314.2
2026-09-07T21:40:53.598Z,-68.75,5.49,1094.8,-308.3
2026-09-07T21:41:08.510Z,-68.75,5.52,1093,-307.9
2026-09-07T21:41:22.974Z,-68.75,5.49,1095,-310.5
2026-09-07T21:41:37.606Z,-68.75,5.52,1090.9,-313.7
2026-09-07T21:41:52.478Z,-68.75,5.47,1094.8,-310.9
2026-09-07T21:42:16.926Z,-68.75,5.53,1091.6,-312.3
2026-09-07T21:42:31.422Z,-68.75,5.51,1093,-305.9
2026-09-07T21:42:46.206Z,-68.75,5.5,1095.2,-308.6
2026-09-07T21:43:01.086Z,-68.75,5.51,1094.1,-310.5
2026-09-07T21:43:16.158Z,-68.75,5.52,1091.3,-312.5
2026-09-07T21:43:30.622Z,-68.75,5.51,1093.4,-308.3
2026-09-07T21:43:45.758Z,-68.75,5.51,1091,-313.1
2026-09-07T21:44:00.294Z,-68.75,5.51,1090.9,-315.9
2026-09-07T21:44:15.198Z,-68.75,5.52,1091.2,-314.1
2026-09-07T21:44:29.726Z,-68.75,5.49,1092.8,-315.3
2026-09-07T21:44:44.222Z,-68.75,5.5,1094.7,-308.4
2026-09-07T21:44:59.646Z,-68.75,5.5,1092.5,-310.8
2026-09-07T21:45:14.110Z,-68.75,5.5,1092.8,-313.2
2026-09-07T21:45:28.894Z,-68.75,5.51,1092.6,-312.2
2026-09-07T21:45:43.462Z,-68.75,5.5,1090.9,-311.4
2026-09-07T21:45:57.982Z,-68.75,5.5,1093.6,-310.1
2026-09-07T21:46:12.510Z,-68.75,5.51,1091.6,-311.3
2026-09-07T21:46:27.038Z,-68.75,5.49,1093.2,-313.1
2026-09-07T21:46:42.446Z,-68.75,5.49,1092.7,-314.5
2026-09-07T21:46:56.934Z,-68.75,5.48,1092.2,-314.8
2026-09-07T21:47:11.486Z,-68.75,5.47,1095,-314.5
2026-09-07T21:47:25.958Z,-68.75,5.5,1091,-316
2026-09-07T21:47:40.510Z,-68.75,5.49,1094.7,-315.7
2026-09-07T21:47:55.902Z,-68.75,5.5,1093,-311.1
2026-09-07T21:48:10.470Z,-68.75,5.51,1091,-316.6
2026-09-07T21:48:25.062Z,-68.75,5.5,1091.2,-314.1
2026-09-07T21:48:39.422Z,-68.75,5.49,1093.6,-314.4
2026-09-07T21:48:54.046Z,-68.75,5.48,1094.4,-315.1
2026-09-07T21:49:09.534Z,-68.75,5.5,1095,-312.5
2026-09-07T21:49:24.094Z,-68.75,5.51,1091,-312.9
2026-09-07T21:49:38.558Z,-68.75,5.5,1092.2,-313.3
2026-09-07T21:49:53.022Z,-68.75,5.5,1092.9,-308.2
2026-09-07T21:50:08.958Z,-68.75,5.5,1095,-309.6
2026-09-07T21:50:23.902Z,-68.75,5.53,1091.2,-312.8
2026-09-07T21:50:38.334Z,-68.75,5.51,1092.4,-314
2026-09-07T21:50:52.834Z,-68.75,5.53,1091.6,-312.9
2026-09-07T21:51:07.422Z,-68.75,5.49,1095.2,-308.8
2026-09-07T21:51:21.886Z,-68.75,5.48,1094.8,-307.2
2026-09-07T21:51:36.894Z,-68.75,5.52,1093.1,-305.1
2026-09-07T21:51:51.262Z,-68.75,5.49,1094.2,-313.1
2026-09-07T21:52:05.662Z,-68.75,5.53,1092.6,-309.9
2026-09-07T21:52:20.158Z,-68.75,5.52,1091.2,-310.4
2026-09-07T21:52:34.686Z,-68.75,5.51,1093.2,-308.7
2026-09-07T21:52:49.534Z,-68.75,5.5,1094.2,-311.1
2026-09-07T21:53:04.062Z,-68.75,5.5,1095,-311.1
2026-09-07T21:53:18.558Z,-68.75,5.51,1092,-313.7
2026-09-07T21:53:33.182Z,-68.75,5.51,1095.4,-307.4
2026-09-07T21:53:47.774Z,-68.75,5.52,1091.5,-310.2
2026-09-07T21:54:02.558Z,-68.75,5.51,1094.6,-309.6
2026-09-07T21:54:17.030Z,-68.75,5.51,1091.2,-312.2
2026-09-07T21:54:31.486Z,-68.75,5.48,1094.7,-306.2
2026-09-07T21:54:45.990Z,-68.75,5.5,1092.2,-316.3
2026-09-07T21:55:00.454Z,-68.75,5.52,1091,-315.7
2026-09-07T21:55:15.294Z,-68.75,5.51,1094,-307.2
2026-09-07T21:55:29.790Z,-68.75,5.49,1095.1,-308.9
2026-09-07T21:55:44.254Z,-68.75,5.5,1091,-314.6
2026-09-07T21:55:58.878Z,-68.75,5.49,1094.5,-312.5
2026-09-07T21:56:13.342Z,-68.75,5.48,1094.9,-311.1
2026-09-07T21:56:28.222Z,-68.75,5.48,1094.9,-309.1
2026-09-07T21:56:42.686Z,-68.75,5.5,1093.8,-309.9
2026-09-07T21:56:57.150Z,-68.75,5.5,1094.7,-305.9
2026-09-07T21:57:11.582Z,-68.75,5.5,1094.9,-306.7
2026-09-07T21:57:26.046Z,-68.75,5.52,1091.9,-311.1
2026-09-07T21:57:40.894Z,-68.75,5.49,1095,-307.9
2026-09-07T21:57:55.550Z,-68.75,5.51,1094.9,-308.6
2026-09-07T21:58:09.982Z,-68.75,5.51,1093.8,-308.6
2026-09-07T21:58:25.086Z,-68.75,5.51,1092.6,-306.1
2026-09-07T21:58:39.646Z,-68.75,5.52,1091.1,-314.2
2026-09-07T21:58:54.494Z,-68.75,5.47,1095,-305.7
2026-09-07T21:59:08.990Z,-68.75,5.49,1093.6,-311.4
2026-09-07T21:59:23.422Z,-68.75,5.51,1094.6,-312.2
2026-09-07T21:59:37.982Z,-68.75,5.52,1092.7,-307
2026-09-07T21:59:52.446Z,-68.75,5.54,1091.2,-313.5
2026-09-07T22:00:07.358Z,-68.75,5.53,1093,-309.1
2026-09-07T22:00:21.918Z,-68.75,5.53,1092.8,-307.6
2026-09-07T22:00:36.382Z,-68.75,5.53,1094.1,-305.7
2026-09-07T22:00:50.814Z,-68.75,5.49,1094.8,-309.1
2026-09-07T22:01:05.342Z,-68.75,5.52,1091.2,-309.4
2026-09-07T22:01:20.702Z,-68.75,5.52,1091.6,-316.3
2026-09-07T22:01:35.230Z,-68.75,5.51,1095.2,-308.3
2026-09-07T22:01:50.302Z,-68.75,5.53,1095,-307.6
2026-09-07T22:02:04.766Z,-68.75,5.5,1095,-308.2
2026-09-07T22:02:19.294Z,-68.75,5.5,1094.2,-307.2
2026-09-07T22:02:34.078Z,-68.75,5.49,1094,-310.2
2026-09-07T22:02:48.518Z,-68.75,5.51,1090.9,-314.2
2026-09-07T22:03:03.022Z,-68.75,5.49,1094.8,-310.5
2026-09-07T22:03:17.662Z,-68.75,5.51,1094.2,-311.4
2026-09-07T22:03:43.022Z,-68.75,5.5,1095,-307.9
2026-09-07T22:03:58.230Z,-68.75,5.51,1093.4,-310.9
2026-09-07T22:04:12.798Z,-68.75,5.51,1092.9,-311.3
2026-09-07T22:04:27.422Z,-68.75,5.51,1092.9,-311.8
2026-09-07T22:04:41.886Z,-68.75,5.51,1095,-310.3
2026-09-07T22:04:56.390Z,-68.75,5.52,1093,-312.9
2026-09-07T22:05:11.238Z,-68.75,5.53,1091.3,-311.7
2026-09-07T22:05:25.726Z,-68.75,5.53,1091.4,-313.7
2026-09-07T22:05:40.166Z,-68.75,5.5,1095.2,-307.9
2026-09-07T22:05:54.782Z,-68.75,5.52,1093.8,-310.2
2026-09-07T22:06:09.254Z,-68.75,5.52,1094.8,-311.6
2026-09-07T22:06:25.062Z,-68.75,5.51,1092.6,-311.1
2026-09-07T22:07:22.974Z,-68.75,5.52,1092.1,-313.1
2026-09-07T22:07:37.918Z,-68.75,5.51,1091.2,-312.6
2026-09-07T22:07:52.382Z,-68.75,5.5,1094.6,-311.6
2026-09-07T22:08:07.006Z,-68.75,5.5,1093.8,-312.2
2026-09-07T22:08:21.438Z,-68.75,5.52,1091.3,-311.3
2026-09-07T22:08:36.126Z,-68.75,5.49,1094.8,-310.4
2026-09-07T22:08:51.078Z,-68.75,5.52,1091.2,-309.6
2026-09-07T22:09:05.550Z,-68.75,5.5,1094.2,-310.5
2026-09-07T22:09:20.414Z,-68.75,5.52,1093.1,-308.1
2026-09-07T22:09:34.854Z,-68.75,5.51,1092.4,-309.6
2026-09-07T22:09:49.382Z,-68.75,5.52,1092.4,-309.9
2026-09-07T22:10:04.126Z,-68.75,5.51,1094.8,-307.9
2026-09-07T22:10:18.654Z,-68.75,5.52,1092.6,-308.7
2026-09-07T22:10:33.118Z,-68.75,5.51,1092,-309.4
2026-09-07T22:10:48.094Z,-68.75,5.5,1093.4,-309.8
2026-09-07T22:11:02.630Z,-68.75,5.51,1094,-308.6
2026-09-07T22:11:18.078Z,-68.75,5.51,1093.4,-309.4
2026-09-07T22:11:32.510Z,-68.75,5.51,1092.5,-309.5
2026-09-07T22:11:47.070Z,-68.75,5.5,1091.6,-311.1
2026-09-07T22:12:01.662Z,-68.75,5.47,1094.6,-309.9
2026-09-07T22:12:16.126Z,-68.75,5.48,1094.4,-310.6
2026-09-07T22:12:40.910Z,-68.75,5.5,1091.6,-311
2026-09-07T22:12:55.454Z,-68.75,5.51,1093.2,-309.4
2026-09-07T22:13:10.014Z,-68.75,5.5,1095,-307.9
2026-09-07T22:13:24.542Z,-68.75,5.51,1091.6,-309.8
2026-09-07T22:13:40.102Z,-68.75,5.51,1091.4,-310.7
2026-09-07T22:13:54.718Z,-68.75,5.49,1093.6,-307.6
2026-09-07T22:14:09.182Z,-68.75,5.5,1095,-310.3
2026-09-07T22:14:24.574Z,-68.75,5.51,1093.4,-301.5
2026-09-07T22:14:39.454Z,-68.75,5.53,1093.2,-304
2026-09-07T22:14:54.078Z,-68.75,5.5,1095,-302.1
2026-09-07T22:15:08.574Z,-68.75,5.5,1095,-308.8
2026-09-07T22:15:23.014Z,-68.75,5.51,1091.2,-307.6
2026-09-07T22:15:37.598Z,-68.75,5.5,1094.9,-304
2026-09-07T22:15:52.510Z,-68.75,5.52,1093,-308.1
2026-09-07T22:16:07.646Z,-68.75,5.51,1095.4,-308.4
2026-09-07T22:16:22.238Z,-68.75,5.52,1092.6,-308.3
2026-09-07T22:16:37.222Z,-68.75,5.52,1091.2,-309.6
2026-09-07T22:16:51.710Z,-68.75,5.53,1091.2,-310.6
2026-09-07T22:17:06.750Z,-68.75,5.49,1094.5,-305.4
2026-09-07T22:17:21.310Z,-68.75,5.51,1095,-304.7
2026-09-07T22:17:36.638Z,-68.75,5.53,1093.4,-304.5
2026-09-07T22:17:51.102Z,-68.75,5.54,1091.5,-309.9
2026-09-07T22:18:05.598Z,-68.75,5.53,1095.2,-302.5
2026-09-07T22:18:20.606Z,-68.75,5.52,1095,-304.9
2026-09-07T22:18:35.166Z,-68.75,5.52,1093.2,-307.9
2026-09-07T22:18:49.726Z,-68.75,5.53,1093.7,-306.6
2026-09-07T22:19:04.230Z,-68.75,5.53,1093,-307.6
2026-09-07T22:19:18.750Z,-68.75,5.53,1092.2,-309.9
2026-09-07T22:19:33.726Z,-68.75,5.53,1092.8,-311.4
2026-09-07T22:19:48.190Z,-68.75,5.53,1093.2,-304.9
2026-09-07T22:20:02.694Z,-68.75,5.54,1091.7,-306.9
2026-09-07T22:20:17.254Z,-68.75,5.55,1091.6,-308.5
2026-09-07T22:20:32.478Z,-68.75,5.52,1095.4,-304.5
2026-09-07T22:20:47.326Z,-68.75,5.53,1094.8,-303.1
2026-09-07T22:21:01.894Z,-68.75,5.55,1091.6,-304.2
2026-09-07T22:21:16.382Z,-68.75,5.53,1094.8,-302.5
2026-09-07T22:21:30.846Z,-68.75,5.53,1094.2,-309.1
2026-09-07T22:21:45.694Z,-68.75,5.55,1091.8,-306.7
2026-09-07T22:22:00.542Z,-68.75,5.53,1091.5,-307
2026-09-07T22:22:15.262Z,-68.75,5.52,1095.2,-304.5
2026-09-07T22:22:30.622Z,-68.75,5.53,1091.6,-307.4
2026-09-07T22:22:45.118Z,-68.75,5.53,1094.8,-306.5
2026-09-07T22:22:59.678Z,-68.75,5.54,1094,-310.2
2026-09-07T22:23:14.878Z,-68.75,5.53,1095.2,-304.2
2026-09-07T22:23:29.470Z,-68.75,5.52,1093.9,-305.5
2026-09-07T22:23:44.014Z,-68.75,5.53,1094,-309.1
2026-09-07T22:23:58.526Z,-68.75,5.51,1095.4,-304.5
2026-09-07T22:24:13.086Z,-68.75,5.54,1093,-310.2
2026-09-07T22:24:27.974Z,-68.75,5.55,1092,-307.9
2026-09-07T22:24:42.494Z,-68.75,5.54,1093.7,-306.5
2026-09-07T22:24:56.990Z,-68.75,5.52,1095,-305.1
2026-09-07T22:25:11.494Z,-68.75,5.52,1095,-305.4
2026-09-07T22:25:25.958Z,-68.75,5.53,1091.8,-304.9
2026-09-07T22:25:40.842Z,-68.75,5.5,1092.8,-306.2
2026-09-07T22:26:05.566Z,-68.75,5.49,1093,-309.6
2026-09-07T22:26:20.102Z,-68.75,5.5,1093.4,-310.1
2026-09-07T22:26:34.638Z,-68.75,5.49,1095.1,-304.6
2026-09-07T22:26:49.606Z,-68.75,5.51,1093,-302.6
2026-09-07T22:27:14.974Z,-68.75,5.52,1093.2,-304.7
2026-09-07T22:27:29.470Z,-68.75,5.5,1092.8,-307.9
2026-09-07T22:28:05.758Z,-68.75,5.5,1093.5,-311.1
2026-09-07T22:28:20.638Z,-68.75,5.5,1095.2,-305.8
2026-09-07T22:28:35.134Z,-68.75,5.49,1094.2,-307.6
2026-09-07T22:29:00.478Z,-68.75,5.51,1093.8,-305.9
2026-09-07T22:29:15.646Z,-68.75,5.49,1095.2,-304.7
2026-09-07T22:29:40.518Z,-68.75,5.49,1094.1,-308.6
2026-09-07T22:29:55.030Z,-68.75,5.51,1092.2,-309.6
2026-09-07T22:30:10.110Z,-68.75,5.5,1094.3,-308.9
2026-09-07T22:30:35.430Z,-68.75,5.52,1094.4,-312.1
2026-09-07T22:31:00.382Z,-68.75,5.5,1094.4,-311.1
2026-09-07T22:38:49.094Z,-68.75,5.54,1093.4,-309.9
2026-09-07T22:39:04.830Z,-68.75,5.54,1091.3,-307.9
2026-09-07T22:39:19.366Z,-68.75,5.52,1094.3,-307.6
2026-09-07T22:39:55.606Z,-68.75,5.51,1093.5,-309.2
2026-09-07T22:40:10.470Z,-68.75,5.51,1094,-307.4
2026-09-07T22:40:44.990Z,-68.75,5.53,1094,-306.2
2026-09-07T22:40:59.454Z,-68.75,5.53,1092.2,-308.3
2026-09-07T22:41:25.174Z,-68.75,5.55,1093.2,-306.5
2026-09-07T22:41:39.654Z,-68.75,5.55,1091.6,-306.2
2026-09-07T22:41:54.206Z,-68.75,5.55,1091.8,-304.7
2026-09-07T22:43:02.118Z,-68.75,5.56,1091.8,-305.4
2026-09-07T22:44:28.654Z,-68.75,5.51,1094.6,-306.7
2026-09-07T22:45:05.302Z,-68.75,5.52,1092.6,-307.1
2026-09-07T23:00:42.462Z,-68.75,5.54,1095.4,-302.1
2026-09-07T23:00:58.238Z,-68.75,5.49,1094.2,-304.2
2026-09-07T23:01:12.734Z,-68.75,5.49,1091.2,-311.6
2026-09-07T23:01:27.198Z,-68.75,5.49,1093,-310.1
2026-09-07T23:01:42.078Z,-68.75,5.48,1092.8,-314
2026-09-07T23:01:56.638Z,-68.75,5.49,1090.7,-310.2
2026-09-07T23:02:12.286Z,-68.75,5.5,1091.8,-311.6
2026-09-07T23:02:26.782Z,-68.75,5.48,1091.8,-311.9
2026-09-07T23:02:41.278Z,-68.75,5.47,1094.8,-311.1
2026-09-07T23:02:55.806Z,-68.75,5.45,1094.1,-306.2
2026-09-07T23:03:10.270Z,-68.75,5.47,1092,-309.6
2026-09-07T23:03:25.214Z,-68.75,5.48,1092.2,-309.6
2026-09-07T23:03:39.646Z,-68.75,5.49,1090.6,-314.5
2026-09-07T23:03:54.206Z,-68.75,5.46,1094.7,-311.3
2026-09-07T23:04:08.734Z,-68.75,5.47,1091.2,-316.3
2026-09-07T23:04:23.230Z,-68.75,5.45,1094.7,-305.9
2026-09-07T23:04:38.078Z,-68.75,5.48,1093,-313.8
2026-09-07T23:04:52.670Z,-68.75,5.48,1093,-312.1
2026-09-07T23:05:07.166Z,-68.75,5.49,1094.6,-308.2
2026-09-07T23:05:21.694Z,-68.75,5.48,1094.9,-306.5
2026-09-07T23:05:36.222Z,-68.75,5.48,1092.4,-312.5
2026-09-07T23:05:51.038Z,-68.75,5.48,1094.8,-309.6
2026-09-07T23:06:05.534Z,-68.75,5.5,1092.6,-309.9
2026-09-07T23:06:20.030Z,-68.75,5.47,1094.8,-306.8
2026-09-07T23:06:34.494Z,-68.75,5.5,1094.2,-308.4
2026-09-07T23:06:49.022Z,-68.75,5.5,1093.3,-308.3
2026-09-07T23:07:03.870Z,-68.75,5.5,1092.6,-310.3
2026-09-07T23:07:18.366Z,-68.75,5.5,1093,-307.1
2026-09-07T23:07:32.894Z,-68.75,5.47,1095,-306.9
2026-09-07T23:07:47.390Z,-68.75,5.51,1092.4,-310.7
2026-09-07T23:08:01.886Z,-68.75,5.5,1093.4,-306.5
2026-09-07T23:08:16.834Z,-68.75,5.49,1095,-309.5
2026-09-07T23:08:31.326Z,-68.75,5.49,1095.2,-309.9
2026-09-07T23:08:45.854Z,-68.75,5.51,1095,-309.3
2026-09-07T23:09:01.022Z,-68.75,5.5,1094.6,-309.1
2026-09-07T23:09:15.518Z,-68.75,5.5,1092.5,-310.4
2026-09-07T23:09:30.366Z,-68.75,5.47,1094.7,-310.6
2026-09-07T23:09:44.934Z,-68.75,5.5,1091.2,-312
2026-09-07T23:09:59.558Z,-68.75,5.53,1091.4,-312.8
2026-09-07T23:10:14.078Z,-68.75,5.49,1095.4,-309.6
2026-09-07T23:10:28.542Z,-68.75,5.5,1094.8,-309.9
2026-09-07T23:10:44.094Z,-68.75,5.52,1092.2,-310.2
2026-09-07T23:10:58.598Z,-68.75,5.52,1091.3,-309.5
2026-09-07T23:11:13.598Z,-68.75,5.48,1095,-304
2026-09-07T23:11:28.062Z,-68.75,5.49,1095.2,-309.6
2026-09-07T23:11:42.590Z,-68.75,5.49,1095.2,-304.3
2026-09-07T23:11:57.638Z,-68.75,5.53,1092.3,-310.1
2026-09-07T23:12:12.830Z,-68.75,5.52,1095,-304
2026-09-07T23:12:27.326Z,-68.75,5.51,1093.7,-307.3
2026-09-07T23:12:41.790Z,-68.75,5.51,1092.2,-311.1
2026-09-07T23:12:56.350Z,-68.75,5.52,1093.6,-302
2026-09-07T23:13:11.198Z,-68.75,5.53,1092.6,-307.6
2026-09-07T23:13:26.270Z,-68.75,5.53,1094.2,-305.7
2026-09-07T23:13:49.638Z,-68.75,5.55,1092.5,-306.6
2026-09-07T23:14:04.094Z,-68.75,5.5,1094.6,-308.1
2026-09-07T23:14:19.014Z,-68.75,5.53,1091.8,-309.6
2026-09-07T23:14:33.478Z,-68.75,5.53,1092.9,-307.6
2026-09-07T23:14:48.006Z,-68.75,5.53,1092.7,-309.9
2026-09-07T23:15:02.558Z,-68.75,5.53,1093.9,-307.9
2026-09-07T23:15:17.862Z,-68.75,5.53,1094.2,-305.9
2026-09-07T23:15:32.834Z,-68.75,5.53,1095.5,-303.7
2026-09-07T23:15:47.326Z,-68.75,5.51,1095.7,-304.2
2026-09-07T23:16:01.798Z,-68.75,5.51,1094.6,-308.8
2026-09-07T23:16:16.326Z,-68.75,5.52,1094,-307.9
2026-09-07T23:16:30.758Z,-68.75,5.54,1093.9,-306.7
2026-09-07T23:16:45.622Z,-68.75,5.53,1094.6,-308.8
2026-09-07T23:17:00.118Z,-68.75,5.55,1093.6,-303.4
2026-09-07T23:17:14.694Z,-68.75,5.54,1095.6,-306.5
2026-09-07T23:17:29.118Z,-68.75,5.53,1095.6,-305.1
2026-09-07T23:17:43.670Z,-68.75,5.54,1094.6,-305.9
2026-09-07T23:17:58.566Z,-68.75,5.55,1094.4,-307.4
2026-09-07T23:18:13.062Z,-68.75,5.55,1094.2,-303.3
2026-09-07T23:18:38.398Z,-68.75,5.55,1092.3,-311.8
2026-09-07T23:18:52.942Z,-68.75,5.52,1095.6,-306.7
2026-09-07T23:19:07.822Z,-68.75,5.54,1094.1,-303.1
2026-09-07T23:19:22.286Z,-68.75,5.53,1095.1,-307
2026-09-07T23:19:36.870Z,-68.75,5.55,1092.2,-307.7
2026-09-07T23:19:51.390Z,-68.75,5.56,1092.3,-305.7
2026-09-07T23:20:05.886Z,-68.75,5.56,1092.6,-304.9
2026-09-07T23:20:41.662Z,-68.75,5.55,1095.6,-307.4
2026-09-07T23:20:56.958Z,-68.75,5.54,1093.4,-308
2026-09-07T23:21:11.390Z,-68.75,5.54,1094.5,-306.2
2026-09-07T23:21:26.390Z,-68.75,5.55,1092,-302.6
2026-09-07T23:23:02.806Z,-68.75,5.54,1092.4,-303.4
2026-09-07T23:23:18.638Z,-68.75,5.52,1094.8,-304
2026-09-07T23:23:44.078Z,-68.75,5.54,1092.6,-301.3
2026-09-08T01:10:12.622Z,-68.75,5.54,1094,-309.6
2026-09-08T01:10:40.486Z,-68.75,5.54,1091.4,-309.9
2026-09-08T01:10:55.070Z,-68.75,5.54,1092.6,-312.5
2026-09-08T01:11:09.566Z,-68.75,5.51,1094.6,-309.8
2026-09-08T01:11:24.062Z,-68.75,5.53,1095.2,-309.1
2026-09-08T01:11:39.614Z,-68.75,5.5,1095.2,-305.7
2026-09-08T01:11:54.078Z,-68.75,5.53,1093.2,-308.8
2026-09-08T01:12:08.638Z,-68.75,5.52,1094.3,-309.4
2026-09-08T01:12:23.102Z,-68.75,5.51,1095.2,-306.2
2026-09-08T01:12:37.630Z,-68.75,5.55,1095,-304.7
2026-09-08T01:12:52.606Z,-68.75,5.54,1092.4,-308.7
2026-09-08T01:13:07.134Z,-68.75,5.53,1092.8,-311.1
2026-09-08T01:13:21.822Z,-68.75,5.53,1094.1,-309.9
2026-09-08T01:13:36.350Z,-68.75,5.51,1093,-309.8
2026-09-08T01:13:50.814Z,-68.75,5.52,1094.2,-306.9
2026-09-08T01:14:06.302Z,-68.75,5.51,1094.7,-310.1
2026-09-08T01:14:20.830Z,-68.75,5.53,1094,-306.5
2026-09-08T01:14:35.230Z,-68.75,5.54,1091.6,-309.1
2026-09-08T01:14:49.822Z,-68.75,5.53,1091.4,-312.4
2026-09-08T01:15:04.318Z,-68.75,5.54,1091.5,-310.9
2026-09-08T01:15:19.230Z,-68.75,5.52,1093.6,-313.1
2026-09-08T01:15:34.110Z,-68.75,5.53,1092.4,-312.6
2026-09-08T01:15:48.638Z,-68.75,5.52,1094.2,-311.3
2026-09-08T01:16:03.646Z,-68.75,5.53,1093.6,-312.2
2026-09-08T01:16:18.126Z,-68.75,5.51,1095.2,-311.1
2026-09-08T01:16:33.182Z,-68.75,5.54,1093.2,-308.2
2026-09-08T01:16:48.318Z,-68.75,5.52,1093.4,-312.3
2026-09-08T01:17:02.846Z,-68.75,5.52,1094.4,-310.6
2026-09-08T01:17:17.374Z,-68.75,5.5,1095.3,-311.6
2026-09-08T01:17:31.870Z,-68.75,5.5,1095.1,-307.4
2026-09-08T01:17:46.782Z,-68.75,5.5,1095.2,-305.7
2026-09-08T01:18:01.374Z,-68.75,5.51,1095.2,-309.4
2026-09-08T01:18:15.934Z,-68.75,5.53,1093.8,-309.8
2026-09-08T01:18:30.942Z,-68.75,5.52,1093.6,-312.2
2026-09-08T01:18:45.542Z,-68.75,5.54,1091.6,-312.2
2026-09-08T01:19:00.494Z,-68.75,5.52,1095,-312.8
2026-09-08T01:19:15.070Z,-68.75,5.53,1093.3,-309.9
2026-09-08T01:19:29.566Z,-68.75,5.55,1091.8,-310.6
2026-09-08T01:19:44.766Z,-68.75,5.52,1095.4,-309.1
2026-09-08T01:19:59.262Z,-68.75,5.52,1095.2,-309.5
2026-09-08T01:20:14.174Z,-68.75,5.54,1092.2,-310.6
2026-09-08T01:20:28.958Z,-68.75,5.54,1092.6,-314.2
2026-09-08T01:20:43.598Z,-68.75,5.53,1095.2,-311.1
2026-09-08T01:20:58.142Z,-68.75,5.54,1091.7,-311.6
2026-09-08T01:21:12.710Z,-68.75,5.55,1091.9,-311.6
2026-09-08T01:21:28.190Z,-68.75,5.53,1093.6,-311
2026-09-08T01:21:42.910Z,-68.75,5.54,1093.4,-313.2
2026-09-08T01:22:07.398Z,-68.75,5.54,1092,-312.1
2026-09-08T01:22:21.886Z,-68.75,5.51,1095.1,-311.1
2026-09-08T01:22:37.254Z,-68.75,5.55,1092.5,-309.4
2026-09-08T01:22:51.774Z,-68.75,5.51,1095.1,-311.3
2026-09-08T01:23:06.286Z,-68.75,5.53,1095.4,-310.1
2026-09-08T01:23:20.862Z,-68.75,5.53,1094,-310.8
2026-09-08T01:23:35.398Z,-68.75,5.52,1094.8,-309.6
2026-09-08T01:23:50.334Z,-68.75,5.5,1095,-306.7
2026-09-08T01:24:04.958Z,-68.75,5.52,1093.2,-306.8
2026-09-08T01:24:19.486Z,-68.75,5.54,1092.7,-311.1
2026-09-08T01:24:44.934Z,-68.75,5.51,1094.8,-308.8
2026-09-08T01:24:59.846Z,-68.75,5.52,1093.6,-312.3
2026-09-08T01:25:14.366Z,-68.75,5.54,1093.4,-307.4
2026-09-08T01:25:29.582Z,-68.75,5.52,1094,-310.2
2026-09-08T01:25:44.078Z,-68.75,5.52,1094.8,-309.1
2026-09-08T01:25:58.810Z,-68.75,5.55,1092.8,-305.8
2026-09-08T01:26:13.838Z,-68.75,5.52,1094.2,-310.6
2026-09-08T01:26:39.198Z,-68.75,5.54,1094.6,-308.5
2026-09-08T01:26:53.854Z,-68.75,5.52,1094.4,-307.4
2026-09-08T01:28:30.326Z,-68.75,5.55,1092.6,-307.7
2026-09-08T01:29:27.638Z,-68.75,5.54,1093.1,-311.7
2026-09-08T01:30:24.734Z,-68.75,5.55,1092.6,-305.9
2026-09-08T01:30:40.414Z,-68.75,5.54,1093.5,-311.1
2026-09-08T01:30:54.918Z,-68.75,5.52,1094.3,-310.2
2026-09-08T01:31:09.374Z,-68.75,5.53,1093.2,-311.1
2026-09-08T01:31:23.846Z,-68.75,5.55,1091.6,-309.9
2026-09-08T01:31:38.374Z,-68.75,5.54,1091.6,-311.3
2026-09-08T01:31:54.014Z,-68.75,5.53,1093,-311
2026-09-08T01:32:08.550Z,-68.75,5.53,1093.6,-311.6
2026-09-08T01:32:23.086Z,-68.75,5.5,1095.2,-309.8
2026-09-08T01:32:37.542Z,-68.75,5.52,1093.6,-308.8
2026-09-08T01:33:12.894Z,-68.75,5.53,1095.4,-307.9
2026-09-08T01:33:27.774Z,-68.75,5.52,1095.1,-306.8
2026-09-08T01:33:42.686Z,-68.75,5.51,1095.2,-307.3
2026-09-08T01:33:57.222Z,-68.75,5.53,1092.2,-310.2
2026-09-08T01:34:11.742Z,-68.75,5.52,1095.2,-309.5
2026-09-08T01:34:26.526Z,-68.75,5.52,1095,-307.6
2026-09-08T01:34:41.454Z,-68.75,5.53,1093.2,-311.3
2026-09-08T01:34:55.974Z,-68.75,5.54,1091.3,-313.1
2026-09-08T01:35:10.438Z,-68.75,5.53,1091.4,-311.1
2026-09-08T01:35:24.894Z,-68.75,5.51,1095.2,-306.7
2026-09-08T01:35:39.390Z,-68.75,5.53,1095.2,-305.7
2026-09-08T01:35:54.334Z,-68.75,5.52,1093,-302.9
2026-09-08T01:36:08.806Z,-68.75,5.52,1092.6,-312.3
2026-09-08T01:36:23.270Z,-68.75,5.49,1095.2,-309.5
2026-09-08T01:36:37.766Z,-68.75,5.51,1094.4,-311.3
2026-09-08T01:36:52.430Z,-68.75,5.51,1094.6,-310.7
2026-09-08T01:37:07.294Z,-68.75,5.52,1093,-310.7
2026-09-08T01:37:21.742Z,-68.75,5.49,1094.8,-310.5
2026-09-08T01:37:36.278Z,-68.75,5.53,1093,-312
2026-09-08T01:37:50.782Z,-68.75,5.52,1094,-310.3
2026-09-08T01:38:05.246Z,-68.75,5.53,1093.5,-305.1
2026-09-08T01:38:20.094Z,-68.75,5.54,1092.6,-309.2
2026-09-08T01:38:34.622Z,-68.75,5.51,1095,-305.7
2026-09-08T01:38:49.758Z,-68.75,5.51,1095.1,-308.7
2026-09-08T01:39:04.190Z,-68.75,5.52,1095.2,-306.6
2026-09-08T01:39:18.654Z,-68.75,5.51,1094.4,-309.9
2026-09-08T01:39:33.534Z,-68.75,5.53,1093.4,-305.5
2026-09-08T01:39:48.050Z,-68.75,5.54,1091.8,-310.4
2026-09-08T01:40:03.102Z,-68.75,5.54,1093.4,-308.5
2026-09-08T01:40:17.734Z,-68.75,5.53,1091.2,-309.6
2026-09-08T01:40:32.254Z,-68.75,5.5,1093,-311
2026-09-08T01:40:58.694Z,-68.75,5.52,1093.4,-309.5
2026-09-08T01:41:13.646Z,-68.75,5.51,1094.3,-309.1
2026-09-08T01:41:49.926Z,-68.75,5.5,1094,-306.5
2026-09-08T01:42:15.718Z,-68.75,5.54,1091.8,-311.7
2026-09-08T01:42:30.206Z,-68.75,5.53,1093.4,-303.4
2026-09-08T01:42:44.710Z,-68.75,5.51,1092.5,-308.1
2026-09-08T01:42:59.198Z,-68.75,5.53,1092.8,-310.2
2026-09-08T01:43:14.078Z,-68.75,5.53,1093.4,-311.1
2026-09-08T01:43:29.190Z,-68.75,5.5,1094.5,-309.3
2026-09-08T01:43:43.718Z,-68.75,5.52,1093.2,-310.6
2026-09-08T01:43:58.174Z,-68.75,5.51,1095.2,-303.5
2026-09-08T01:44:12.678Z,-68.75,5.54,1091.6,-307.6
2026-09-08T01:44:27.870Z,-68.75,5.54,1091.7,-311.6
2026-09-08T01:44:42.374Z,-68.75,5.52,1094.1,-311.3
2026-09-08T01:44:56.926Z,-68.75,5.54,1094.4,-307.9
2026-09-08T01:45:11.534Z,-68.75,5.53,1094.2,-311.7
2026-09-08T01:45:26.686Z,-68.75,5.54,1092.8,-307.2
2026-09-08T01:45:41.566Z,-68.75,5.55,1092.3,-308.8
2026-09-08T01:45:56.102Z,-68.75,5.54,1092.1,-309.3
2026-09-08T01:46:10.622Z,-68.75,5.54,1092.4,-306.9
2026-09-08T01:46:25.606Z,-68.75,5.55,1091.8,-309.1
2026-09-08T01:46:40.070Z,-68.75,5.54,1093.3,-306.6
2026-09-08T01:46:55.118Z,-68.75,5.55,1093.3,-309.6
2026-09-08T01:47:19.726Z,-68.75,5.56,1092.6,-308.9
2026-09-08T01:47:34.246Z,-68.75,5.53,1095.2,-306.8
2026-09-08T01:47:48.742Z,-68.75,5.56,1091.6,-310.2
2026-09-08T01:48:03.806Z,-68.75,5.53,1093.6,-310.6
2026-09-08T01:48:18.406Z,-68.75,5.54,1095.2,-307.6
2026-09-08T01:48:32.966Z,-68.75,5.52,1094.6,-307
2026-09-08T01:48:47.454Z,-68.75,5.54,1094.3,-309.9
2026-09-08T01:49:01.918Z,-68.75,5.55,1093,-305.9
2026-09-08T01:49:17.326Z,-68.75,5.55,1093,-308.5
2026-09-08T01:49:31.886Z,-68.75,5.52,1094.3,-308
2026-09-08T01:49:46.366Z,-68.75,5.54,1093.2,-308.8
2026-09-08T01:50:01.358Z,-68.75,5.52,1094.6,-308.6
2026-09-08T01:50:15.902Z,-68.75,5.56,1091.9,-309.2
2026-09-08T01:50:30.782Z,-68.75,5.54,1094.2,-309.3
2026-09-08T01:50:45.262Z,-68.75,5.54,1095.4,-307.1
2026-09-08T01:50:59.758Z,-68.75,5.54,1095.2,-307.7
2026-09-08T01:51:14.206Z,-68.75,5.54,1093.5,-304.3
2026-09-08T01:51:28.766Z,-68.75,5.53,1095.4,-304.7
2026-09-08T01:51:43.582Z,-68.75,5.54,1093.3,-302.7
2026-09-08T01:51:58.694Z,-68.75,5.55,1094,-309.8
2026-09-08T01:52:13.262Z,-68.75,5.54,1093.4,-308.3
2026-09-08T01:52:27.894Z,-68.75,5.54,1093.8,-307.6
2026-09-08T01:52:42.494Z,-68.75,5.55,1091.6,-306.4
2026-09-08T01:52:57.342Z,-68.75,5.54,1093.1,-305.7
2026-09-08T01:53:11.814Z,-68.75,5.53,1092.6,-307.3
2026-09-08T01:53:27.782Z,-68.75,5.54,1091.8,-305.9
2026-09-08T01:54:33.318Z,-68.75,5.53,1094,-304.9
2026-09-08T01:54:48.222Z,-68.75,5.55,1093.1,-306.5
2026-09-08T01:55:02.774Z,-68.75,5.55,1092.3,-304.5
2026-09-08T01:55:27.358Z,-68.75,5.53,1093.6,-307.4
2026-09-08T01:55:41.834Z,-68.75,5.54,1093.2,-307.3
2026-09-08T01:55:56.798Z,-68.75,5.53,1093.8,-307.1
2026-09-08T01:56:11.294Z,-68.75,5.54,1093.4,-307.7
2026-09-08T01:56:26.470Z,-68.75,5.53,1093.8,-306.4
2026-09-08T01:56:40.934Z,-68.75,5.54,1092.2,-307.6
2026-09-08T01:56:55.462Z,-68.75,5.53,1094.4,-307.4
2026-09-08T01:57:10.438Z,-68.75,5.54,1092,-308.2
2026-09-08T01:57:26.206Z,-68.75,5.52,1093.9,-308.3
2026-09-08T01:57:40.718Z,-68.75,5.51,1094,-306.6
2026-09-08T01:58:26.918Z,-68.75,5.55,1092.2,-304.6
2026-09-08T01:58:42.438Z,-68.75,5.55,1091.8,-306.6
2026-09-08T01:58:57.022Z,-68.75,5.54,1093.5,-303.4
2026-09-08T02:00:35.230Z,-68.75,5.54,1091.8,-305.4
2026-09-08T02:01:01.826Z,-68.75,5.5,1095,-305
2026-09-08T02:06:58.254Z,-68.75,5.5,1095.1,-307.4
2026-09-08T02:07:15.582Z,-68.75,5.51,1094.8,-305.8
2026-09-08T02:07:30.078Z,-68.75,5.52,1095.2,-304.6
2026-09-08T02:07:44.574Z,-68.75,5.53,1092,-305.8
2026-09-08T02:07:59.166Z,-68.75,5.51,1095.2,-307.4
2026-09-08T02:08:13.758Z,-68.75,5.53,1092.8,-305.9
2026-09-08T02:08:28.590Z,-68.75,5.5,1093.9,-307.9
2026-09-08T02:08:43.078Z,-68.75,5.51,1093.9,-309.5
2026-09-08T02:34:15.294Z,-68.75,5.53,1094.4,-304.6
2026-09-08T02:34:42.910Z,-68.75,5.53,1093.6,-303.2
2026-09-08T02:34:57.982Z,-68.75,5.53,1092.1,-305.4
2026-09-08T02:35:12.558Z,-68.75,5.51,1093.5,-307.4
2026-09-08T02:37:41.590Z,-68.75,5.5,1092.7,-310.8
2026-09-08T02:37:56.990Z,-68.75,5.48,1095.1,-306.2
2026-09-08T02:38:11.566Z,-68.75,5.49,1094.8,-310.8
2026-09-08T02:38:26.526Z,-68.75,5.48,1095,-307.4
2026-09-08T02:38:41.022Z,-68.75,5.47,1095,-307.6
2026-09-08T02:38:55.518Z,-68.75,5.49,1094.9,-309.2
2026-09-08T02:39:10.430Z,-68.75,5.52,1091.2,-312.4
2026-09-08T02:45:58.878Z,-68.75,5.54,1091.9,-308.3
2026-09-08T02:46:14.502Z,-68.75,5.53,1092,-308
2026-09-08T02:46:29.118Z,-68.75,5.51,1095.4,-309.3
2026-09-08T02:46:43.630Z,-68.75,5.54,1092.3,-305.2
2026-09-08T02:46:58.222Z,-68.75,5.54,1092.4,-308.3
2026-09-08T02:47:13.118Z,-68.75,5.52,1093.3,-307.9
2026-09-08T02:48:31.486Z,-68.75,5.5,1095.1,-305.4
2026-09-08T02:48:47.038Z,-68.75,5.51,1095.3,-304
2026-09-08T02:49:01.534Z,-68.75,5.51,1094.4,-308.5
2026-09-08T02:49:16.062Z,-68.75,5.5,1094.4,-309.6
2026-09-08T02:49:30.534Z,-68.75,5.52,1091.4,-311.6
2026-09-08T02:49:45.022Z,-68.75,5.5,1093.6,-313.8
2026-09-08T02:49:59.990Z,-68.75,5.53,1092.1,-310.1
2026-09-08T02:50:14.630Z,-68.75,5.52,1092.4,-310.7
2026-09-08T02:50:40.006Z,-68.75,5.52,1091.6,-310.5
2026-09-08T02:50:54.502Z,-68.75,5.51,1093.6,-307.4
2026-09-08T02:51:09.406Z,-68.75,5.54,1091.8,-306.5
2026-09-08T02:51:23.934Z,-68.75,5.53,1092.3,-304.2
2026-09-08T02:51:38.566Z,-68.75,5.54,1091.6,-303.4
2026-09-08T02:51:53.510Z,-68.75,5.53,1091.8,-302.9
2026-09-08T02:52:08.174Z,-68.75,5.53,1094.2,-304
2026-09-08T02:52:23.086Z,-68.75,5.53,1093,-303.6
2026-09-08T02:52:37.726Z,-68.75,5.53,1093.4,-304
2026-09-08T02:52:52.398Z,-68.75,5.53,1092.2,-304
2026-09-08T02:53:06.910Z,-68.75,5.53,1094,-302.9
2026-09-08T02:53:21.406Z,-68.75,5.51,1093.7,-303.1
2026-09-08T02:53:36.830Z,-68.75,5.54,1091.8,-302.1
2026-09-08T02:53:51.366Z,-68.75,5.54,1092.1,-302.3
2026-09-08T02:54:06.302Z,-68.75,5.51,1094.8,-303.3
2026-09-08T02:54:20.834Z,-68.75,5.54,1092.4,-298.4
2026-09-08T02:54:35.350Z,-68.75,5.54,1093.8,-303.7
2026-09-08T02:54:50.270Z,-68.75,5.55,1092.9,-301
2026-09-08T02:55:04.830Z,-68.75,5.51,1094.6,-305.9
2026-09-08T02:55:19.902Z,-68.75,5.54,1092.2,-302.1
2026-09-08T02:55:34.590Z,-68.75,5.51,1094.2,-304
2026-09-08T02:55:49.118Z,-68.75,5.51,1095.2,-302.9
2026-09-08T02:56:04.062Z,-68.75,5.53,1095.2,-300.1
2026-09-08T02:56:18.558Z,-68.75,5.53,1095,-305.8
2026-09-08T02:56:33.182Z,-68.75,5.52,1095.2,-303.7
2026-09-08T02:56:47.646Z,-68.75,5.51,1095.5,-300.7
2026-09-08T02:57:02.174Z,-68.75,5.51,1095.2,-301.5
2026-09-08T02:57:16.990Z,-68.75,5.53,1092.2,-304.8
2026-09-08T02:57:31.518Z,-68.75,5.51,1095.3,-302.9
2026-09-08T02:57:46.846Z,-68.75,5.52,1095.2,-303.4
2026-09-08T02:58:01.374Z,-68.75,5.51,1095.4,-300.8
2026-09-08T02:58:15.902Z,-68.75,5.52,1095.2,-303.7
2026-09-08T02:58:31.038Z,-68.75,5.53,1091.6,-302.4
2026-09-08T02:58:45.502Z,-68.75,5.54,1091.9,-303.3
2026-09-08T02:58:59.998Z,-68.75,5.54,1091.6,-302.2
2026-09-08T02:59:14.462Z,-68.75,5.54,1093.2,-299.2
2026-09-08T02:59:28.862Z,-68.75,5.51,1095.2,-299.3
2026-09-08T02:59:44.478Z,-68.75,5.52,1094.8,-301.5
2026-09-08T02:59:59.486Z,-68.75,5.53,1093.4,-304.7
2026-09-08T03:00:14.046Z,-68.75,5.5,1094.6,-304
2026-09-08T03:00:28.958Z,-68.75,5.52,1095.2,-296.9
2026-09-08T03:00:43.494Z,-68.75,5.52,1092.2,-303.7
2026-09-08T03:00:58.398Z,-68.75,5.54,1093.2,-299.5
2026-09-08T03:01:13.414Z,-68.75,5.53,1092,-305.1
2026-09-08T03:01:28.038Z,-68.75,5.53,1094.9,-303.7
2026-09-08T03:02:46.838Z,-68.75,5.53,1093.8,-304.6
2026-09-08T03:03:12.638Z,-68.75,5.5,1095.4,-295.4
2026-09-08T03:03:28.902Z,-68.75,5.53,1092.2,-302.5
2026-09-08T03:03:43.462Z,-68.75,5.53,1095.1,-303.4
2026-09-08T03:04:07.998Z,-68.75,5.54,1092.1,-302.8
2026-09-08T03:06:06.494Z,-68.75,5.51,1095.1,-302.9
2026-09-08T03:08:31.902Z,-68.75,5.51,1094.9,-298.9
2026-09-08T03:08:47.742Z,-68.75,5.52,1093,-299
2026-09-08T03:09:02.366Z,-68.75,5.51,1093.8,-301.2
2026-09-08T03:09:16.894Z,-68.75,5.49,1095.2,-304.8
2026-09-08T03:09:31.998Z,-68.75,5.49,1095.2,-300.3
2026-09-08T03:09:46.502Z,-68.75,5.52,1092.2,-305.1
2026-09-08T03:10:01.406Z,-68.75,5.52,1093.1,-299.1
2026-09-08T03:10:15.942Z,-68.75,5.52,1091.5,-301.8
2026-09-08T03:11:33.182Z,-68.75,5.53,1093.2,-305.7
2026-09-08T03:11:48.062Z,-68.75,5.51,1095.2,-301.2
2026-09-08T03:12:03.166Z,-68.75,5.53,1094.6,-296.3
2026-09-08T03:12:17.598Z,-68.75,5.52,1095,-298.5
2026-09-08T03:12:32.126Z,-68.75,5.53,1093.9,-303
2026-09-08T03:12:47.646Z,-68.75,5.52,1095.4,-296.1
2026-09-08T03:13:02.558Z,-68.75,5.53,1091.3,-299
2026-09-08T03:13:17.150Z,-68.75,5.53,1091.4,-302.1
2026-09-08T03:13:31.814Z,-68.75,5.52,1094.6,-302.8
2026-09-08T03:13:46.414Z,-68.75,5.52,1091.8,-305.4
2026-09-08T03:14:00.990Z,-68.75,5.5,1093,-305
2026-09-08T03:14:16.302Z,-68.75,5.52,1092.5,-303.5
2026-09-08T03:15:14.238Z,-68.75,5.52,1092.2,-305
2026-09-08T03:18:32.774Z,-68.75,5.5,1094,-305.4
2026-09-08T03:18:48.414Z,-68.75,5.53,1091.9,-301.5
2026-09-08T03:19:02.942Z,-68.75,5.5,1094.2,-305.2
2026-09-08T03:19:17.470Z,-68.75,5.5,1095,-298.2
2026-09-08T03:19:31.998Z,-68.75,5.5,1094.8,-299.3
2026-09-08T03:19:46.494Z,-68.75,5.5,1092.9,-301.8
2026-09-08T03:20:12.246Z,-68.75,5.5,1094.1,-304.3
2026-09-08T03:20:36.814Z,-68.75,5.5,1093.6,-306.5
2026-09-08T03:20:51.454Z,-68.75,5.51,1094.1,-304
2026-09-08T03:21:06.414Z,-68.75,5.51,1092.4,-302.5
2026-09-08T03:21:20.942Z,-68.75,5.52,1092.6,-303.4
2026-09-08T03:22:07.214Z,-68.75,5.5,1094,-304.9
2026-09-08T03:22:22.110Z,-68.75,5.52,1092.3,-302.9
2026-09-08T03:22:36.606Z,-68.75,5.54,1091.8,-302.3
2026-09-08T03:22:51.070Z,-68.75,5.5,1095.4,-298.4
2026-09-08T03:23:06.270Z,-68.75,5.52,1091.9,-304
2026-09-08T03:23:21.534Z,-68.75,5.49,1095,-302.3
2026-09-08T03:23:36.990Z,-68.75,5.52,1092,-299
2026-09-08T03:23:51.518Z,-68.75,5.5,1095.2,-303
2026-09-08T03:24:05.950Z,-68.75,5.51,1095.3,-301.8
2026-09-08T03:24:20.478Z,-68.75,5.53,1091.7,-302.1
2026-09-08T03:24:35.710Z,-68.75,5.53,1091.7,-302
2026-09-08T03:24:50.590Z,-68.75,5.53,1093.4,-299.9
2026-09-08T03:25:05.118Z,-68.75,5.51,1095.1,-302
2026-09-08T03:25:20.350Z,-68.75,5.52,1095.1,-300.6
2026-09-08T03:25:34.846Z,-68.75,5.54,1091.6,-305.7
2026-09-08T03:25:49.310Z,-68.75,5.51,1093.4,-305
2026-09-08T03:26:04.990Z,-68.75,5.53,1094.6,-299.2
2026-09-08T03:26:19.550Z,-68.75,5.52,1093.8,-305.1
2026-09-08T03:26:34.046Z,-68.75,5.49,1095.2,-298.7
2026-09-08T03:26:49.246Z,-68.75,5.51,1093,-303.4
2026-09-08T03:27:03.774Z,-68.75,5.53,1091.8,-298.9
2026-09-08T03:27:18.622Z,-68.75,5.54,1091.5,-304.2
2026-09-08T03:27:33.150Z,-68.75,5.52,1095.4,-301.5
2026-09-08T03:27:47.614Z,-68.75,5.52,1094.2,-303.2
2026-09-08T03:28:02.094Z,-68.75,5.53,1093,-302.6
2026-09-08T03:28:16.702Z,-68.75,5.54,1091.8,-303.7
2026-09-08T03:28:42.406Z,-68.75,5.53,1093.4,-302
2026-09-08T03:28:59.774Z,-68.75,5.52,1095.2,-299.6
2026-09-08T03:29:14.910Z,-68.75,5.53,1092.8,-301.3
2026-09-08T03:29:29.374Z,-68.75,5.53,1093.2,-304.4
2026-09-08T03:29:44.254Z,-68.75,5.51,1095.2,-304.6
2026-09-08T03:29:58.750Z,-68.75,5.51,1094.4,-303.7
2026-09-08T03:30:13.278Z,-68.75,5.51,1094,-305
2026-09-08T03:30:28.382Z,-68.75,5.52,1094.4,-301
2026-09-08T03:30:42.846Z,-68.75,5.53,1092,-304.8
2026-09-08T03:30:57.694Z,-68.75,5.53,1093.3,-300.9
2026-09-08T03:31:12.222Z,-68.75,5.5,1095.3,-298.3
2026-09-08T03:31:26.718Z,-68.75,5.51,1094.8,-301.2
2026-09-08T03:31:41.246Z,-68.75,5.49,1095,-306.9
2026-09-08T03:31:55.774Z,-68.75,5.53,1094,-297.4
2026-09-08T03:32:10.782Z,-68.75,5.51,1095.1,-304
2026-09-08T03:32:25.438Z,-68.75,5.53,1091.8,-304.9
2026-09-08T03:32:39.934Z,-68.75,5.49,1095.2,-301.2
2026-09-08T03:32:54.462Z,-68.75,5.5,1095.4,-300
2026-09-08T03:33:09.502Z,-68.75,5.5,1095.3,-298.3
2026-09-08T03:33:24.478Z,-68.75,5.49,1094.4,-306.1
2026-09-08T03:33:38.974Z,-68.75,5.52,1091.8,-302.9
2026-09-08T03:33:53.982Z,-68.75,5.52,1093.2,-301.2
2026-09-08T03:34:08.486Z,-68.75,5.51,1092.5,-308.7
2026-09-08T03:34:23.710Z,-68.75,5.53,1091.6,-304.6
2026-09-08T03:34:38.590Z,-68.75,5.5,1094.9,-304
2026-09-08T03:34:53.054Z,-68.75,5.53,1091.8,-305.4
2026-09-08T03:35:08.094Z,-68.75,5.5,1094.2,-303.7
2026-09-08T03:35:53.478Z,-68.75,5.51,1091,-304.4
2026-09-08T03:36:08.326Z,-68.75,5.51,1090.6,-308.8
2026-09-08T03:36:23.294Z,-68.75,5.46,1094.4,-303
2026-09-08T03:36:48.966Z,-68.75,5.5,1090.8,-307.9
2026-09-08T03:37:04.006Z,-68.75,5.48,1094.6,-307.6
2026-09-08T03:37:18.934Z,-68.75,5.5,1092,-307
2026-09-08T03:38:06.278Z,-68.75,5.47,1094.9,-305.9
2026-09-08T03:38:21.198Z,-68.75,5.49,1094.8,-311.6
2026-09-08T03:38:35.790Z,-68.75,5.47,1094.2,-310.8
2026-09-08T03:38:50.462Z,-68.75,5.5,1092.1,-308.8
2026-09-08T03:39:04.926Z,-68.75,5.49,1095,-304.3
2026-09-08T03:39:19.454Z,-68.75,5.49,1094.7,-304.8
2026-09-08T03:39:35.070Z,-68.75,5.49,1095,-307.4
2026-09-08T03:39:49.598Z,-68.75,5.51,1091.2,-309.9
2026-09-08T03:40:04.094Z,-68.75,5.51,1091.4,-309.1
2026-09-08T03:40:18.630Z,-68.75,5.51,1091.4,-305.9
2026-09-08T03:40:33.222Z,-68.75,5.48,1093.6,-306.8
2026-09-08T03:40:48.094Z,-68.75,5.5,1092.2,-308.6
2026-09-08T03:41:03.262Z,-68.75,5.51,1091.2,-307
2026-09-08T03:41:17.662Z,-68.75,5.5,1095,-304
2026-09-08T03:41:32.158Z,-68.75,5.5,1095,-302.9
2026-09-08T03:41:46.654Z,-68.75,5.51,1091.6,-306.6
2026-09-08T03:42:01.534Z,-68.75,5.49,1094.7,-307
2026-09-08T03:42:16.638Z,-68.75,5.51,1095.2,-301.8
2026-09-08T03:42:31.230Z,-68.75,5.49,1095,-303.2
2026-09-08T03:42:45.726Z,-68.75,5.5,1093,-309.1
2026-09-08T03:43:00.638Z,-68.75,5.5,1093.8,-307.2
2026-09-08T03:43:15.518Z,-68.75,5.49,1094.4,-299
2026-09-08T03:43:30.014Z,-68.75,5.52,1091.8,-305.1
2026-09-08T03:43:44.510Z,-68.75,5.5,1094.9,-303.3
2026-09-08T03:43:58.982Z,-68.75,5.51,1091.4,-306.9
2026-09-08T03:44:14.014Z,-68.75,5.5,1094.6,-309.8
2026-09-08T03:44:28.862Z,-68.75,5.5,1094.5,-305.8
2026-09-08T03:44:43.390Z,-68.75,5.5,1095.1,-305
2026-09-08T03:44:57.886Z,-68.75,5.49,1095.1,-304.3
2026-09-08T03:45:12.358Z,-68.75,5.52,1091.9,-306.4
2026-09-08T03:45:26.942Z,-68.75,5.51,1093.7,-306.2
2026-09-08T03:45:41.894Z,-68.75,5.52,1091.6,-305.9
2026-09-08T03:45:56.470Z,-68.75,5.51,1093.4,-308.1
2026-09-08T03:46:10.950Z,-68.75,5.52,1092.9,-307.4
2026-09-08T03:46:25.510Z,-68.75,5.5,1092.8,-308.6
2026-09-08T03:46:40.038Z,-68.75,5.52,1091.6,-308.1
2026-09-08T03:46:54.910Z,-68.75,5.52,1093.2,-303.7
2026-09-08T03:47:09.406Z,-68.75,5.52,1091.8,-303.6
2026-09-08T03:47:24.734Z,-68.75,5.5,1095,-303.2
2026-09-08T03:47:39.102Z,-68.75,5.49,1095,-304.4
2026-09-08T03:47:53.566Z,-68.75,5.51,1095,-303.1
2026-09-08T03:48:08.414Z,-68.75,5.51,1095.4,-301.5
2026-09-08T03:48:23.934Z,-68.75,5.52,1094.6,-304
2026-09-08T03:48:38.398Z,-68.75,5.51,1095.2,-302.9
2026-09-08T04:09:16.670Z,-68.75,5.52,1090.6,-301.1
2026-09-08T04:09:43.358Z,-68.75,5.51,1093.4,-304.4
2026-09-08T04:09:57.886Z,-68.75,5.51,1093.7,-297.2
2026-09-08T04:10:12.446Z,-68.75,5.51,1093.2,-301.8
2026-09-08T04:10:27.454Z,-68.75,5.51,1092.2,-297.2
2026-09-08T04:10:42.366Z,-68.75,5.5,1093,-302.3
2026-09-08T04:10:56.990Z,-68.75,5.5,1092,-306.9
2026-09-08T04:11:12.158Z,-68.75,5.5,1092.1,-301.5
2026-09-08T04:11:26.686Z,-68.75,5.49,1093.4,-306.7
2026-09-08T04:11:41.334Z,-68.75,5.49,1092.3,-306.1
2026-09-08T04:11:56.862Z,-68.75,5.5,1092.2,-301.5
2026-09-08T04:12:11.502Z,-68.75,5.49,1090.4,-305.7
2026-09-08T04:12:26.590Z,-68.75,5.5,1094.6,-302.4
2026-09-08T04:12:41.214Z,-68.75,5.5,1092.7,-307.6
2026-09-08T04:12:55.790Z,-68.75,5.48,1092.2,-306.4
2026-09-08T04:13:21.598Z,-68.75,5.49,1092.4,-310.3
2026-09-08T04:13:47.030Z,-68.75,5.5,1093,-308.4
2026-09-08T04:17:06.150Z,-68.75,5.48,1094,-302.9
2026-09-08T04:17:21.926Z,-68.75,5.48,1092.6,-304.8
2026-09-08T04:22:10.878Z,-68.75,5.49,1094.2,-300.3
2026-09-08T04:24:20.574Z,-68.75,5.54,1093.2,-296.2
2026-09-08T04:24:36.446Z,-68.75,5.53,1090.9,-299.6
2026-09-08T04:24:50.974Z,-68.75,5.5,1093.9,-299.1
2026-09-08T04:25:05.470Z,-68.75,5.52,1094,-300.1
2026-09-08T04:25:20.038Z,-68.75,5.52,1090.6,-302.2
2026-09-08T04:25:34.654Z,-68.75,5.51,1092.4,-302.6
2026-09-08T04:25:49.606Z,-68.75,5.53,1089.8,-301.5
2026-09-08T04:26:04.590Z,-68.75,5.5,1094.2,-300.5
2026-09-08T04:26:19.070Z,-68.75,5.53,1090.1,-299.8
2026-09-08T04:26:33.694Z,-68.75,5.52,1091,-305
2026-09-08T04:26:48.286Z,-68.75,5.52,1090.8,-302.8
2026-09-08T04:27:03.134Z,-68.75,5.51,1091.3,-304
2026-09-08T04:27:17.670Z,-68.75,5.5,1094.1,-300.6
2026-09-08T04:27:32.702Z,-68.75,5.51,1091.8,-301.7
2026-09-08T04:44:24.190Z,-68.75,5.53,1089.6,-301.8
2026-09-08T04:59:05.694Z,-68.75,5.52,1089.8,-295.6
2026-09-08T04:59:21.534Z,-68.75,5.55,1089.6,-300.7
2026-09-08T05:06:08.926Z,-68.75,5.52,1089.2,-294.2
2026-09-08T05:09:19.982Z,-68.75,5.53,1088.4,-298.1
2026-09-08T05:09:35.862Z,-68.75,5.53,1089.8,-303.1
2026-09-08T05:10:01.342Z,-68.75,5.52,1090.4,-298.5
2026-09-08T05:10:15.870Z,-68.75,5.52,1088.6,-300.5
2026-09-08T05:10:30.590Z,-68.75,5.49,1091.2,-299
2026-09-08T05:10:45.630Z,-60.31,5.47,1087.5,-398.4
2026-09-08T05:11:00.894Z,-50.5,5.47,1090.1,-606.1
2026-09-08T05:11:15.454Z,-60.62,5.45,1085.4,-395.5
2026-09-08T05:11:30.014Z,-68.38,5.43,1089.6,-308.3
2026-09-08T05:11:44.638Z,-68.5,5.45,1086.2,-305.6
2026-09-08T05:11:59.678Z,-68.5,5.46,1090.1,-309.3
2026-09-08T05:15:09.558Z,-68.75,5.49,1088.4,-300.6
2026-09-08T05:15:58.694Z,-68.75,5.49,1091,-300.8
2026-09-08T05:16:46.150Z,-68.75,5.48,1090.8,-301.4
2026-09-08T05:17:33.758Z,-68.75,5.46,1088.8,-302.5
2026-09-08T05:18:10.110Z,-68.75,5.46,1089.2,-301
2026-09-08T05:18:25.150Z,-68.75,5.5,1086.4,-302.7
2026-09-08T05:18:40.446Z,-68.75,5.5,1088.6,-304.7
2026-09-08T05:18:55.094Z,-68.75,5.49,1088.2,-298
2026-09-08T05:19:09.774Z,-68.75,5.46,1090.2,-300.7
2026-09-08T05:19:35.430Z,-68.75,5.47,1090.9,-298.1
2026-09-08T05:20:01.294Z,-68.75,5.5,1087.1,-299.6
2026-09-08T05:20:48.718Z,-68.75,5.46,1090.8,-303.7
2026-09-08T05:22:19.778Z,-68.75,5.48,1091,-296.9
2026-09-08T05:27:22.654Z,-68.75,5.49,1086.4,-297.7
2026-09-08T05:27:38.494Z,-68.75,5.5,1082,-297.2
2026-09-08T05:27:53.758Z,-68.75,5.5,1080.6,-295.5
2026-09-08T05:28:08.318Z,-68.75,5.49,1083.6,-295.9
2026-09-08T05:28:22.878Z,-68.75,5.49,1081.5,-291.6
2026-09-08T05:29:18.398Z,-68.75,5.51,1081,-295.2
2026-09-08T05:29:33.502Z,-68.75,5.52,1081.8,-295.5
2026-09-08T05:29:48.134Z,-68.75,5.5,1083,-297.6
2026-09-08T05:30:03.326Z,-68.75,5.49,1084.7,-296.5
2026-09-08T05:30:17.982Z,-68.75,5.49,1085,-292.5
2026-09-08T05:30:32.478Z,-68.75,5.48,1084.8,-298.9
2026-09-08T05:30:48.014Z,-68.75,5.48,1084.7,-294.1
2026-09-08T05:31:02.702Z,-68.75,5.47,1086.4,-296.9
2026-09-08T05:31:17.406Z,-68.75,5.48,1084.8,-297.4
2026-09-08T05:31:32.834Z,-68.75,5.49,1085.1,-299.3
2026-09-08T05:31:47.542Z,-68.75,5.5,1081,-296
2026-09-08T05:32:02.622Z,-68.75,5.48,1083.8,-296.3
2026-09-08T05:32:17.302Z,-68.75,5.51,1081.8,-294.4
2026-09-08T05:32:31.886Z,-68.75,5.48,1085.3,-296.9
2026-09-08T05:33:08.222Z,-68.75,5.49,1085.4,-295.6
2026-09-08T05:33:34.110Z,-68.75,5.49,1084,-297.7
2026-09-08T05:33:48.662Z,-68.75,5.49,1084.3,-300.6
2026-09-08T05:34:03.326Z,-68.75,5.47,1086.3,-298.4
2026-09-08T05:34:18.398Z,-68.75,5.51,1083.5,-293
2026-09-08T05:34:33.406Z,-68.75,5.48,1087.2,-297
2026-09-08T05:34:48.062Z,-68.75,5.49,1087.5,-294.2
2026-09-08T05:35:02.838Z,-68.75,5.53,1083.3,-298.8
2026-09-08T05:35:50.638Z,-68.75,5.51,1084.6,-296.6
2026-09-08T05:36:05.726Z,-68.75,5.51,1085.6,-294.3
2026-09-08T05:36:20.406Z,-68.75,5.51,1082.2,-293.3
2026-09-08T05:45:05.246Z,-68.75,5.49,1083.7,-294.4
2026-09-08T05:45:21.822Z,-68.75,5.51,1080.6,-298
2026-09-08T05:45:36.446Z,-68.75,5.5,1081.6,-300.1
2026-09-08T05:46:01.254Z,-68.75,5.5,1081.6,-297.8
2026-09-08T05:46:27.158Z,-68.75,5.49,1083.2,-296.9
2026-09-08T05:51:54.174Z,-68.75,5.48,1086.6,-301.8
2026-09-08T06:09:20.350Z,-68.75,5.49,1087.4,-157.1
2026-09-08T06:09:37.118Z,-68.75,5.42,1087.4,-153.4
2026-09-08T06:09:51.710Z,-68.75,5.34,1088,-156.8
2026-09-08T06:10:06.942Z,-68.75,5.33,1088.4,-40.3
2026-09-08T06:10:21.726Z,-68.75,5.32,1090.9,-41.1
2026-09-08T06:10:36.382Z,-68.75,5.3,1092.8,-53.1
2026-09-08T06:10:51.486Z,-68.75,5.39,1093.7,-25.1
2026-09-08T06:11:06.078Z,-68.75,5.41,1094.2,-25.6
2026-09-08T06:11:20.766Z,-68.75,5.44,1094.2,-25.9
2026-09-08T06:11:35.422Z,-68.75,5.46,1094.2,-26
2026-09-08T06:12:10.238Z,-68.75,5.51,1094.4,-26.3
2026-09-08T06:12:25.374Z,-68.75,5.52,1094.4,-26.5
2026-09-08T06:26:30.622Z,-68.75,5.64,1094.6,-24.5
2026-09-08T06:26:56.542Z,-68.75,5.65,1094.7,-24.4
2026-09-08T06:27:11.294Z,-68.75,5.66,1094.6,-24.2
2026-09-08T06:27:26.142Z,-68.75,5.66,1093.5,-24.1
2026-09-08T06:33:51.294Z,-68.75,5.42,1088.2,-18.8
2026-09-08T06:34:07.390Z,-68.75,5.41,1088.3,-18.7
2026-09-08T06:34:25.342Z,-68.75,5.41,1088.3,-18.4
2026-09-08T06:34:39.326Z,-68.75,5.44,1089,-17.1
2026-09-08T07:09:19.518Z,-68.75,5.69,1094.4,-15.9
2026-09-08T07:09:59.006Z,-68.75,5.68,1094.3,-15.9
2026-09-08T07:10:16.318Z,-68.75,5.69,1094.4,-15.8
2026-09-08T07:10:33.566Z,-68.75,5.69,1094.4,-15.7
2026-09-08T07:10:50.526Z,-68.75,5.69,1094.4,-15.6
2026-09-08T07:11:07.006Z,-68.75,5.69,1094.4,-15.6
2026-09-08T07:11:24.606Z,-68.75,5.69,1094.4,-15.6
2026-09-08T07:11:43.742Z,-68.75,5.69,1094.3,-16.1
2026-09-08T07:12:07.294Z,-68.75,5.7,1094.2,-15.1
2026-09-08T07:12:35.678Z,-68.75,5.69,1094.2,-16.1
2026-09-08T07:12:53.950Z,-68.75,5.69,1094.4,-16
2026-09-08T07:13:15.138Z,-68.75,5.7,1094.3,-16.1
2026-09-08T07:13:33.374Z,-68.75,5.7,1094.3,-16
2026-09-08T07:13:52.834Z,-68.75,5.7,1094.4,-16
2026-09-08T07:14:16.414Z,-68.75,5.7,1094.4,-16.1
2026-09-08T07:14:35.742Z,-68.75,5.7,1094.4,-16
2026-09-08T07:15:05.758Z,-68.75,5.7,1094.4,-16.1
2026-09-08T07:15:26.814Z,-68.75,5.7,1094.4,-16.1
2026-09-08T07:15:49.790Z,-68.75,5.7,1094.4,-16.2
2026-09-08T07:16:16.286Z,-68.75,5.7,1094.4,-16.1
2026-09-08T07:16:33.826Z,-68.75,5.7,1094.4,-14.8
2026-09-08T07:16:57.438Z,-68.75,5.7,1094.4,-16.4
2026-09-08T07:17:13.790Z,-68.75,5.7,1094.5,-16.3
2026-09-08T07:17:31.646Z,-68.75,5.7,1094.5,-16.3
2026-09-08T07:17:51.902Z,-68.75,5.7,1094.5,-16.4
2026-09-08T07:18:07.966Z,-68.75,5.7,1094.5,-16.4
2026-09-08T07:18:22.558Z,-68.75,5.7,1094.6,-16.4
2026-09-08T07:18:37.090Z,-68.75,5.71,1094.8,-15.2
2026-09-08T07:18:51.646Z,-68.75,5.7,1094.6,-16.6
2026-09-08T07:19:06.110Z,-68.75,5.7,1094.6,-16.6
2026-09-08T07:19:20.990Z,-68.75,5.7,1094.6,-16.6
2026-09-08T07:19:35.550Z,-68.75,5.7,1094.6,-16.6
2026-09-08T07:19:50.018Z,-68.75,5.7,1094.6,-16.6
2026-09-08T07:20:04.542Z,-68.75,5.7,1094.6,-16.5
2026-09-08T07:20:18.942Z,-68.75,5.7,1094.6,-16.6
2026-09-08T07:20:33.886Z,-68.75,5.71,1094.6,-16.7
2026-09-08T07:20:48.350Z,-68.75,5.71,1094.6,-16.6
2026-09-08T07:21:03.294Z,-68.75,5.71,1094.6,-16.6
2026-09-08T07:21:17.822Z,-68.75,5.71,1094.5,-16.6
2026-09-08T07:21:32.382Z,-68.75,5.71,1094.5,-16.6
2026-09-08T07:21:47.166Z,-68.75,5.71,1094.5,-16.7
2026-09-08T07:22:01.726Z,-68.75,5.71,1094.6,-16.6
2026-09-08T07:22:17.022Z,-68.75,5.71,1094.5,-16.6
2026-09-08T07:22:31.742Z,-68.75,5.71,1094.6,-16.7
2026-09-08T07:22:47.390Z,-68.75,5.71,1094.5,-16.8
2026-09-08T07:23:01.854Z,-68.75,5.71,1094.6,-16.6
2026-09-08T07:23:16.350Z,-68.75,5.71,1094.6,-16.5
2026-09-08T07:23:30.782Z,-68.75,5.71,1094.6,-16.7
2026-09-08T07:23:45.374Z,-68.75,5.71,1094.6,-16.6
2026-09-08T07:24:00.318Z,-68.75,5.72,1094.6,-16.6
2026-09-08T07:24:14.930Z,-68.75,5.72,1094.6,-16.4
2026-09-08T07:24:29.470Z,-68.75,5.72,1094.6,-16.6
2026-09-08T07:24:44.222Z,-68.75,5.72,1094.6,-16.6
2026-09-08T07:25:00.830Z,-68.75,5.72,1094.6,-16.6
2026-09-08T07:25:17.374Z,-68.75,5.72,1094.6,-16.6
2026-09-08T07:25:34.014Z,-68.75,5.72,1094.6,-16.6
2026-09-08T07:25:50.174Z,-68.75,5.72,1094.6,-16.5
2026-09-08T07:26:07.774Z,-68.75,5.72,1094.8,-15.2
2026-09-08T07:26:23.998Z,-68.75,5.72,1094.6,-16.4
2026-09-08T07:26:38.526Z,-68.75,5.73,1094.6,-15.1
2026-09-08T07:26:52.990Z,-68.75,5.72,1094.6,-16.3
2026-09-08T07:27:18.654Z,-68.75,5.73,1094.6,-16.4
2026-09-08T07:27:34.366Z,-68.75,5.73,1094.6,-16.3
2026-09-08T07:27:49.438Z,-68.75,5.73,1094.8,-15.9
2026-09-08T07:28:04.766Z,-68.75,5.73,1094.6,-16.3
2026-09-08T07:28:20.158Z,-68.75,5.73,1094.7,-16.3
2026-09-08T07:28:34.686Z,-68.75,5.73,1094.7,-16.2
2026-09-08T07:43:59.646Z,-68.75,5.75,1094.8,-16
2026-09-08T07:44:26.142Z,-68.75,5.75,1094.8,-16
2026-09-08T07:44:40.574Z,-68.75,5.76,1094.8,-15.9
2026-09-08T07:44:55.102Z,-68.75,5.76,1094.8,-16
2026-09-08T07:45:09.597Z,-68.75,5.76,1094.8,-16.2
2026-09-08T07:45:25.150Z,-68.75,5.78,1092.6,-14.1
2026-09-08T07:45:40.062Z,-68.75,5.77,1091.8,-15.1
2026-09-08T07:45:54.654Z,-68.75,5.79,1091.8,-14.9
2026-09-08T07:46:09.246Z,-68.75,5.73,1092.6,-14.6
2026-09-08T07:46:23.806Z,-68.75,5.8,1092.6,-14.8
2026-09-08T07:46:39.230Z,-68.75,5.81,1092.7,-14.5
2026-09-08T07:46:53.918Z,-68.75,5.76,1092.9,-14.5
2026-09-08T07:47:08.446Z,-68.75,5.78,1092.8,-14.6
2026-09-08T07:47:24.094Z,-68.75,5.82,1092.6,-14.6
2026-09-08T07:47:38.590Z,-68.75,5.77,1092.8,-14.6
2026-09-08T08:22:14.494Z,-68.75,5.86,1092.2,-14.2
2026-09-08T08:22:41.438Z,-68.75,5.83,1092.2,-14.4
2026-09-08T08:22:56.478Z,-68.75,5.87,1092.2,-14.4
2026-09-08T08:29:41.214Z,-68.75,5.82,1092.4,-15.1
2026-09-08T08:30:07.070Z,-68.75,5.81,1092.4,-15.1
2026-09-08T08:30:21.598Z,-68.75,5.85,1092.4,-15
2026-09-08T08:30:32.510Z,-68.75,5.87,1092.4,-15.1
2026-09-08T08:30:43.421Z,-68.75,5.85,1092.4,-15.1
2026-09-08T08:30:54.302Z,-68.75,5.85,1092.4,-15
2026-09-08T08:31:05.214Z,-68.75,5.87,1092.4,-15.1
2026-09-08T08:31:16.126Z,-68.75,5.86,1092.4,-15
2026-09-08T08:31:27.038Z,-68.75,5.83,1092.6,-14.9
2026-09-08T08:31:37.949Z,-68.75,5.83,1092.5,-14.9
2026-09-08T08:31:48.834Z,-68.75,5.83,1092.5,-14.9
2026-09-08T08:31:59.742Z,-68.75,5.82,1092.5,-14.9
2026-09-08T08:32:10.654Z,-68.75,5.88,1092.5,-14.9
2026-09-08T08:32:21.570Z,-68.75,5.82,1092.6,-14.8
2026-09-08T08:32:32.477Z,-68.75,5.84,1092.7,-14.9
2026-09-08T08:32:43.358Z,-68.75,5.88,1092.6,-15
2026-09-08T08:32:54.270Z,-68.75,5.85,1092.6,-14.9
2026-09-08T08:33:05.182Z,-68.75,5.88,1092.6,-14.9
2026-09-08T08:33:16.094Z,-68.75,5.82,1092.7,-14.9
2026-09-08T08:33:27.006Z,-68.75,5.84,1092.7,-14.9
2026-09-08T08:33:37.918Z,-68.75,5.87,1092.6,-15.1
2026-09-08T08:33:48.830Z,-68.75,5.84,1092.7,-14.9
2026-09-08T08:33:59.742Z,-68.75,5.84,1092.8,-14.9
2026-09-08T08:34:10.654Z,-68.75,5.85,1092.7,-14.9
2026-09-08T08:34:21.570Z,-68.75,5.87,1092.8,-14.9
2026-09-08T08:34:52.574Z,-68.75,5.82,1092.8,-14.9
2026-09-08T08:35:23.582Z,-68.75,5.84,1092.8,-14.9
2026-09-08T09:38:42.476Z,-68.75,5.86,1093.9,-16.3
2026-09-08T09:40:07.116Z,-66.44,5.85,1093.8,-20.9
2026-09-08T09:40:22.540Z,-64.75,5.86,1093.8,-21.7
2026-09-08T09:40:37.260Z,-67.31,5.85,1093.8,-20.6
2026-09-08T09:40:52.076Z,-67.5,5.84,1093.8,-20.9
2026-09-08T09:41:07.372Z,-68.75,5.84,1093.8,-20.1
2026-09-08T09:41:22.060Z,-68.75,5.85,1093.9,-19.9
2026-09-08T09:41:37.292Z,-68.75,5.83,1093.9,-19.9
2026-09-08T09:41:52.140Z,-68.75,5.81,1094,-20
2026-09-08T09:42:07.340Z,-68.75,5.82,1094.1,-19
2026-09-08T09:42:22.764Z,-68.75,5.8,1094,-20.3
2026-09-08T09:42:37.516Z,-68.75,5.85,1093.8,-21.3
2026-09-08T09:42:52.460Z,-68.75,5.85,1093.7,-21.3
2026-09-08T09:43:08.784Z,-68.75,5.81,1093.9,-19.8
2026-09-08T09:43:25.260Z,-68.75,5.84,1093.7,-20.8
2026-09-08T09:43:40.300Z,-68.75,5.83,1093.8,-20.8
2026-09-08T09:43:54.892Z,-68.75,5.8,1093.8,-20.8
2026-09-08T09:44:10.444Z,-68.75,5.81,1093.8,-19.8
2026-09-08T09:44:24.940Z,-68.75,5.83,1093.8,-21.2
2026-09-08T09:44:39.468Z,-68.75,5.82,1093.8,-21.3
2026-09-08T09:44:54.060Z,-68.75,5.82,1093.8,-21.3
2026-09-08T09:45:08.556Z,-68.75,5.83,1093.8,-21.3
2026-09-08T09:45:23.468Z,-68.75,5.78,1093.8,-21.4
2026-09-08T09:45:38.188Z,-68.75,5.82,1093.7,-21.4
2026-09-08T09:45:52.780Z,-68.75,5.82,1093.8,-20.1
2026-09-08T09:46:07.532Z,-68.75,5.82,1093.8,-21.5
2026-09-08T09:46:22.924Z,-68.75,5.82,1093.8,-21.6
2026-09-08T09:46:38.028Z,-68.75,5.81,1093.8,-21.6
2026-09-08T09:46:53.420Z,-68.75,5.82,1093.8,-21.6
2026-09-08T09:47:07.980Z,-68.75,5.8,1093.8,-21.6
2026-09-08T09:47:22.540Z,-68.75,5.81,1093.8,-21.7
2026-09-08T09:47:37.164Z,-68.75,5.8,1093.8,-21.7
2026-09-08T09:47:52.140Z,-68.75,5.78,1093.9,-21.7
2026-09-08T09:48:07.020Z,-68.75,5.78,1093.8,-21.7
2026-09-08T09:48:21.612Z,-68.75,5.78,1093.9,-21.6
2026-09-08T09:48:36.236Z,-68.75,5.78,1094,-21.4
2026-09-08T09:48:51.020Z,-68.75,5.82,1094,-21.4
2026-09-08T09:49:05.964Z,-68.75,5.8,1094,-21.4
2026-09-08T09:49:21.068Z,-68.75,5.81,1094,-21.5
2026-09-08T09:49:35.788Z,-68.75,5.8,1094,-21.6
2026-09-08T09:49:50.572Z,-68.75,5.83,1093.9,-21.8
2026-09-08T09:50:05.388Z,-68.75,5.79,1094,-21.8
2026-09-08T09:50:20.364Z,-68.75,5.8,1094,-21.8
2026-09-08T09:50:35.020Z,-68.75,5.8,1094,-21.9
2026-09-08T09:50:49.676Z,-68.75,5.82,1094,-20.5
2026-09-08T09:51:04.364Z,-68.75,5.81,1093.9,-22
2026-09-08T09:51:18.892Z,-68.75,5.81,1094,-22
2026-09-08T09:51:33.868Z,-68.75,5.8,1094,-22
2026-09-08T09:51:48.716Z,-68.75,5.81,1093.9,-22.2
2026-09-08T09:52:03.404Z,-68.75,5.82,1094,-22.2
2026-09-08T09:52:18.092Z,-68.75,5.81,1094,-22.2
2026-09-08T09:52:32.652Z,-68.75,5.8,1094,-20.8
2026-09-08T09:52:47.820Z,-68.75,5.8,1094,-22.2
2026-09-08T09:53:02.476Z,-68.75,5.83,1093.8,-22.1
2026-09-08T09:53:17.932Z,-68.75,5.8,1093.9,-21.9
2026-09-08T09:53:32.588Z,-68.75,5.8,1094,-21.9
2026-09-08T09:53:47.724Z,-68.75,5.83,1093.9,-21.9
2026-09-08T09:54:02.700Z,-68.75,5.81,1094,-21.8
2026-09-08T09:54:17.452Z,-68.75,5.83,1094,-21.9
2026-09-08T09:54:32.172Z,-68.75,5.82,1094,-21.9
2026-09-08T09:54:39.809Z,-68.75,6.51,1094.4,-23.2
2026-09-08T09:54:46.860Z,-68.75,5.81,1094,-21.8
2026-09-08T09:55:02.124Z,-68.75,5.82,1094,-21.9
2026-09-08T09:55:02.668Z,-68.75,6.19,1094.4,-22.2
2026-09-08T09:55:16.748Z,-68.75,5.8,1094.1,-20.6
2026-09-08T09:55:31.404Z,-68.75,5.84,1094,-21.9
2026-09-08T09:55:46.828Z,-68.75,5.83,1093.9,-22
2026-09-08T09:56:01.740Z,-68.75,5.83,1094,-22.1
2026-09-08T09:56:16.844Z,-68.75,5.84,1093.9,-22.1
2026-09-08T09:56:31.500Z,-68.75,5.83,1093.9,-22
2026-09-08T09:56:46.508Z,-68.75,5.83,1094,-22
2026-09-08T09:57:01.292Z,-68.75,5.83,1094,-22
2026-09-08T09:57:15.884Z,-68.75,5.81,1094,-21.9
2026-09-08T09:57:30.860Z,-68.75,5.81,1094,-21.9
2026-09-08T09:57:45.356Z,-68.75,5.84,1093.9,-22.6
2026-09-08T10:01:22.209Z,-68.75,6.09,1094.4,-22.1
2026-09-08T10:01:36.834Z,-68.75,6.03,1094.5,-21.9
2026-09-08T10:01:52.066Z,-68.75,5.98,1094.4,-20.9
2026-09-08T10:02:06.786Z,-68.75,5.94,1094.4,-22.1
2026-09-08T10:02:21.602Z,-68.75,5.91,1094.4,-22.1
2026-09-08T10:02:37.954Z,-68.75,5.89,1094.4,-22.1
2026-09-08T10:02:52.674Z,-68.75,5.87,1094.4,-22.2
2026-09-08T10:03:07.650Z,-68.75,5.85,1094.4,-22.2
2026-09-08T10:03:23.458Z,-68.75,5.85,1094.4,-22.2
2026-09-08T10:03:38.754Z,-68.75,5.85,1094.4,-22.3
2026-09-08T10:03:53.666Z,-68.75,5.84,1094.4,-22.4
2026-09-08T10:04:08.226Z,-68.75,5.84,1094.4,-22.5
2026-09-08T10:04:22.914Z,-68.75,5.82,1094.4,-22.7
2026-09-08T10:04:37.762Z,-68.75,5.82,1094.4,-23
2026-09-08T10:04:53.634Z,-68.75,5.82,1094.4,-23.3
2026-09-08T10:05:08.322Z,-68.75,5.82,1094.2,-23.5
2026-09-08T10:05:23.522Z,-68.75,5.81,1094.2,-23.7
2026-09-08T10:05:38.114Z,-66.62,5.81,1094.2,-25.1
2026-09-08T10:05:54.018Z,-63.44,5.81,1094.2,-27.3
2026-09-08T10:06:10.114Z,-68.75,5.81,1094.2,-23.6
2026-09-08T10:06:24.898Z,-68.75,5.81,1094.2,-23.5
2026-09-08T10:06:39.682Z,-68.75,5.8,1094.4,-23.2
2026-09-08T10:06:55.618Z,-68.75,5.81,1094.4,-22.9
2026-09-08T10:07:10.370Z,-68.75,5.8,1094.4,-22.4
2026-09-08T10:07:25.026Z,-68.75,5.8,1094.5,-21.9
2026-09-08T10:07:39.878Z,-68.75,5.8,1094.6,-21.7
2026-09-08T10:07:54.978Z,-68.75,5.8,1094.6,-21.6
2026-09-08T10:08:09.730Z,-68.75,5.81,1094.6,-21.6
2026-09-08T10:08:24.450Z,-68.75,5.81,1094.6,-21.6
2026-09-08T10:08:39.042Z,-68.75,5.81,1094.6,-21.6
2026-09-08T10:08:53.698Z,-68.75,5.81,1094.6,-21.6
2026-09-08T10:09:08.770Z,-68.75,5.81,1094.6,-21.6
2026-09-08T10:09:23.878Z,-68.75,5.81,1094.6,-21.5
2026-09-08T10:09:38.946Z,-68.75,5.82,1094.7,-21.6
2026-09-08T10:09:55.969Z,-68.75,5.82,1094.6,-21.4
2026-09-08T10:10:06.881Z,-68.75,5.81,1094.7,-21.5
2026-09-08T10:12:39.522Z,-68.75,5.79,1094.2,-24.5
2026-09-08T10:12:54.146Z,-68.75,5.8,1094.2,-24.4
2026-09-08T10:13:08.802Z,-68.75,5.79,1094.2,-24.2
2026-09-08T10:13:23.138Z,-68.75,5.79,1094.2,-24.2
2026-09-08T10:13:38.594Z,-68.75,5.79,1094.3,-21.8
2026-09-08T10:13:52.834Z,-68.75,5.79,1094.2,-23.9
2026-09-08T10:14:07.746Z,-68.75,5.79,1094.2,-23.9
2026-09-08T10:14:22.086Z,-68.75,5.79,1094.3,-23.8
2026-09-08T10:14:36.290Z,-68.75,5.79,1094.2,-23.7
2026-09-08T10:14:51.138Z,-68.75,5.79,1094.2,-23.6
2026-09-08T10:15:06.626Z,-68.75,5.78,1094.2,-23.4
2026-09-08T10:15:20.802Z,-68.75,5.78,1094.4,-23.4
2026-09-08T10:15:35.010Z,-68.75,5.77,1094.4,-23.4
2026-09-08T10:15:49.314Z,-68.75,5.77,1094.4,-23.4
2026-09-08T10:16:03.842Z,-68.75,5.78,1094.3,-23.8
2026-09-08T10:16:18.178Z,-68.75,5.78,1094.3,-23.8
2026-09-08T10:16:32.386Z,-68.75,5.78,1094.4,-23.7
2026-09-08T10:16:47.490Z,-68.75,5.78,1094.4,-23.8
2026-09-08T10:17:01.698Z,-68.75,5.77,1094.4,-23.8
2026-09-08T10:17:16.386Z,-68.75,5.78,1094.4,-23.7
2026-09-08T10:17:30.754Z,-68.75,5.78,1094.4,-23.7
2026-09-08T10:17:45.058Z,-68.75,5.78,1094.4,-23.7
2026-09-08T10:17:59.298Z,-68.75,5.78,1094.4,-23.6
2026-09-08T10:18:13.538Z,-68.75,5.78,1094.4,-23.8
2026-09-08T10:18:28.514Z,-68.75,5.78,1094.4,-23.9
2026-09-08T10:18:42.690Z,-68.75,5.78,1094.4,-23.8
2026-09-08T10:18:56.966Z,-68.75,5.78,1094.4,-23.8
2026-09-08T10:19:11.266Z,-68.75,5.78,1094.4,-23.6
2026-09-08T10:19:26.530Z,-68.75,5.79,1094.4,-23.7
2026-09-08T10:19:42.178Z,-68.75,5.78,1094.4,-23.7
2026-09-08T10:19:56.450Z,-68.75,5.78,1094.4,-23.9
2026-09-08T10:20:10.690Z,-68.75,5.79,1094.4,-24.1
2026-09-08T10:20:25.442Z,-68.75,5.79,1094.4,-24.1
2026-09-08T10:20:39.586Z,-68.75,5.78,1094.4,-24.2
2026-09-08T10:20:54.274Z,-68.75,5.79,1094.4,-24.2
2026-09-08T10:21:08.386Z,-68.75,5.79,1094.4,-24.2
2026-09-08T10:21:22.754Z,-68.75,5.78,1094.4,-24.2
2026-09-08T10:21:36.994Z,-68.75,5.78,1094.4,-24.2
2026-09-08T10:21:51.778Z,-68.75,5.78,1094.4,-24.4
2026-09-08T10:22:06.434Z,-68.75,5.78,1094.4,-24.3
2026-09-08T10:22:20.834Z,-68.75,5.79,1094.4,-22.3
2026-09-08T10:22:35.938Z,-68.75,5.79,1094.4,-24.2
2026-09-08T10:22:51.362Z,-68.75,5.79,1094.4,-24.1
2026-09-08T10:23:05.698Z,-68.75,5.78,1094.4,-24.1
2026-09-08T10:23:20.930Z,-68.75,5.78,1094.4,-24.2
2026-09-08T10:23:35.266Z,-68.75,5.79,1094.4,-24.1
2026-09-08T10:23:49.730Z,-68.75,5.78,1094.4,-24.1
2026-09-08T10:24:04.258Z,-68.75,5.79,1094.4,-24.1
2026-09-08T10:24:18.850Z,-68.75,5.78,1094.4,-24.1
2026-09-08T10:24:34.466Z,-68.75,5.79,1094.4,-21.9
2026-09-08T10:24:49.410Z,-68.75,5.8,1094.4,-23.8
2026-09-08T10:25:03.874Z,-68.75,5.8,1094.5,-23.7
2026-09-08T10:25:19.138Z,-68.75,5.79,1094.5,-23.7
2026-09-08T10:25:34.818Z,-68.75,5.79,1094.5,-23.6
2026-09-08T10:25:50.818Z,-68.75,5.79,1094.6,-23.6
2026-09-08T10:26:06.146Z,-68.75,5.8,1094.5,-23.7
2026-09-08T10:26:21.442Z,-68.75,5.79,1094.6,-23.7
2026-09-08T10:26:36.674Z,-68.75,5.79,1094.5,-23.6
2026-09-08T10:26:51.490Z,-68.75,5.8,1094.6,-23.6
2026-09-08T10:27:06.274Z,-68.75,5.8,1094.6,-23.5
2026-09-08T10:34:23.362Z,-68.75,5.8,1094.7,-23.5
2026-09-08T10:34:39.618Z,-68.75,5.79,1094.7,-23.8
2026-09-08T10:34:54.146Z,-68.75,5.8,1094.6,-23.8
2026-09-08T10:35:08.418Z,-68.75,5.79,1094.6,-23.8
2026-09-08T10:35:52.898Z,-68.75,5.79,1094.6,-23.9
2026-09-08T10:36:08.578Z,-68.75,5.79,1094.6,-24
2026-09-08T10:36:22.978Z,-68.75,5.81,1094.9,-24
2026-09-08T10:36:37.474Z,-68.75,5.81,1094.8,-24
2026-09-08T10:36:52.354Z,-68.75,5.8,1095,-22.1
2026-09-08T10:37:06.726Z,-68.75,5.8,1094.8,-23.7
2026-09-08T10:37:21.506Z,-68.75,5.8,1094.8,-23.7
2026-09-10T09:03:08.629Z,-10,5.78,1096.7,3.4
2026-09-10T09:03:41.252Z,-10,5.78,1096.6,3.4
2026-09-10T09:03:54.702Z,-10,5.78,1096.6,3.3
2026-09-10T09:04:08.205Z,-10,5.78,1096.6,3.4
2026-09-10T09:04:21.813Z,-10,5.77,1096.7,3.3
2026-09-10T09:04:35.833Z,-10,5.77,1096.6,3.4
2026-09-10T09:04:49.670Z,-10,5.77,1096.7,3.4
2026-09-10T09:05:03.142Z,-10,5.77,1096.8,3.4
2026-09-10T09:05:16.678Z,-10,5.78,1096.6,3.4
2026-09-10T09:05:30.261Z,-10,5.78,1096.7,3.3
2026-09-10T09:05:44.078Z,-10,5.78,1096.7,3.3
2026-09-10T09:05:57.604Z,-10,5.78,1096.7,3
2026-09-10T09:06:11.311Z,-10,5.78,1096.7,3.3
2026-09-10T09:06:24.729Z,-10,5.78,1096.7,3.3
2026-09-10T09:06:38.316Z,-10,5.78,1096.7,3.4
2026-09-10T09:06:52.271Z,-10,5.77,1096.7,3.4
2026-09-10T09:06:53.614Z,-10,5.76,1096.7,2.9
2026-09-10T09:07:05.664Z,-10,5.77,1096.7,3.3
2026-09-10T09:07:14.926Z,-10,5.76,1096.8,2.9
2026-09-10T09:07:19.851Z,-10,5.77,1096.7,3.4
2026-09-10T09:07:33.422Z,-10,5.77,1096.7,3.3
2026-09-10T09:07:46.871Z,-10,5.77,1096.7,3.3
2026-09-10T09:08:00.738Z,-10,5.77,1096.7,3.3
2026-09-10T09:08:14.312Z,-10,5.77,1096.7,3.3
2026-09-10T09:08:27.826Z,-10,5.77,1096.7,3.3
2026-09-10T09:08:41.365Z,-10,5.77,1096.7,3.3
2026-09-10T09:12:46.568Z,-10,5.76,1096.7,3
2026-09-10T09:13:04.423Z,-10,5.76,1096.7,2.9
2026-09-10T09:13:18.109Z,-10,5.76,1096.6,2.9
2026-09-10T09:13:31.748Z,-10,5.76,1096.6,3
2026-09-10T09:13:45.168Z,-10,5.76,1096.7,2.9
2026-09-10T09:13:59.164Z,-10,5.76,1096.7,2.9
2026-09-10T09:14:12.616Z,-10,5.76,1096.7,2.9
2026-09-10T09:14:26.002Z,-10,5.76,1096.7,2.9
2026-09-10T09:14:39.598Z,-10,5.76,1096.6,2.9
2026-09-10T09:14:53.177Z,-10,5.76,1096.6,2.9
2026-09-10T09:15:07.054Z,-10,5.76,1096.6,2.9
2026-09-10T09:15:20.997Z,-10,5.76,1096.7,3
2026-09-10T09:15:34.538Z,-10,5.76,1096.7,3
2026-09-10T09:15:48.068Z,-10,5.76,1096.6,3
2026-09-10T09:16:01.698Z,-10,5.76,1096.6,2.9
2026-09-10T09:16:16.302Z,-10,5.76,1096.7,2.9
2026-09-10T09:16:29.917Z,-10,5.77,1096.7,3
2026-09-10T09:16:43.426Z,-10,5.76,1096.6,2.9
2026-09-10T09:16:51.528Z,-10,5.78,1096.4,3.3
2026-09-10T09:16:57.036Z,-10,5.77,1096.6,5.8
2026-09-10T09:17:10.833Z,-10,5.77,1096.6,2.9
2026-09-10T09:17:12.839Z,-10,5.77,1096.4,3
2026-09-10T09:17:24.790Z,-10,5.78,1096.7,3
2026-09-10T09:17:38.254Z,-10,5.78,1096.7,2.9
2026-09-10T09:17:51.793Z,-10,5.79,1096.7,2.9
2026-09-10T09:18:05.494Z,-10,5.79,1096.6,3
2026-09-10T09:18:19.116Z,-10,5.78,1096.6,2.9
2026-09-10T09:18:33.672Z,-10,5.79,1096.4,3
2026-09-10T09:18:47.258Z,-10,5.78,1096.4,3
2026-09-10T09:19:00.794Z,-10,5.78,1096.4,3
2026-09-10T09:20:22.337Z,-10,5.77,1096.4,3
2026-09-10T09:20:35.761Z,-10,5.77,1096.4,3.4
2026-09-10T09:20:49.969Z,-10,5.77,1096.4,3
2026-09-10T09:21:03.729Z,-10,5.76,1096.4,3
2026-09-10T09:21:17.994Z,-10,5.76,1096.4,3
2026-09-10T09:21:33.135Z,-10,5.76,1096.4,3.3
2026-09-10T09:22:01.979Z,-10,5.76,1096.4,3.3
2026-09-10T09:22:25.740Z,-10,5.76,1096.4,2.6
2026-09-10T09:22:41.448Z,-10,5.76,1096.4,3
2026-09-10T09:22:56.120Z,-10,5.76,1096.4,3
2026-09-10T09:23:21.863Z,-10,5.76,1096.4,2.9
2026-09-10T09:23:38.360Z,-10,5.76,1096.4,3
2026-09-10T09:23:56.765Z,-10,5.76,1096.4,3
2026-09-10T09:24:24.059Z,-10,5.76,1096.4,3
2026-09-10T09:24:53.091Z,-10,5.76,1096.4,2.9
2026-09-10T09:25:15.048Z,-10,5.76,1096.4,3.3
2026-09-10T09:25:32.950Z,-10,5.76,1096.4,3
2026-09-10T09:25:42.501Z,-10,5.76,1096.5,3
2026-09-10T09:25:48.733Z,-10,5.76,1096.4,3
2026-09-10T09:26:05.606Z,-10,5.76,1096.4,3
2026-09-10T09:26:05.662Z,-10,5.76,1096.4,3.3
2026-09-10T09:26:20.054Z,-10,5.76,1096.4,3
2026-09-10T09:26:20.508Z,-10,5.76,1096.4,3.3
2026-09-10T09:26:34.518Z,-10,5.77,1096.4,3
2026-09-10T09:26:35.259Z,-10,5.77,1096.4,3
2026-09-10T09:26:49.628Z,-10,5.77,1096.4,3
2026-09-10T09:26:49.724Z,-10,5.77,1096.4,3
2026-09-10T09:27:06.329Z,-10,5.77,1096.4,3
2026-09-10T09:27:07.173Z,-10,5.77,1096.4,3.3
2026-09-10T09:27:24.854Z,-10,5.77,1096.4,3
2026-09-10T09:27:25.265Z,-10,5.77,1096.4,3
2026-09-10T09:27:41.580Z,-10,5.77,1096.4,3
2026-09-10T09:27:42.566Z,-10,5.77,1096.4,3
2026-09-10T09:27:55.581Z,-10,5.77,1096.2,3
2026-09-10T09:27:57.075Z,-10,5.77,1096.2,3.3
2026-09-10T09:28:09.881Z,-10,5.77,1096.2,3.3
2026-09-10T09:28:11.743Z,-10,5.77,1096.2,3.7
2026-09-10T09:28:28.013Z,-10,5.78,1096.1,3179.2
2026-09-10T09:28:31.186Z,-10,5.79,1096.2,3177
2026-09-10T09:28:57.029Z,-10,5.79,1096.3,3244.4
2026-09-10T09:28:57.204Z,-10,5.79,1096.4,3245.1
2026-09-10T09:29:12.572Z,-10,5.78,1096.3,3242.1
2026-09-10T09:29:16.997Z,-10,5.78,1096.3,3239.9
2026-09-10T09:29:27.849Z,-10,5.78,1096.3,3236.9
2026-09-10T09:29:32.016Z,-10,5.78,1096.3,3238.4
2026-09-10T09:29:43.911Z,-10,5.77,1096.3,3236.2
2026-09-10T09:29:47.403Z,-10,5.77,1096.3,3243.6
2026-09-10T09:29:59.488Z,-10,5.75,1096.4,3277.3
2026-09-10T09:30:04.176Z,-10,5.75,1096.3,3280.3
2026-09-10T09:30:16.537Z,-10,5.73,1096.3,3284.8
2026-09-10T09:30:21.608Z,-10,5.72,1096.3,3285.6
2026-09-10T09:30:31.826Z,-10,5.71,1096.4,3287.1
2026-09-10T09:30:36.511Z,-10,5.71,1096.3,3287.9
2026-09-10T09:30:47.232Z,-10,5.7,1096.3,3288.6
2026-09-10T09:30:52.449Z,-10,5.7,1096.3,3288.6
2026-09-10T09:31:02.429Z,-10,5.69,1096.4,3288.6
2026-09-10T09:31:07.760Z,-10,5.69,1096.3,3288.6
2026-09-10T09:31:26.000Z,-10,5.68,1096.3,3283.3
2026-09-10T09:31:31.100Z,-10,5.68,1096.3,3287.1
2026-09-10T09:31:42.479Z,-10,5.69,1096.4,3284.8
2026-09-10T09:31:48.015Z,-10,5.7,1096.3,3284.1
2026-09-10T09:31:57.361Z,-10,5.72,1096.3,3284.1
2026-09-10T09:32:18.510Z,-10,5.74,1096.4,3281.8
2026-09-10T09:32:23.195Z,-10,5.74,1096.3,3280.3
2026-09-10T09:32:37.224Z,-10,5.74,1096.4,3278.1
2026-09-10T09:32:38.378Z,-10,5.74,1096.3,3281.8
2026-09-10T09:32:59.451Z,-10,5.72,1096.3,3205.7
2026-09-10T09:33:02.957Z,-10,5.73,1096.3,3199.1
2026-09-10T09:33:15.753Z,-10,5.75,1096.4,3192.5
2026-09-10T09:33:18.052Z,-10,5.76,1096.3,3193.9
2026-09-10T09:33:35.185Z,-10,5.76,1096.3,3260.1
2026-09-10T09:33:35.316Z,-10,5.77,1096.4,3259.3